name,path,error
Exchange Reserve,/v1/btc/exchange-flows/reserve,HTTPError('400 Client Error: Bad Request for url: https://api.cryptoquant.com/v1/btc/exchange-flows/reserve?window=day&from=2016-07-06&to=2026-07-06&exchange=all_exchange')
Exchange Inflow,/v1/btc/exchange-flows/inflow,HTTPError('400 Client Error: Bad Request for url: https://api.cryptoquant.com/v1/btc/exchange-flows/inflow?window=day&from=2016-07-06&to=2026-07-06&exchange=all_exchange')
Exchange Outflow,/v1/btc/exchange-flows/outflow,HTTPError('400 Client Error: Bad Request for url: https://api.cryptoquant.com/v1/btc/exchange-flows/outflow?window=day&from=2016-07-06&to=2026-07-06&exchange=all_exchange')
Exchange Netflow,/v1/btc/exchange-flows/netflow,HTTPError('400 Client Error: Bad Request for url: https://api.cryptoquant.com/v1/btc/exchange-flows/netflow?window=day&from=2016-07-06&to=2026-07-06&exchange=all_exchange')
Exchange Transactions Count Inflow,/v1/btc/exchange-flows/transactions-count-inflow,HTTPError('404 Client Error: Not Found for url: https://api.cryptoquant.com/v1/btc/exchange-flows/transactions-count-inflow?window=day&from=2016-07-06&to=2026-07-06&exchange=all_exchange')
Exchange Transactions Count Outflow,/v1/btc/exchange-flows/transactions-count-outflow,HTTPError('404 Client Error: Not Found for url: https://api.cryptoquant.com/v1/btc/exchange-flows/transactions-count-outflow?window=day&from=2016-07-06&to=2026-07-06&exchange=all_exchange')
Miner Reserve,/v1/btc/miner-flows/reserve,HTTPError('400 Client Error: Bad Request for url: https://api.cryptoquant.com/v1/btc/miner-flows/reserve?window=day&from=2016-07-06&to=2026-07-06&miner=all_miner')
Miner Inflow,/v1/btc/miner-flows/inflow,HTTPError('400 Client Error: Bad Request for url: https://api.cryptoquant.com/v1/btc/miner-flows/inflow?window=day&from=2016-07-06&to=2026-07-06&miner=all_miner')
Miner Outflow,/v1/btc/miner-flows/outflow,HTTPError('400 Client Error: Bad Request for url: https://api.cryptoquant.com/v1/btc/miner-flows/outflow?window=day&from=2016-07-06&to=2026-07-06&miner=all_miner')
Miner Netflow,/v1/btc/miner-flows/netflow,HTTPError('400 Client Error: Bad Request for url: https://api.cryptoquant.com/v1/btc/miner-flows/netflow?window=day&from=2016-07-06&to=2026-07-06&miner=all_miner')
Hashrate,/v1/btc/network-data/hashrate,HTTPError('400 Client Error: Bad Request for url: https://api.cryptoquant.com/v1/btc/network-data/hashrate?window=day&from=2016-07-06&to=2026-07-06')
Difficulty,/v1/btc/network-data/difficulty,HTTPError('400 Client Error: Bad Request for url: https://api.cryptoquant.com/v1/btc/network-data/difficulty?window=day&from=2016-07-06&to=2026-07-06')
Active Addresses,/v1/btc/network-data/active-addresses,HTTPError('404 Client Error: Not Found for url: https://api.cryptoquant.com/v1/btc/network-data/active-addresses?window=day&from=2016-07-06&to=2026-07-06')
New Addresses,/v1/btc/network-data/new-addresses,HTTPError('404 Client Error: Not Found for url: https://api.cryptoquant.com/v1/btc/network-data/new-addresses?window=day&from=2016-07-06&to=2026-07-06')
Transaction Count,/v1/btc/network-data/transactions-count,HTTPError('400 Client Error: Bad Request for url: https://api.cryptoquant.com/v1/btc/network-data/transactions-count?window=day&from=2016-07-06&to=2026-07-06')
Tokens Transferred,/v1/btc/network-data/tokens-transferred,HTTPError('400 Client Error: Bad Request for url: https://api.cryptoquant.com/v1/btc/network-data/tokens-transferred?window=day&from=2016-07-06&to=2026-07-06')
Fees Total,/v1/btc/network-data/fees,HTTPError('400 Client Error: Bad Request for url: https://api.cryptoquant.com/v1/btc/network-data/fees?window=day&from=2016-07-06&to=2026-07-06')
MVRV Ratio,/v1/btc/flow-indicator/mvrv,HTTPError('404 Client Error: Not Found for url: https://api.cryptoquant.com/v1/btc/flow-indicator/mvrv?window=day&from=2016-07-06&to=2026-07-06')
SOPR,/v1/btc/flow-indicator/sopr,HTTPError('404 Client Error: Not Found for url: https://api.cryptoquant.com/v1/btc/flow-indicator/sopr?window=day&from=2016-07-06&to=2026-07-06')
Puell Multiple,/v1/btc/flow-indicator/puell-multiple,HTTPError('404 Client Error: Not Found for url: https://api.cryptoquant.com/v1/btc/flow-indicator/puell-multiple?window=day&from=2016-07-06&to=2026-07-06')
NUPL,/v1/btc/flow-indicator/nupl,HTTPError('404 Client Error: Not Found for url: https://api.cryptoquant.com/v1/btc/flow-indicator/nupl?window=day&from=2016-07-06&to=2026-07-06')
Mean Coin Age,/v1/btc/flow-indicator/mean-coin-age,HTTPError('404 Client Error: Not Found for url: https://api.cryptoquant.com/v1/btc/flow-indicator/mean-coin-age?window=day&from=2016-07-06&to=2026-07-06')
Open Interest,/v1/btc/market-data/open-interest,HTTPError('400 Client Error: Bad Request for url: https://api.cryptoquant.com/v1/btc/market-data/open-interest?window=day&from=2016-07-06&to=2026-07-06&exchange=all_exchange&symbol=all_symbol')
Funding Rates,/v1/btc/market-data/funding-rates,HTTPError('429 Client Error: Too Many Requests for url: https://api.cryptoquant.com/v1/btc/market-data/funding-rates?window=day&from=2016-07-06&to=2026-07-06&exchange=all_exchange&symbol=all_symbol')
Taker Buy Sell Ratio,/v1/btc/market-data/taker-buy-sell-ratio,HTTPError('429 Client Error: Too Many Requests for url: https://api.cryptoquant.com/v1/btc/market-data/taker-buy-sell-ratio?window=day&from=2016-07-06&to=2026-07-06&exchange=all_exchange&symbol=all_symbol')
Estimated Leverage Ratio,/v1/btc/market-data/estimated-leverage-ratio,HTTPError('404 Client Error: Not Found for url: https://api.cryptoquant.com/v1/btc/market-data/estimated-leverage-ratio?window=day&from=2016-07-06&to=2026-07-06&exchange=all_exchange')
Long Liquidations,/v1/btc/market-data/liquidations-long,HTTPError('429 Client Error: Too Many Requests for url: https://api.cryptoquant.com/v1/btc/market-data/liquidations-long?window=day&from=2016-07-06&to=2026-07-06&exchange=all_exchange&symbol=all_symbol')
Short Liquidations,/v1/btc/market-data/liquidations-short,HTTPError('429 Client Error: Too Many Requests for url: https://api.cryptoquant.com/v1/btc/market-data/liquidations-short?window=day&from=2016-07-06&to=2026-07-06&exchange=all_exchange&symbol=all_symbol')
