feature,corr_full_train,abs_corr_full_train,corr_first_half,corr_second_half,stable_sign
AF BTC Close Location Z 14D,-0.07255920275202098,0.07255920275202098,-0.05883588837488496,-0.08624655937880236,True
AF BTC Return Percentile 30D,-0.0659933766363964,0.0659933766363964,-0.05047117927712663,-0.08145005187586922,True
AF BTC Intraday Return,-0.06487984632445741,0.06487984632445741,-0.05437574271496857,-0.08030267239294142,True
AF BTC Return 1D,-0.06474541801772428,0.06474541801772428,-0.05424053687926917,-0.08018253264606862,True
AF BTC Reversal 1D,0.06474541801772428,0.06474541801772428,0.05424053687926917,0.08018253264606862,True
AF BTC Close Location,-0.0632013009099104,0.0632013009099104,-0.056602494812211135,-0.07298986709940368,True
AF BTC Momentum Accel 7D,-0.0610443204036207,0.0610443204036207,-0.05518248631023716,-0.06973855126492533,True
AF BTC Momentum Accel 3D,-0.05677023242242177,0.05677023242242177,-0.04714872050649425,-0.07021354193418039,True
AF BTC MA Gap 3D,-0.05100607650713229,0.05100607650713229,-0.041308458200051176,-0.06541296438968451,True
AF BTC Return 2D,-0.04868727302841278,0.04868727302841278,-0.04180680899099121,-0.05941362022666211,True
AF CPI Last Release Chg,-0.045931778390629736,0.045931778390629736,-0.02410991322077057,-0.04078850306755356,True
AF CPI Last Release Pct Chg,-0.04296409315935656,0.04296409315935656,-0.02234940481203314,-0.03769205981421064,True
AF BTC Volume Z 14D,0.039715373392498386,0.039715373392498386,0.04115318382372726,0.03763595933732653,True
AF M2 Money Supply Accel 7D,-0.036455837883718034,0.036455837883718034,-0.013581397728476012,-0.07075308411520302,True
AF BTC MA Gap 7D,-0.03605198977726872,0.03605198977726872,-0.02756613020232775,-0.048863780481372326,True
AF SP500 Delta 1D,-0.03564918931246769,0.03564918931246769,-0.025490457057676642,-0.04332149294119361,True
AF BTC Volume Z 30D,0.0354938153744319,0.0354938153744319,0.04039816508820746,0.030165851522384247,True
AF Nasdaq Delta 1D,-0.035237137220941114,0.035237137220941114,-0.024127817447982477,-0.04324005232412381,True
AF SP500 Pct 1D,-0.03518158553454076,0.03518158553454076,-0.027699760396694036,-0.044018763219181405,True
AF Nasdaq Pct 1D,-0.03376458228136809,0.03376458228136809,-0.02304599100726783,-0.044286931265391995,True
AF BTC Return 3D,-0.033587376628502585,0.033587376628502585,-0.026065531132247476,-0.045235715807662814,True
AF Copper Pct 1D,-0.033180544981276885,0.033180544981276885,-0.046513445896278045,-0.02255265789297701,True
AF SP500 Accel 7D,-0.03281365935266942,0.03281365935266942,-0.030726678213271314,-0.034890289477625645,True
AF Copper Delta 1D,-0.030188595252599124,0.030188595252599124,-0.04666520718150382,-0.023114227596274167,True
AF BTC Return 5D,-0.029442044916346517,0.029442044916346517,-0.024224343485913832,-0.038355561604012545,True
AF Silver Pct 1D,-0.029006310799767832,0.029006310799767832,-0.06231581316078408,-0.0045860174091576986,True
AF Nasdaq Accel 7D,-0.02878484842281106,0.02878484842281106,-0.028882306695508873,-0.0303813003352019,True
AF Natural Gas Z 14D,-0.027970174239430854,0.027970174239430854,-0.040794775226806385,-0.012797930412558152,True
AF Dow Pct 1D,-0.02767254215226268,0.02767254215226268,-0.02467537129616278,-0.03307026805266917,True
AF 10Y Treasury Yield Z 30D,-0.027302768050258622,0.027302768050258622,-0.03936615833579189,-0.007353987654678901,True
AF Oil Z 14D,-0.026842099770472735,0.026842099770472735,-0.025556191289765495,-0.02662496411603265,True
AF Dow Accel 7D,-0.026769232364332082,0.026769232364332082,-0.02855920451487464,-0.02497323775175113,True
AF Silver Delta 1D,-0.026735591155428298,0.026735591155428298,-0.06339385492741877,-0.010563355442157628,True
AF Dow Delta 1D,-0.02621062775438658,0.02621062775438658,-0.021468056521775452,-0.030726267394320918,True
AF Natural Gas Pct 1D,-0.025727858018746445,0.025727858018746445,-0.030931864703118376,-0.023088179966112315,True
AF Fed Funds Rate Pct 1D,-0.024752158091890734,0.024752158091890734,-0.02319589218089788,-0.025097087692518352,True
AF Copper Accel 7D,-0.024278927587489688,0.024278927587489688,-0.03920546668871973,-0.01803115289996383,True
AF Fed Funds Rate Last Release Pct Chg,-0.023914082790938006,0.023914082790938006,0.0184499658217859,-0.03987303281452866,False
AF Fed Funds Rate Last Release Chg,-0.023912232299971102,0.023912232299971102,0.017453105206412182,-0.043927971469108824,False
AF Natural Gas Z 30D,-0.02386763410921188,0.02386763410921188,-0.03136510216470554,-0.01022168919009409,True
AF M2 Money Supply Delta 1D,-0.023693400859402556,0.023693400859402556,-0.008151008284819043,-0.04878196324769525,True
AF 10Y Treasury Yield Z 14D,-0.02341853832860973,0.02341853832860973,-0.02580677444538289,-0.014482287918280245,True
AF Oil Z 30D,-0.023363803402168832,0.023363803402168832,-0.020559414529596892,-0.02455112586312496,True
AF M2 Money Supply Last Release Pct Chg,0.022655934589793512,0.022655934589793512,-0.007883590744744009,0.05058368655814059,False
AF M2 Money Supply Last Release Chg,0.02218091657703071,0.02218091657703071,-0.009340102583688791,0.050019235652720775,False
AF Gold Z 14D,-0.02091965274463588,0.02091965274463588,-0.03791856942291145,-0.00632797906158259,True
AF Silver Accel 7D,-0.020284104960697984,0.020284104960697984,-0.04824179274167044,-0.008515577457061108,True
AF 10Y Treasury Yield Pct 1D,0.020262779797636292,0.020262779797636292,0.023931069569032012,0.01797635758723048,True
AF M2 Money Supply Pct 1D,-0.019917074209071503,0.019917074209071503,-0.00808325088656173,-0.04631060504729552,True
AF 10Y Treasury Yield Accel 7D,0.019634560131270056,0.019634560131270056,0.024397729195713976,0.01693869848483025,True
AF Dow Z 30D,0.01949433559677078,0.01949433559677078,0.03347014894074738,0.0018122076584449799,True
AF BTC MA Gap 14D,-0.018646862436602338,0.018646862436602338,-0.006768934990303101,-0.03584538700355712,True
AF Oil Pct 1D,-0.01840783030451185,0.01840783030451185,-0.023480749532870507,-0.010546135751853323,True
AF BTC Range Z 30D,0.01714238677586721,0.01714238677586721,0.008035672539263404,0.028086615298828572,True
AF Silver Z 14D,-0.01559602919875151,0.01559602919875151,-0.0382132311434377,0.00593417426061395,False
AF Silver Z 30D,-0.015582283787689803,0.015582283787689803,-0.021777617571476723,-0.007452758482885171,True
AF Dollar Index Delta 1D,0.01517433426345113,0.01517433426345113,0.04059630079588239,-0.005433292747349514,False
AF Dollar Index Pct 1D,0.015137897453056024,0.015137897453056024,0.03814217078849189,-0.004672516805647133,False
AF BTC Range Pct,0.014672231251892334,0.014672231251892334,-0.004729914728417075,0.04019663032922406,False
AF Copper Z 30D,-0.013946662508419406,0.013946662508419406,-0.025199154182627817,0.0011657613093773718,False
AF BTC Vol Shock 30D,0.013696210144079799,0.013696210144079799,0.0090263437333545,0.018716219491748867,True
AF Copper Z 14D,-0.012727193487085975,0.012727193487085975,-0.018310566260961173,-0.005183358019255432,True
AF Fed Funds Rate Delta 1D,-0.012659871917953671,0.012659871917953671,-0.011901844187538797,-0.0103357489816638,True
AF Gold Pct 1D,-0.01254375484432901,0.01254375484432901,-0.04722742325750377,0.018482390830343316,False
AF 10Y Treasury Yield Delta 1D,0.012200599550699296,0.012200599550699296,0.024022619753226934,0.005941311572431911,True
AF Unemployment Rate Pct 1D,-0.011305783093964057,0.011305783093964057,-0.023165376044536504,0.035781040347110854,False
AF Dollar Index Accel 7D,0.010671538085053618,0.010671538085053618,0.03512306514887931,-0.009496024449473447,False
AF USDCNY Z 14D,0.010074152956727601,0.010074152956727601,0.007306471104842859,0.012588595485365478,True
AF CPI Accel 7D,0.009330871904528514,0.009330871904528514,-0.012952587470785865,0.0200517104426908,False
AF SP500 Z 30D,0.009165300069561889,0.009165300069561889,0.03219267391733361,-0.015219703301944245,False
AF Natural Gas Delta 1D,-0.00897964113336666,0.00897964113336666,-0.025377120470429154,-0.0035168972370483486,True
AF Unemployment Rate Delta 1D,-0.008884276414979705,0.008884276414979705,-0.021593032221147796,0.029945813017612944,False
AF Gold Delta 1D,-0.008666935056695696,0.008666935056695696,-0.04866008021595425,0.01814976178458703,False
AF BTC Vol Shock 7D,0.008251506240262383,0.008251506240262383,-0.00045767502140935747,0.017962940381495162,False
AF Fed Funds Rate Accel 7D,-0.008046126025450833,0.008046126025450833,-0.020095587694889363,0.002254308093504324,False
AF GDP Accel 7D,0.007721268908841545,0.007721268908841545,0.04732398757028069,-0.005963718331329117,False
AF Nasdaq Z 30D,0.006341333936066397,0.006341333936066397,0.040996046803091615,-0.031208352529146603,False
AF GDP Pct 1D,0.0062361421857814545,0.0062361421857814545,0.028963227053551907,-0.0020474028585511397,False
AF Nasdaq Z 14D,-0.005482129904740573,0.005482129904740573,0.03131734175162346,-0.04536130955779446,False
AF EURUSD Z 14D,0.00521998758828526,0.00521998758828526,-0.0033828954685714814,0.012661353907161254,False
AF Natural Gas Accel 7D,-0.005196094189382266,0.005196094189382266,-0.014389540790047704,-0.002280345575070292,True
AF EURUSD Accel 7D,0.004903041538722184,0.004903041538722184,-0.002734793586364319,0.012360803144984589,False
AF Unemployment Rate Accel 7D,-0.004704413955569521,0.004704413955569521,-0.019220388095045445,0.04806565627270598,False
AF BTC Range Z 14D,0.0046075388531630354,0.0046075388531630354,-0.007414144337036134,0.0246019421785177,False
AF Unemployment Rate Last Release Pct Chg,0.0045085674000027035,0.0045085674000027035,0.005155466892849808,-0.028295135462433972,False
AF GDP Delta 1D,0.00433715555497256,0.00433715555497256,0.0292965474517283,-0.003998993574763874,False
AF BTC Overnight Gap,0.004333932844047761,0.004333932844047761,-0.007222671834424423,0.03356452391291668,False
AF EURUSD Z 30D,0.004319144819435019,0.004319144819435019,-0.00011960289499234281,0.007744893258081278,False
AF Oil Delta 1D,-0.004062314174955477,0.004062314174955477,-0.001504178346822,-0.006987141428250014,True
AF Gold Accel 7D,-0.003846160463197953,0.003846160463197953,-0.03121969115873877,0.01460476461047705,False
AF BTC Realized Vol 7D,0.0037628747360023236,0.0037628747360023236,-0.002768759248475564,0.001963726238575749,False
AF GDP Last Release Chg,-0.003716350465848743,0.003716350465848743,-0.03558682622562009,0.007764803636476608,False
AF Oil Accel 7D,0.0036343553114487987,0.0036343553114487987,0.0052377718177645406,0.0015844545683288843,True
AF BTC Realized Vol 14D,-0.0034263694999155324,0.0034263694999155324,-0.018607185781709317,0.0043080174876053545,False
AF GDP Last Release Pct Chg,-0.003209179255018258,0.003209179255018258,-0.035101009719286015,0.008792480595877925,False
AF BTC Realized Vol 3D,-0.0029393393495041184,0.0029393393495041184,-0.022126038133859535,0.016114368461453078,False
AF EURUSD Delta 1D,0.0029045815457735824,0.0029045815457735824,-0.0026563150453005418,0.008037280342248342,False
AF Dollar Index Z 14D,0.0028142227211976497,0.0028142227211976497,0.0324968869702002,-0.023584695797062613,False
AF CPI Delta 1D,-0.00267748910445962,0.00267748910445962,-0.01812298871587696,0.007351120637058199,False
AF USDCNY Pct 1D,-0.0025849287622058147,0.0025849287622058147,-0.015443624229641366,0.006692940726380839,False
AF CPI Pct 1D,-0.0023196923876048253,0.0023196923876048253,-0.016432545579656392,0.007804617022306769,False
AF Dollar Index Z 30D,0.0021932978113753734,0.0021932978113753734,0.0235760015132312,-0.015942202095947707,False
AF Gold Z 30D,0.0020344495263189158,0.0020344495263189158,-0.008188763737013568,0.010860664955031149,False
AF USDCNY Delta 1D,-0.001851685926976204,0.001851685926976204,-0.015213848015676804,0.007457861184975577,False
AF Dow Z 14D,0.0017716309709809774,0.0017716309709809774,0.03930765428580113,-0.03936788784391911,False
AF USDCNY Accel 7D,-0.0009633150840851367,0.0009633150840851367,-0.015027093106216529,0.008875586579515636,False
AF EURUSD Pct 1D,0.0008983931290130621,0.0008983931290130621,-0.004093875833099982,0.005303836859341714,False
AF USDCNY Z 30D,0.0008323522085521832,0.0008323522085521832,0.013216427283782061,-0.012032758755677591,False
AF BTC Volume Pct,0.0007163319894058761,0.0007163319894058761,-0.009386545148436476,0.011078766162780796,False
AF Unemployment Rate Last Release Chg,0.00044486480684546815,0.00044486480684546815,0.007308007500969076,-0.04522116698298136,False
AF SP500 Z 14D,0.0003605869463817158,0.0003605869463817158,0.03576831245066533,-0.036649950961947494,False
