horizon,fold,n_features,features
1,1,13,"FS Fee Reward Z 30D, FS Fee Reward Pct 14D, FS BTC Return 1D, FS Exch Netflow Z 30D, FS BTC Return 3D, FS MVRV Z 90D, FS M2 Change 90D, FS Oil Ret 1D, FS Gold Ret 1D, FS BTC Dist MA50, FS Fed Funds Delta 30D, FS Treasury Ret 1D, FS MVRV Pct 7D"
1,2,15,"FS Gold Ret 1D, FS Fee Reward Pct 14D, FS BTC Return 1D, FS BTC Vol 14D, FS BTC RSI 14D, FS BTC Vol 30D, FS BTC Volume Z 20D, FS Treasury Ret 1D, FS BTC Return 3D, FS BTC SP500 Corr 30D, FS CPI Change 90D, FS Hashrate Price Divergence 30D, FS Oil Ret 1D, FS Hashrate Accel 7D, FS BTC Range Pct 14D"
1,3,15,"FS Fee Reward Pct 14D, FS Active Addr Pct 7D, FS BTC Vol 14D, FS BTC RSI 14D, FS Hashrate Accel 7D, FS BTC Volume Z 20D, FS Gold Ret 1D, FS BTC Return 1D, FS BTC SP500 Corr 30D, FS Difficulty Change, FS BTC Vol 30D, FS MVRV Z 90D, FS BTC Vol Regime, FS Oil Ret 1D, FS BTC Return 7D"
1,4,15,"FS Hashrate Accel 7D, FS BTC RSI 14D, FS BTC Return 1D, FS Active Addr Pct 7D, FS MVRV Z 90D, FS BTC Vol 14D, FS Difficulty Change, FS Fed Funds Delta 30D, FS BTC Volume Z 20D, FS BTC SP500 Corr 30D, FS Fee Reward Pct 14D, FS Treasury Ret 1D, FS BTC Dist MA50, FS BTC Dist MA20, FS M2 Change 90D"
1,5,14,"FS BTC Return 1D, FS BTC RSI 14D, FS Difficulty Change, FS Hashrate Accel 7D, FS Gold Ret 1D, FS Active Addr Pct 7D, FS MVRV Z 90D, FS Treasury Ret 1D, FS Unemployment Delta 30D, FS BTC SP500 Corr 30D, FS BTC Vol 30D, FS SP500 Ret 1D, FS BTC Dist MA50, FS BTC Dist MA20"
1,6,13,"FS BTC Return 1D, FS BTC SP500 Corr 30D, FS Active Addr Pct 7D, FS Difficulty Change, FS BTC RSI 14D, FS MVRV Z 90D, FS BTC Volume Z 20D, FS Hashrate Accel 7D, FS Gold Ret 1D, FS Treasury Ret 1D, FS Unemployment Delta 30D, FS BTC Vol 30D, FS BTC Return 3D"
1,7,10,"FS BTC SP500 Corr 30D, FS BTC Return 1D, FS Active Addr Pct 7D, FS Difficulty Change, FS BTC Volume Z 20D, FS Fee Reward Pct 14D, FS Unemployment Delta 30D, FS Treasury Ret 1D, FS Fed Funds Delta 30D, FS BTC Return 3D"
1,8,12,"FS BTC Return 1D, FS BTC SP500 Corr 30D, FS Difficulty Change, FS Active Addr Pct 7D, FS BTC Volume Z 20D, FS Hashrate Accel 7D, FS Fee Reward Pct 14D, FS MVRV Z 90D, FS Unemployment Delta 30D, FS Treasury Ret 1D, FS Gold Ret 1D, FS BTC Return 3D"
7,1,15,"FS Unemployment Delta 30D, FS MVRV Z 90D, FS M2 Change 90D, FS Hashrate Price Divergence 30D, FS BTC Dist MA50, FS Fee Reward Z 30D, FS BTC Vol 30D, FS Fee Reward Pct 14D, FS Fed Funds Delta 30D, FS CPI Change 90D, FS BTC Dist MA20, FS Exch Netflow Sum 7D, FS Active Addr Pct 7D, FS BTC Return 1D, FS Difficulty Change"
7,2,14,"FS MVRV Z 90D, FS Exch Netflow Sum 7D, FS Fee Reward Pct 14D, FS Hashrate Price Divergence 30D, FS BTC Dist MA50, FS BTC Range Pct 14D, FS Exch Netflow Z 30D, FS Fee Reward Z 30D, FS Gold Ret 1D, FS Hashrate Accel 7D, FS Hashrate Growth 30D, FS BTC Vol 30D, FS BTC Vol 14D, FS MVRV Pct 7D"
7,3,12,"FS BTC SP500 Corr 30D, FS M2 Change 90D, FS Exch Netflow Sum 7D, FS Fed Funds Delta 30D, FS BTC RSI 14D, FS Exch Netflow Z 30D, FS BTC Volume Z 20D, FS Gold Ret 1D, FS Hashrate Growth 30D, FS Oil Ret 1D, FS Unemployment Delta 30D, FS BTC Vol Regime"
7,4,10,"FS Exch Netflow Sum 7D, FS BTC SP500 Corr 30D, FS BTC RSI 14D, FS BTC Vol 30D, FS Exch Netflow Z 30D, FS Fed Funds Delta 30D, FS Hashrate Growth 30D, FS Gold Ret 1D, FS BTC Volume Z 20D, FS BTC Vol Regime"
7,5,9,"FS Exch Netflow Sum 7D, FS Unemployment Delta 30D, FS BTC RSI 14D, FS Gold Ret 1D, FS Difficulty Change, FS Exch Netflow Z 30D, FS BTC Vol Regime, FS DXY Ret 1D, FS BTC Volume Z 20D"
7,6,12,"FS BTC SP500 Corr 30D, FS Exch Netflow Sum 7D, FS BTC RSI 14D, FS CPI Change 90D, FS Unemployment Delta 30D, FS Gold Ret 1D, FS Fed Funds Delta 30D, FS BTC Vol Regime, FS Difficulty Change, FS BTC Dist MA20, FS Exch Netflow Z 30D, FS BTC Volume Z 20D"
7,7,12,"FS CPI Change 90D, FS BTC RSI 14D, FS Unemployment Delta 30D, FS MVRV Z 90D, FS Exch Netflow Sum 7D, FS Fed Funds Delta 30D, FS BTC Dist MA20, FS Gold Ret 1D, FS Difficulty Change, FS BTC Dist MA50, FS BTC Volume Z 20D, FS Active Addr Pct 7D"
7,8,14,"FS CPI Change 90D, FS BTC RSI 14D, FS BTC SP500 Corr 30D, FS Unemployment Delta 30D, FS Exch Netflow Sum 7D, FS MVRV Z 90D, FS BTC Volume Z 20D, FS BTC Dist MA20, FS Difficulty Change, FS Active Addr Pct 7D, FS Fee Reward Pct 14D, FS Gold Ret 1D, FS Exch Netflow Z 30D, FS BTC Dist MA50"
30,1,14,"FS M2 Change 90D, FS MVRV Z 90D, FS BTC Dist MA50, FS BTC SP500 Corr 30D, FS Hashrate Price Divergence 30D, FS Unemployment Delta 30D, FS CPI Change 90D, FS BTC Dist MA20, FS BTC Vol 14D, FS BTC Vol 30D, FS BTC Vol Regime, FS Active Addr Pct 7D, FS BTC Return 7D, FS BTC RSI 14D"
30,2,14,"FS BTC Dist MA50, FS MVRV Z 90D, FS Hashrate Price Divergence 30D, FS Exch Netflow Sum 7D, FS BTC Dist MA20, FS BTC Vol 30D, FS Fee Reward Pct 14D, FS BTC Return 7D, FS BTC Vol 14D, FS Fee Reward Z 30D, FS Active Addr Pct 7D, FS Exch Netflow Z 30D, FS BTC RSI 14D, FS BTC Return 3D"
30,3,15,"FS M2 Change 90D, FS BTC Vol 30D, FS BTC Dist MA50, FS Hashrate Price Divergence 30D, FS BTC Vol 14D, FS Exch Netflow Sum 7D, FS Fed Funds Delta 30D, FS Active Addr Pct 7D, FS Fee Reward Pct 14D, FS MVRV Z 90D, FS BTC Dist MA20, FS Exch Netflow Z 30D, FS BTC Vol Regime, FS Fee Reward Z 30D, FS Oil Ret 1D"
30,4,12,"FS BTC Vol 30D, FS Exch Netflow Sum 7D, FS M2 Change 90D, FS BTC Vol 14D, FS BTC Range Pct 14D, FS Hashrate Price Divergence 30D, FS Active Addr Pct 7D, FS BTC Dist MA50, FS Exch Netflow Z 30D, FS BTC Dist MA20, FS BTC Vol Regime, FS Unemployment Delta 30D"
30,5,7,"FS Exch Netflow Sum 7D, FS Fed Funds Delta 30D, FS Active Addr Pct 7D, FS BTC RSI 14D, FS BTC Vol Regime, FS Exch Netflow Z 30D, FS Difficulty Change"
30,6,11,"FS Exch Netflow Sum 7D, FS CPI Change 90D, FS Fed Funds Delta 30D, FS BTC RSI 14D, FS Active Addr Pct 7D, FS BTC SP500 Corr 30D, FS Unemployment Delta 30D, FS Exch Netflow Z 30D, FS BTC Vol Regime, FS BTC Volume Z 20D, FS Difficulty Change"
30,7,11,"FS CPI Change 90D, FS Exch Netflow Sum 7D, FS BTC RSI 14D, FS Fed Funds Delta 30D, FS Active Addr Pct 7D, FS BTC Vol Regime, FS MVRV Pct 7D, FS BTC Return 3D, FS Exch Netflow Z 30D, FS M2 Change 90D, FS Hashrate Growth 30D"
30,8,8,"FS CPI Change 90D, FS Exch Netflow Sum 7D, FS Fed Funds Delta 30D, FS BTC RSI 14D, FS Active Addr Pct 7D, FS BTC Vol Regime, FS MVRV Z 90D, FS Difficulty Change"
