month,n_days,model_accuracy,baseline_accuracy,actual_up_rate,edge
2016-05-01,9,0.8888888888888888,0.7777777777777778,0.7777777777777778,0.11111111111111105
2016-06-01,30,0.6,0.6333333333333333,0.6333333333333333,-0.033333333333333326
2016-07-01,31,0.45161290322580644,0.41935483870967744,0.41935483870967744,0.032258064516129004
2016-08-01,31,0.45161290322580644,0.45161290322580644,0.45161290322580644,0.0
2016-09-01,30,0.5333333333333333,0.5333333333333333,0.5333333333333333,0.0
2016-10-01,31,0.6129032258064516,0.6129032258064516,0.6129032258064516,0.0
2016-11-01,30,0.6,0.6,0.6,0.0
2016-12-01,31,0.7096774193548387,0.7096774193548387,0.7096774193548387,0.0
2017-01-01,31,0.7096774193548387,0.6774193548387096,0.6774193548387096,0.032258064516129115
2017-02-01,28,0.7142857142857143,0.7142857142857143,0.7142857142857143,0.0
2017-03-01,31,0.5806451612903226,0.5806451612903226,0.5806451612903226,0.0
2017-04-01,30,0.6,0.6,0.6,0.0
2017-05-01,31,0.7419354838709677,0.7419354838709677,0.7419354838709677,0.0
2017-06-01,30,0.5666666666666667,0.5666666666666667,0.5666666666666667,0.0
2017-07-01,31,0.5483870967741935,0.5161290322580645,0.5161290322580645,0.032258064516129004
2017-08-01,31,0.6451612903225806,0.6451612903225806,0.6451612903225806,0.0
2017-09-01,30,0.5,0.4,0.4,0.09999999999999998
2017-10-01,31,0.6129032258064516,0.6451612903225806,0.6451612903225806,-0.032258064516129004
2017-11-01,30,0.6333333333333333,0.7,0.7,-0.06666666666666665
2017-12-01,31,0.4838709677419355,0.5483870967741935,0.5483870967741935,-0.06451612903225801
2018-01-01,31,0.5161290322580645,0.5161290322580645,0.5161290322580645,0.0
2018-02-01,28,0.32142857142857145,0.5357142857142857,0.5357142857142857,-0.21428571428571425
2018-03-01,31,0.3548387096774194,0.45161290322580644,0.45161290322580644,-0.09677419354838707
2018-04-01,30,0.6333333333333333,0.6333333333333333,0.6333333333333333,0.0
2018-05-01,31,0.41935483870967744,0.41935483870967744,0.41935483870967744,0.0
2018-06-01,30,0.5666666666666667,0.5666666666666667,0.5666666666666667,0.0
2018-07-01,31,0.6129032258064516,0.6129032258064516,0.6129032258064516,0.0
2018-08-01,31,0.5161290322580645,0.5161290322580645,0.5161290322580645,0.0
2018-09-01,30,0.4666666666666667,0.4666666666666667,0.4666666666666667,0.0
2018-10-01,31,0.5161290322580645,0.4838709677419355,0.4838709677419355,0.032258064516129004
2018-11-01,30,0.4,0.4666666666666667,0.4666666666666667,-0.06666666666666665
2018-12-01,31,0.5806451612903226,0.4838709677419355,0.4838709677419355,0.09677419354838712
2019-01-01,31,0.41935483870967744,0.4838709677419355,0.4838709677419355,-0.06451612903225806
2019-02-01,28,0.6071428571428571,0.6071428571428571,0.6071428571428571,0.0
2019-03-01,31,0.6129032258064516,0.5806451612903226,0.5806451612903226,0.032258064516129004
2019-04-01,30,0.6333333333333333,0.7,0.7,-0.06666666666666665
2019-05-01,31,0.5483870967741935,0.5806451612903226,0.5806451612903226,-0.032258064516129115
2019-06-01,30,0.6333333333333333,0.6333333333333333,0.6333333333333333,0.0
2019-07-01,31,0.5483870967741935,0.5161290322580645,0.5161290322580645,0.032258064516129004
2019-08-01,31,0.4838709677419355,0.5161290322580645,0.5161290322580645,-0.032258064516129004
2019-09-01,30,0.36666666666666664,0.3333333333333333,0.3333333333333333,0.033333333333333326
2019-10-01,31,0.45161290322580644,0.45161290322580644,0.45161290322580644,0.0
2019-11-01,30,0.43333333333333335,0.43333333333333335,0.43333333333333335,0.0
2019-12-01,31,0.45161290322580644,0.45161290322580644,0.45161290322580644,0.0
2020-01-01,31,0.5483870967741935,0.5483870967741935,0.5483870967741935,0.0
2020-02-01,29,0.3793103448275862,0.41379310344827586,0.41379310344827586,-0.03448275862068967
2020-03-01,31,0.41935483870967744,0.5161290322580645,0.5161290322580645,-0.09677419354838707
2020-04-01,30,0.4,0.5333333333333333,0.5333333333333333,-0.1333333333333333
2020-05-01,31,0.4838709677419355,0.6129032258064516,0.6129032258064516,-0.12903225806451613
2020-06-01,30,0.5333333333333333,0.4666666666666667,0.4666666666666667,0.06666666666666665
2020-07-01,31,0.41935483870967744,0.5806451612903226,0.5806451612903226,-0.16129032258064518
2020-08-01,31,0.45161290322580644,0.5483870967741935,0.5483870967741935,-0.09677419354838707
2020-09-01,30,0.4666666666666667,0.5333333333333333,0.5333333333333333,-0.06666666666666665
2020-10-01,31,0.41935483870967744,0.7096774193548387,0.7096774193548387,-0.2903225806451613
2020-11-01,30,0.43333333333333335,0.5666666666666667,0.5666666666666667,-0.1333333333333333
2020-12-01,31,0.3870967741935484,0.7096774193548387,0.7096774193548387,-0.32258064516129037
2021-01-01,31,0.4838709677419355,0.5161290322580645,0.5161290322580645,-0.032258064516129004
2021-02-01,28,0.4642857142857143,0.5357142857142857,0.5357142857142857,-0.0714285714285714
2021-03-01,31,0.41935483870967744,0.5806451612903226,0.5806451612903226,-0.16129032258064518
2021-04-01,30,0.43333333333333335,0.43333333333333335,0.43333333333333335,0.0
2021-05-01,31,0.6129032258064516,0.41935483870967744,0.41935483870967744,0.1935483870967742
2021-06-01,30,0.4666666666666667,0.5,0.5,-0.033333333333333326
2021-07-01,31,0.4838709677419355,0.6129032258064516,0.6129032258064516,-0.12903225806451613
2021-08-01,31,0.5161290322580645,0.5161290322580645,0.5161290322580645,0.0
2021-09-01,30,0.5,0.5333333333333333,0.5333333333333333,-0.033333333333333326
2021-10-01,31,0.6774193548387096,0.5483870967741935,0.5483870967741935,0.12903225806451613
2021-11-01,30,0.4666666666666667,0.5,0.5,-0.033333333333333326
2021-12-01,31,0.45161290322580644,0.45161290322580644,0.45161290322580644,0.0
2022-01-01,31,0.41935483870967744,0.4838709677419355,0.4838709677419355,-0.06451612903225806
2022-02-01,28,0.4642857142857143,0.5,0.5,-0.0357142857142857
2022-03-01,31,0.41935483870967744,0.5483870967741935,0.5483870967741935,-0.12903225806451607
2022-04-01,30,0.6333333333333333,0.43333333333333335,0.43333333333333335,0.19999999999999996
2022-05-01,31,0.5161290322580645,0.5161290322580645,0.5161290322580645,0.0
2022-06-01,30,0.5,0.4,0.4,0.09999999999999998
2022-07-01,31,0.3548387096774194,0.45161290322580644,0.45161290322580644,-0.09677419354838707
2022-08-01,31,0.45161290322580644,0.45161290322580644,0.45161290322580644,0.0
2022-09-01,30,0.5,0.4666666666666667,0.4666666666666667,0.033333333333333326
2022-10-01,31,0.5483870967741935,0.45161290322580644,0.45161290322580644,0.09677419354838707
2022-11-01,30,0.6,0.43333333333333335,0.43333333333333335,0.16666666666666663
2022-12-01,31,0.6129032258064516,0.45161290322580644,0.45161290322580644,0.16129032258064518
2023-01-01,31,0.5483870967741935,0.6774193548387096,0.6774193548387096,-0.12903225806451613
2023-02-01,28,0.35714285714285715,0.35714285714285715,0.35714285714285715,0.0
2023-03-01,31,0.45161290322580644,0.4838709677419355,0.4838709677419355,-0.03225806451612906
2023-04-01,30,0.5,0.4666666666666667,0.4666666666666667,0.033333333333333326
2023-05-01,31,0.5161290322580645,0.45161290322580644,0.45161290322580644,0.06451612903225806
2023-06-01,30,0.5333333333333333,0.5666666666666667,0.5666666666666667,-0.033333333333333326
2023-07-01,31,0.45161290322580644,0.45161290322580644,0.45161290322580644,0.0
2023-08-01,31,0.45161290322580644,0.3548387096774194,0.3548387096774194,0.09677419354838707
2023-09-01,30,0.5666666666666667,0.5,0.5,0.06666666666666665
2023-10-01,31,0.5483870967741935,0.5483870967741935,0.5483870967741935,0.0
2023-11-01,30,0.5,0.5,0.5,0.0
2023-12-01,31,0.6129032258064516,0.6129032258064516,0.6129032258064516,0.0
2024-01-01,31,0.3548387096774194,0.45161290322580644,0.45161290322580644,-0.09677419354838707
2024-02-01,29,0.4827586206896552,0.6896551724137931,0.6896551724137931,-0.20689655172413796
2024-03-01,31,0.5161290322580645,0.5483870967741935,0.5483870967741935,-0.032258064516129004
2024-04-01,30,0.6,0.4666666666666667,0.4666666666666667,0.1333333333333333
2024-05-01,31,0.6774193548387096,0.5161290322580645,0.5161290322580645,0.16129032258064513
2024-06-01,30,0.5,0.4666666666666667,0.4666666666666667,0.033333333333333326
2024-07-01,31,0.3870967741935484,0.4838709677419355,0.4838709677419355,-0.09677419354838712
2024-08-01,31,0.4838709677419355,0.41935483870967744,0.41935483870967744,0.06451612903225806
2024-09-01,30,0.36666666666666664,0.6,0.6,-0.23333333333333334
2024-10-01,31,0.3870967741935484,0.5161290322580645,0.5161290322580645,-0.12903225806451613
2024-11-01,30,0.4,0.6,0.6,-0.19999999999999996
2024-12-01,31,0.4838709677419355,0.5161290322580645,0.5161290322580645,-0.032258064516129004
2025-01-01,31,0.6129032258064516,0.5161290322580645,0.5161290322580645,0.09677419354838712
2025-02-01,28,0.39285714285714285,0.39285714285714285,0.39285714285714285,0.0
2025-03-01,31,0.6129032258064516,0.45161290322580644,0.45161290322580644,0.16129032258064518
2025-04-01,30,0.6,0.6,0.6,0.0
2025-05-01,31,0.6129032258064516,0.5483870967741935,0.5483870967741935,0.06451612903225812
2025-06-01,30,0.5333333333333333,0.5,0.5,0.033333333333333326
2025-07-01,31,0.4838709677419355,0.5161290322580645,0.5161290322580645,-0.032258064516129004
2025-08-01,31,0.5161290322580645,0.45161290322580644,0.45161290322580644,0.06451612903225806
2025-09-01,30,0.5,0.5333333333333333,0.5333333333333333,-0.033333333333333326
2025-10-01,31,0.5161290322580645,0.5483870967741935,0.5483870967741935,-0.032258064516129004
2025-11-01,30,0.36666666666666664,0.36666666666666664,0.36666666666666664,0.0
2025-12-01,31,0.5483870967741935,0.5483870967741935,0.5483870967741935,0.0
2026-01-01,31,0.45161290322580644,0.45161290322580644,0.45161290322580644,0.0
2026-02-01,28,0.35714285714285715,0.35714285714285715,0.35714285714285715,0.0
2026-03-01,31,0.4838709677419355,0.4838709677419355,0.4838709677419355,0.0
2026-04-01,30,0.6333333333333333,0.6333333333333333,0.6333333333333333,0.0
2026-05-01,31,0.45161290322580644,0.45161290322580644,0.45161290322580644,0.0
2026-06-01,30,0.36666666666666664,0.36666666666666664,0.36666666666666664,0.0
2026-07-01,5,1.0,1.0,1.0,0.0
