fold,k_regimes,regime_means,regime_up_freq,transition_matrix
1,2,"[0.0011568194551091753, -0.0007556853730998619]","[0.5104206960022764, 0.5066891301781331]","[[0.8995488642875211, 0.10045113571247888], [0.2626593400193565, 0.7373406599806436]]"
1,3,"[-0.0003563532670205896, 0.003154230111426299, -0.007805607496300501]","[0.5204079575335485, 0.5082530847796255, 0.48572282029032987]","[[0.9111034662504995, 0.015319046067882055, 0.07357748768161843], [0.03125678520718046, 0.8919178876773224, 0.07682532711549717], [0.0930749821605534, 0.4352432770648643, 0.47168174077458225]]"
2,2,"[0.0020075279901967946, 0.002395548883760528]","[0.5672797436072242, 0.5474679450860412]","[[0.8875895803108271, 0.11241041968917287], [0.2230525385762203, 0.7769474614237797]]"
2,3,"[0.000790285395687761, 0.005744982900848249, -0.005689621607895498]","[0.5816843164962153, 0.5532672135673673, 0.5377529582610147]","[[0.9328438937412299, 0.05403686142755425, 0.013119244831215848], [0.048112833565789964, 0.8334486576646454, 0.11843850876956463], [2.4883932084450667e-09, 0.380436571026695, 0.6195634264849118]]"
3,2,"[0.002807978119277512, 0.0028520234234708608]","[0.5652046033754231, 0.549014174939957]","[[0.926980069864238, 0.07301993013576202], [0.09684950460926887, 0.9031504953907311]]"
3,3,"[0.0010084774024236324, 0.004946140496498015, 0.0007909887972317512]","[0.578112442444182, 0.5579568773386109, 0.5404799324367169]","[[0.9420783002621108, 0.05131572421111157, 0.006605975526777663], [0.03054236487362891, 0.8968865771511149, 0.0725710579752562], [4.83370374227701e-09, 0.13429584779477854, 0.8657041473715177]]"
4,2,"[0.0019547263953265796, 0.0027213521955877945]","[0.5507666330644204, 0.54108747263914]","[[0.9127217463986913, 0.0872782536013087], [0.11352213166154791, 0.8864778683384521]]"
4,3,"[0.0005810817895537659, 0.003657640827252912, 0.0016489986331026814]","[0.5558038221541596, 0.5504064497218262, 0.5299719700186162]","[[0.8955687754741541, 0.08130884237249203, 0.023122382153353827], [0.06163071812661763, 0.8891546769555518, 0.049214604917830584], [3.4680209806351454e-10, 0.11233577163437501, 0.8876642280188229]]"
5,2,"[0.0021690507749707573, 0.0038896995688628452]","[0.5520912202936991, 0.5442408162227617]","[[0.8930033270291595, 0.10699667297084048], [0.14505380070074808, 0.854946199299252]]"
5,3,"[0.0007181764545310185, 0.00447396350442213, 0.0019201183860425445]","[0.5568999214630784, 0.551834404608371, 0.5322202016109577]","[[0.8857117187920283, 0.09476303535604041, 0.019525245851931272], [0.05962707523715617, 0.8815672657153536, 0.058805659047490244], [6.657793509946615e-11, 0.15577372015670046, 0.8442262797767216]]"
6,2,"[0.0018633532989053019, 0.0025685873909568114]","[0.5388514762410996, 0.537856439537369]","[[0.8689012691817122, 0.13109873081828782], [0.1586475768766193, 0.8413524231233807]]"
6,3,"[0.0007003558841087577, 0.003491349968345757, 0.00030458894207143926]","[0.5513182669814084, 0.5361636896567037, 0.5310467016758753]","[[0.9151124455088286, 0.06456766691203886, 0.0203198875791325], [0.03341290469244069, 0.8996235108197721, 0.06696358448778716], [1.2374187189020025e-09, 0.19323232765701842, 0.8067676711055629]]"
7,2,"[0.001395182208437336, 0.002919899219749234]","[0.5264432935819467, 0.5341882159149949]","[[0.8677774891900247, 0.13222251080997527], [0.16995664450744727, 0.8300433554925527]]"
7,3,"[0.0006078227296210971, 0.003175582347184418, 0.0019306031998582503]","[0.5276468823854638, 0.5307553536419157, 0.5309567882677134]","[[0.7124186697410342, 0.27402234156677896, 0.013558988692186857], [0.20697351926271718, 0.7686134941500609, 0.02441298658722202], [2.6046742772453727e-08, 0.06722836458892334, 0.9327716093643339]]"
8,2,"[0.0015605425674569593, 0.0028475237039830605]","[0.5261816621050388, 0.5322997712988453]","[[0.8770140981166025, 0.12298590188339753], [0.19090059089880668, 0.8090994091011934]]"
8,3,"[0.00047608063313050466, 0.003061655688902607, 0.0022631888450675266]","[0.5257481009014437, 0.5285430015127576, 0.532638985791556]","[[0.654558655584886, 0.32935354603522027, 0.016087798379893714], [0.23791303076450288, 0.7402246989164107, 0.021862270319086385], [8.627657563760138e-08, 0.06716084143231092, 0.9328390722911134]]"
