experiment,k_regimes,rule,model_acc,baseline_acc,edge,mcnemar_p,bootstrap_ci_lo,bootstrap_ci_hi,ci_excludes_zero
Raw return (1d),2,Mean-sign,0.5238469601677149,0.5264675052410901,-0.002620545073375169,0.2450608330229457,-0.00786163522012584,0.0,False
Raw return (1d),2,Up-frequency,0.5264675052410901,0.5264675052410901,0.0,,0.0,0.0,False
Raw return (1d),3,Mean-sign,0.5062893081761006,0.5264675052410901,-0.020178197064989467,0.00024286493411768102,-0.05267295597484278,0.0,False
Raw return (1d),3,Up-frequency,0.5246331236897275,0.5264675052410901,-0.0018343815513626183,0.3240086000878364,-0.005503144654088077,0.0,False
Excess return (1d),2,Mean-sign,0.49813829787234043,0.5255319148936171,-0.02739361702127663,0.0043554983651347854,-0.0478723404255319,-0.006914893617021245,True
Excess return (1d),2,Up-frequency,0.5255319148936171,0.5255319148936171,0.0,,0.0,0.0,False
Excess return (1d),3,Mean-sign,0.5061170212765957,0.5255319148936171,-0.01941489361702131,0.01725352657349984,-0.0284574468085107,-0.009840425531914887,True
Excess return (1d),3,Up-frequency,0.5255319148936171,0.5255319148936171,0.0,,0.0,0.0,False
Exog netflow (1d),2,Mean-sign,0.5213607594936709,0.5263713080168776,-0.005010548523206704,0.30894960067362953,-0.014504219409282704,0.0031645569620253333,False
Exog netflow (1d),2,Up-frequency,0.5263713080168776,0.5263713080168776,0.0,,0.0,0.0,False
Exog netflow (1d),3,Mean-sign,0.51292194092827,0.5263713080168776,-0.013449367088607556,0.02961568964070154,-0.019514767932489407,-0.0076476793248945185,True
Exog netflow (1d),3,Up-frequency,0.5263713080168776,0.5263713080168776,0.0,1.0,0.0,0.0,False
30-day horizon,2,Mean-sign,0.56,0.5671052631578948,-0.007105263157894726,0.0024442284992149655,-0.021315789473684288,0.0,False
30-day horizon,2,Up-frequency,0.5626315789473684,0.5671052631578948,-0.004473684210526407,0.011507789735333063,-0.013421052631579,0.0,False
30-day horizon,3,Mean-sign,0.5618421052631579,0.5671052631578948,-0.0052631578947368585,0.16566117169897776,-0.012631578947368438,0.0,False
30-day horizon,3,Up-frequency,0.5597368421052632,0.5671052631578948,-0.00736842105263158,0.00203114037416273,-0.02210526315789474,0.0,False
