experiment,ma_window,model_acc,baseline_acc,edge,mcnemar_p,bootstrap_ci_lo,bootstrap_ci_hi,ci_excludes_zero,n_predictions
MA trend rule (1d),5,0.49528301886792453,0.5264675052410901,-0.031184486373165565,0.0044588843206543405,-0.04874213836477992,-0.018081761006289332,True,3816
MA trend rule (1d),10,0.4968553459119497,0.5264675052410901,-0.02961215932914041,0.007286060208827045,-0.04690775681341719,-0.014937106918239018,True,3816
MA trend rule (1d),15,0.5078616352201258,0.5264675052410901,-0.018605870020964255,0.09320073157401952,-0.034329140461215935,-0.005503144654087966,True,3816
MA trend rule (1d),20,0.5075995807127882,0.5264675052410901,-0.018867924528301883,0.08760804733214331,-0.0366876310272537,-0.002620545073375169,True,3816
MA trend rule (1d),30,0.5112683438155137,0.5264675052410901,-0.015199161425576424,0.16805967148846518,-0.029350104821803003,-0.0015723270440252124,True,3816
MA trend rule (1d),40,0.5214884696016772,0.5264675052410901,-0.004979035639412932,0.6617862709175425,-0.020964360587002018,0.008909853249475908,False,3816
MA trend rule (1d),50,0.52437106918239,0.5264675052410901,-0.002096436058700135,0.8637572986696438,-0.01729559748427678,0.012316561844863794,False,3816
MA trend rule (1d),75,0.5230607966457023,0.5264675052410901,-0.0034067085953878307,0.7659554727059784,-0.02253668763102723,0.014150943396226467,False,3816
MA trend rule (1d),100,0.5207023060796646,0.5264675052410901,-0.005765199161425483,0.5963652245194113,-0.02332285115303978,0.011530398322851187,False,3816
MA trend rule (1d),125,0.5256813417190775,0.5264675052410901,-0.0007861635220125507,0.9589680314084517,-0.01493710691823891,0.012316561844863738,False,3816
MA trend rule (1d),150,0.5251572327044025,0.5264675052410901,-0.0013102725366875845,0.9173881621631595,-0.012578616352201255,0.009433962264150941,False,3816
MA trend rule (1d),200,0.5220125786163522,0.5264675052410901,-0.004454926624737898,0.6751063446727249,-0.017033542976939264,0.00786163522012584,False,3816
MA trend rule (1d),250,0.5214884696016772,0.5264675052410901,-0.004979035639412932,0.6125302098484915,-0.014937106918239018,0.00524109014675056,False,3816
MA trend rule (1d),300,0.5196540880503144,0.5264675052410901,-0.006813417190775661,0.4625621366645102,-0.018605870020964366,0.004716981132075526,False,3816
