fold,train_start,train_end,test_start,test_end,train_samples,test_samples,num_features,accuracy,majority_baseline,beat_baseline_by
1,2016-10-07,2018-07-05,2018-07-06,2019-07-05,637,365,11,0.5589041095890411,0.5424657534246575,0.016438356164383605
2,2017-01-27,2019-07-05,2019-07-06,2020-07-04,890,365,12,0.4876712328767123,0.5095890410958904,-0.021917808219178103
3,2016-08-06,2020-07-04,2020-07-05,2021-07-04,1429,365,6,0.5671232876712329,0.5589041095890411,0.008219178082191747
4,2016-08-06,2021-07-04,2021-07-05,2022-07-04,1794,365,7,0.5095890410958904,0.5013698630136987,0.008219178082191747
5,2016-09-16,2022-07-04,2022-07-05,2023-07-04,2118,365,9,0.5178082191780822,0.5315068493150685,-0.013698630136986356
6,2016-09-16,2023-07-04,2023-07-05,2024-07-03,2483,365,8,0.547945205479452,0.5123287671232877,0.03561643835616435
7,2016-09-16,2024-07-03,2024-07-04,2025-07-03,2848,365,9,0.5726027397260274,0.5150684931506849,0.05753424657534245
8,2016-09-16,2025-07-03,2025-07-04,2026-07-03,3213,365,8,0.4767123287671233,0.5205479452054795,-0.04383561643835626
9,2016-09-16,2026-07-03,2026-07-04,2026-07-05,3578,2,8,0.0,1.0,-1.0
