date,sgx_io_close
2014-06-02,93.92
2014-06-03,94.08
2014-06-04,95.83
2014-06-05,94.38
2014-06-06,95.25
2014-06-09,94.19
2014-06-10,93.0
2014-06-11,92.94
2014-06-12,91.67
2014-06-13,91.33
2014-06-16,90.58
2014-06-17,91.12
2014-06-18,90.92
2014-06-19,91.81
2014-06-20,92.37
2014-06-23,92.5
2014-06-24,92.5
2014-06-25,92.75
2014-06-26,92.81
2014-06-27,92.83
2014-07-01,95.12
2014-07-02,96.59
2014-07-03,96.58
2014-07-04,95.75
2014-07-07,95.25
2014-07-08,96.56
2014-07-09,95.83
2014-07-10,96.5
2014-07-11,96.81
2014-07-14,97.58
2014-07-15,97.38
2014-07-16,97.17
2014-07-17,96.75
2014-07-18,95.17
2014-07-21,95.13
2014-07-22,95.21
2014-07-23,94.54
2014-07-24,95.12
2014-07-25,95.62
2014-07-28,95.75
2014-07-29,95.75
2014-07-30,95.67
2014-08-01,94.77
2014-08-04,96.17
2014-08-05,96.0
2014-08-06,95.72
2014-08-07,95.08
2014-08-08,95.23
2014-08-11,94.75
2014-08-12,94.13
2014-08-13,93.91
2014-08-14,93.59
2014-08-15,94.28
2014-08-18,93.17
2014-08-19,93.25
2014-08-20,93.13
2014-08-21,93.02
2014-08-22,92.96
2014-08-25,92.75
2014-08-26,92.81
2014-08-27,92.75
2014-08-28,92.75
2014-09-01,86.84
2014-09-02,87.24
2014-09-03,85.0
2014-09-04,84.38
2014-09-05,83.71
2014-09-08,84.69
2014-09-09,83.41
2014-09-10,83.25
2014-09-11,83.21
2014-09-12,84.25
2014-09-15,85.33
2014-09-16,84.53
2014-09-17,84.42
2014-09-18,83.75
2014-09-19,83.13
2014-09-22,82.29
2014-09-23,82.66
2014-09-24,82.69
2014-09-25,82.65
2014-09-26,82.58
2014-09-29,82.45
2014-10-01,79.17
2014-10-02,79.34
2014-10-03,79.28
2014-10-06,79.25
2014-10-07,79.53
2014-10-08,78.25
2014-10-09,78.53
2014-10-10,80.56
2014-10-13,82.83
2014-10-14,82.63
2014-10-15,81.19
2014-10-16,80.38
2014-10-17,80.47
2014-10-20,80.94
2014-10-21,80.5
2014-10-22,80.25
2014-10-23,79.97
2014-10-24,80.32
2014-10-27,80.08
2014-10-28,80.0
2014-10-29,80.17
2014-10-30,80.17
2014-11-03,77.81
2014-11-04,77.5
2014-11-05,76.08
2014-11-06,75.5
2014-11-07,76.33
2014-11-10,75.93
2014-11-11,75.92
2014-11-12,75.97
2014-11-13,75.75
2014-11-14,75.38
2014-11-17,75.28
2014-11-18,74.09
2014-11-19,73.5
2014-11-20,73.62
2014-11-21,74.54
2014-11-24,73.42
2014-11-25,73.41
2014-11-26,73.16
2014-11-27,73.22
2014-12-01,69.59
2014-12-02,69.94
2014-12-03,69.92
2014-12-04,70.87
2014-12-05,71.33
2014-12-08,70.33
2014-12-09,69.54
2014-12-10,69.71
2014-12-11,69.63
2014-12-12,69.56
2014-12-15,69.0
2014-12-16,68.43
2014-12-17,68.58
2014-12-18,68.91
2014-12-19,69.22
2014-12-22,68.76
2014-12-23,68.58
2014-12-24,68.71
2014-12-26,68.63
2014-12-29,68.74
2014-12-30,68.86
2015-01-02,70.67
2015-01-05,69.94
2015-01-06,71.64
2015-01-07,71.19
2015-01-08,70.94
2015-01-09,70.5
2015-01-12,69.09
2015-01-13,68.67
2015-01-14,68.28
2015-01-15,69.06
2015-01-16,69.03
2015-01-19,68.83
2015-01-20,68.69
2015-01-21,68.03
2015-01-22,68.0
2015-01-23,67.66
2015-01-26,67.67
2015-01-27,67.75
2015-01-28,67.58
2015-01-29,67.62
2015-02-02,61.94
2015-02-03,63.0
2015-02-04,63.08
2015-02-05,61.94
2015-02-06,62.62
2015-02-09,61.83
2015-02-10,62.3
2015-02-11,62.56
2015-02-12,62.38
2015-02-13,62.75
2015-02-16,63.19
2015-02-17,63.0
2015-02-18,62.75
2015-02-19,62.75
2015-02-20,63.0
2015-02-23,62.75
2015-02-24,62.87
2015-02-25,62.71
2015-02-26,62.67
2015-03-02,62.19
2015-03-03,62.28
2015-03-04,60.63
2015-03-05,59.92
2015-03-06,58.33
2015-03-09,58.84
2015-03-10,58.06
2015-03-11,58.19
2015-03-12,58.91
2015-03-13,58.21
2015-03-16,58.58
2015-03-17,58.57
2015-03-18,57.25
2015-03-19,56.98
2015-03-20,56.92
2015-03-23,56.92
2015-03-24,57.33
2015-03-25,57.45
2015-03-26,57.33
2015-03-27,57.13
2015-03-30,57.22
2015-03-31,56.94
2015-04-01,47.58
2015-04-02,47.13
2015-04-06,47.0
2015-04-07,47.76
2015-04-08,48.39
2015-04-09,46.92
2015-04-10,47.19
2015-04-13,48.87
2015-04-14,49.75
2015-04-15,49.04
2015-04-16,49.26
2015-04-17,50.37
2015-04-20,49.34
2015-04-21,49.17
2015-04-22,49.75
2015-04-23,49.63
2015-04-24,50.5
2015-04-27,51.37
2015-04-28,50.92
2015-04-29,51.33
2015-05-01,54.0
2015-05-04,56.37
2015-05-05,57.37
2015-05-06,59.9
2015-05-07,58.33
2015-05-08,59.33
2015-05-11,59.96
2015-05-13,59.31
2015-05-14,58.31
2015-05-15,58.75
2015-05-18,58.94
2015-05-19,58.5
2015-05-20,58.5
2015-05-21,59.08
2015-05-22,58.88
2015-05-25,59.5
2015-05-26,59.92
2015-05-27,60.17
2015-05-28,60.42
2015-06-01,60.74
2015-06-02,62.29
2015-06-03,62.0
2015-06-04,62.44
2015-06-05,61.75
2015-06-08,61.17
2015-06-09,61.91
2015-06-10,63.57
2015-06-11,64.7
2015-06-12,63.46
2015-06-15,62.5
2015-06-16,61.88
2015-06-17,61.06
2015-06-18,61.5
2015-06-19,61.62
2015-06-22,61.62
2015-06-23,62.12
2015-06-24,62.25
2015-06-25,62.08
2015-06-26,62.0
2015-06-29,62.17
2015-07-01,54.88
2015-07-02,53.63
2015-07-03,53.17
2015-07-06,50.3
2015-07-07,48.75
2015-07-08,46.0
2015-07-09,48.88
2015-07-10,49.92
2015-07-13,49.88
2015-07-14,50.33
2015-07-15,50.25
2015-07-16,50.08
2015-07-17,50.5
2015-07-20,51.5
2015-07-21,51.5
2015-07-22,51.0
2015-07-23,51.25
2015-07-24,51.13
2015-07-27,51.2
2015-07-28,51.09
2015-07-29,51.59
2015-07-30,51.58
2015-08-03,53.44
2015-08-04,53.67
2015-08-05,55.17
2015-08-06,54.74
2015-08-07,53.75
2015-08-10,53.58
2015-08-11,53.21
2015-08-12,53.65
2015-08-13,54.94
2015-08-14,55.25
2015-08-17,54.8
2015-08-18,55.28
2015-08-19,55.16
2015-08-20,55.17
2015-08-21,55.46
2015-08-24,54.88
2015-08-25,54.88
2015-08-26,54.8
2015-08-27,54.96
2015-08-28,55.08
2015-08-31,55.28
2015-09-01,55.0
2015-09-02,54.75
2015-09-03,55.44
2015-09-04,55.44
2015-09-07,54.62
2015-09-08,55.28
2015-09-09,56.92
2015-09-10,58.0
2015-09-11,57.06
2015-09-14,56.25
2015-09-15,55.41
2015-09-16,55.85
2015-09-17,56.16
2015-09-18,56.25
2015-09-21,56.54
2015-09-22,56.5
2015-09-23,56.5
2015-09-24,56.5
2015-09-25,56.5
2015-09-28,56.43
2015-09-29,56.43
2015-09-30,56.35
2015-10-01,52.7
2015-10-02,52.65
2015-10-05,53.08
2015-10-06,53.5
2015-10-07,53.42
2015-10-08,53.67
2015-10-09,54.87
2015-10-12,54.25
2015-10-13,53.63
2015-10-14,53.53
2015-10-15,53.5
2015-10-16,52.88
2015-10-19,53.17
2015-10-20,53.62
2015-10-21,53.19
2015-10-22,53.0
2015-10-23,53.0
2015-10-26,53.21
2015-10-27,53.14
2015-10-28,53.05
2015-10-29,52.83
2015-10-30,52.74
2015-11-02,47.43
2015-11-03,46.33
2015-11-04,47.27
2015-11-05,46.46
2015-11-06,46.79
2015-11-09,47.81
2015-11-10,47.5
2015-11-11,47.6
2015-11-12,47.38
2015-11-13,47.38
2015-11-16,47.38
2015-11-17,46.59
2015-11-18,46.26
2015-11-19,46.0
2015-11-20,46.12
2015-11-23,46.12
2015-11-24,46.17
2015-11-25,46.11
2015-11-26,46.17
2015-11-27,46.09
2015-11-30,46.1
2015-12-01,39.63
2015-12-02,39.03
2015-12-03,38.78
2015-12-04,38.78
2015-12-07,39.04
2015-12-08,38.92
2015-12-09,38.73
2015-12-10,38.15
2015-12-11,38.28
2015-12-14,38.45
2015-12-15,38.2
2015-12-16,38.55
2015-12-17,38.8
2015-12-18,39.32
2015-12-21,39.28
2015-12-22,39.03
2015-12-23,39.03
2015-12-24,39.12
2015-12-28,39.15
2015-12-29,39.31
2015-12-30,39.31
2015-12-31,39.58
2016-01-04,41.7
2016-01-05,41.52
2016-01-06,40.92
2016-01-07,40.95
2016-01-08,40.62
2016-01-11,39.98
2016-01-12,39.48
2016-01-13,39.88
2016-01-14,40.13
2016-01-15,40.45
2016-01-18,41.8
2016-01-19,41.51
2016-01-20,40.73
2016-01-21,40.92
2016-01-22,41.07
2016-01-25,40.96
2016-01-26,41.03
2016-01-27,41.15
2016-01-28,41.18
2016-01-29,41.17
2016-02-01,42.74
2016-02-02,43.3
2016-02-03,43.57
2016-02-04,44.25
2016-02-05,44.05
2016-02-08,44.25
2016-02-09,43.75
2016-02-10,43.19
2016-02-11,43.0
2016-02-12,43.0
2016-02-15,44.69
2016-02-16,44.63
2016-02-17,44.72
2016-02-18,45.22
2016-02-19,46.08
2016-02-22,46.75
2016-02-23,46.71
2016-02-24,46.58
2016-02-25,46.42
2016-02-26,46.5
2016-02-29,46.33
2016-03-01,49.08
2016-03-02,50.77
2016-03-03,50.03
2016-03-04,52.0
2016-03-07,60.37
2016-03-08,56.67
2016-03-09,55.54
2016-03-10,55.28
2016-03-11,54.5
2016-03-14,53.97
2016-03-15,52.95
2016-03-16,54.35
2016-03-17,54.95
2016-03-18,55.67
2016-03-21,55.73
2016-03-22,55.77
2016-03-23,55.7
2016-03-24,55.75
2016-03-28,55.65
2016-03-29,55.68
2016-03-30,55.59
2016-03-31,55.52
2016-04-01,53.63
2016-04-04,53.83
2016-04-05,52.95
2016-04-06,52.6
2016-04-07,53.15
2016-04-08,53.18
2016-04-11,55.3
2016-04-12,57.25
2016-04-13,57.85
2016-04-14,56.58
2016-04-15,56.4
2016-04-18,58.2
2016-04-19,58.75
2016-04-20,59.78
2016-04-21,59.92
2016-04-22,59.88
2016-04-25,59.78
2016-04-26,59.52
2016-04-27,59.38
2016-04-28,59.28
2016-04-29,59.58
2016-05-03,60.67
2016-05-04,58.92
2016-05-05,57.87
2016-05-06,58.08
2016-05-09,54.92
2016-05-10,55.55
2016-05-11,55.77
2016-05-12,54.5
2016-05-13,54.07
2016-05-16,54.62
2016-05-17,56.12
2016-05-18,55.44
2016-05-19,54.99
2016-05-20,55.56
2016-05-23,54.63
2016-05-24,55.2
2016-05-25,54.92
2016-05-26,54.58
2016-05-27,54.67
2016-05-30,54.75
2016-05-31,54.49
2016-06-01,47.18
2016-06-02,47.72
2016-06-03,47.97
2016-06-06,50.36
2016-06-07,50.45
2016-06-08,50.37
2016-06-09,50.75
2016-06-10,50.95
2016-06-13,50.91
2016-06-14,49.6
2016-06-15,49.68
2016-06-16,49.93
2016-06-17,50.29
2016-06-20,50.3
2016-06-21,50.27
2016-06-22,50.88
2016-06-23,50.8
2016-06-24,50.75
2016-06-27,51.17
2016-06-28,51.38
2016-06-29,51.2
2016-06-30,51.36
2016-07-01,52.38
2016-07-04,54.95
2016-07-05,54.28
2016-07-06,52.41
2016-07-07,53.35
2016-07-08,53.99
2016-07-11,54.12
2016-07-12,55.46
2016-07-13,56.36
2016-07-14,55.78
2016-07-15,56.42
2016-07-18,54.75
2016-07-19,54.72
2016-07-20,55.03
2016-07-21,55.92
2016-07-22,55.53
2016-07-25,56.02
2016-07-26,56.26
2016-07-27,56.29
2016-07-28,56.55
2016-07-29,56.61
2016-08-01,59.72
2016-08-02,59.77
2016-08-03,59.42
2016-08-04,58.41
2016-08-05,60.18
2016-08-08,61.1
2016-08-09,60.25
2016-08-10,60.05
2016-08-11,59.47
2016-08-12,59.44
2016-08-15,59.08
2016-08-16,60.37
2016-08-17,59.77
2016-08-18,60.17
2016-08-19,60.6
2016-08-22,60.75
2016-08-23,61.04
2016-08-24,60.93
2016-08-25,60.73
2016-08-26,60.75
2016-08-29,60.55
2016-08-30,60.38
2016-08-31,60.43
2016-09-01,58.02
2016-09-02,57.85
2016-09-05,58.0
2016-09-06,58.23
2016-09-07,57.15
2016-09-08,57.36
2016-09-09,57.48
2016-09-12,57.17
2016-09-13,56.95
2016-09-14,56.93
2016-09-15,56.77
2016-09-16,56.65
2016-09-19,56.38
2016-09-20,56.95
2016-09-21,56.78
2016-09-22,57.0
2016-09-23,56.89
2016-09-26,57.01
2016-09-27,56.63
2016-09-28,56.72
2016-09-29,56.73
2016-09-30,56.63
2016-10-03,55.07
2016-10-04,55.24
2016-10-05,55.16
2016-10-06,55.09
2016-10-07,54.86
2016-10-10,56.15
2016-10-11,56.23
2016-10-12,56.13
2016-10-13,56.06
2016-10-14,56.72
2016-10-17,57.04
2016-10-18,56.96
2016-10-19,57.08
2016-10-20,57.19
2016-10-21,57.05
2016-10-24,57.2
2016-10-25,57.5
2016-10-26,57.74
2016-10-27,57.87
2016-10-28,57.87
2016-10-31,58.0
2016-11-01,63.52
2016-11-02,62.38
2016-11-03,63.67
2016-11-04,63.43
2016-11-07,66.08
2016-11-08,65.79
2016-11-09,69.58
2016-11-10,71.43
2016-11-11,77.12
2016-11-14,74.43
2016-11-15,70.0
2016-11-16,70.54
2016-11-17,70.35
2016-11-18,69.2
2016-11-21,68.88
2016-11-22,71.42
2016-11-23,72.12
2016-11-24,72.56
2016-11-25,72.56
2016-11-28,72.65
2016-11-29,72.53
2016-11-30,72.25
2016-12-01,75.46
2016-12-02,74.2
2016-12-05,76.16
2016-12-06,76.32
2016-12-07,79.25
2016-12-08,79.4
2016-12-09,78.66
2016-12-12,80.44
2016-12-13,80.66
2016-12-14,79.13
2016-12-15,80.32
2016-12-16,79.7
2016-12-19,78.58
2016-12-20,79.43
2016-12-21,79.92
2016-12-22,78.77
2016-12-23,79.27
2016-12-27,79.74
2016-12-28,79.75
2016-12-29,79.75
2016-12-30,79.75
2017-01-03,74.28
2017-01-04,74.3
2017-01-05,76.22
2017-01-06,75.33
2017-01-09,76.85
2017-01-10,78.42
2017-01-11,78.81
2017-01-12,79.02
2017-01-13,78.73
2017-01-16,81.57
2017-01-17,80.33
2017-01-18,80.34
2017-01-19,79.85
2017-01-20,79.03
2017-01-23,79.73
2017-01-24,80.63
2017-01-25,80.67
2017-01-26,80.93
2017-01-27,80.81
2017-01-30,80.81
2017-01-31,80.4
2017-02-01,83.32
2017-02-02,84.01
2017-02-03,79.51
2017-02-06,78.55
2017-02-07,80.86
2017-02-08,81.8
2017-02-09,81.78
2017-02-10,84.94
2017-02-13,87.77
2017-02-14,87.53
2017-02-15,86.8
2017-02-16,86.08
2017-02-17,87.51
2017-02-20,87.94
2017-02-21,88.52
2017-02-22,88.09
2017-02-23,87.66
2017-02-24,87.38
2017-02-27,88.03
2017-02-28,88.07
2017-03-01,87.52
2017-03-02,88.35
2017-03-03,87.25
2017-03-06,85.89
2017-03-07,86.0
2017-03-08,85.66
2017-03-09,85.1
2017-03-10,85.32
2017-03-13,87.49
2017-03-14,87.66
2017-03-15,89.38
2017-03-16,90.16
2017-03-17,89.73
2017-03-20,89.48
2017-03-21,88.33
2017-03-22,87.71
2017-03-23,87.77
2017-03-24,87.68
2017-03-27,87.15
2017-03-28,86.87
2017-03-29,86.98
2017-03-30,87.03
2017-03-31,86.84
2017-04-03,78.46
2017-04-04,79.4
2017-04-05,79.57
2017-04-06,78.41
2017-04-07,76.19
2017-04-10,74.14
2017-04-11,73.57
2017-04-12,71.47
2017-04-13,71.28
2017-04-14,71.75
2017-04-17,69.9
2017-04-18,68.18
2017-04-19,69.14
2017-04-20,69.61
2017-04-21,70.05
2017-04-24,69.88
2017-04-25,69.72
2017-04-26,69.9
2017-04-27,70.17
2017-04-28,69.97
2017-05-02,68.65
2017-05-03,67.47
2017-05-04,62.83
2017-05-05,62.37
2017-05-08,60.83
2017-05-09,60.76
2017-05-10,62.53
2017-05-11,61.93
2017-05-12,60.99
2017-05-15,60.97
2017-05-16,61.2
2017-05-17,62.15
2017-05-18,61.04
2017-05-19,62.14
2017-05-22,62.1
2017-05-23,62.01
2017-05-24,60.84
2017-05-25,60.83
2017-05-26,60.71
2017-05-29,60.71
2017-05-30,60.76
2017-05-31,60.71
2017-06-01,55.26
2017-06-02,55.72
2017-06-05,55.35
2017-06-06,55.35
2017-06-07,55.07
2017-06-08,54.37
2017-06-09,54.16
2017-06-12,54.65
2017-06-13,53.66
2017-06-14,54.35
2017-06-15,54.4
2017-06-16,54.72
2017-06-19,55.16
2017-06-20,54.97
2017-06-21,54.91
2017-06-22,54.7
2017-06-23,54.75
2017-06-26,54.95
2017-06-27,55.46
2017-06-28,55.75
2017-06-29,55.9
2017-06-30,56.01
2017-07-03,64.76
2017-07-04,62.55
2017-07-05,63.16
2017-07-06,62.23
2017-07-07,63.19
2017-07-10,63.25
2017-07-11,64.46
2017-07-12,64.3
2017-07-13,64.81
2017-07-14,64.65
2017-07-17,65.65
2017-07-18,66.28
2017-07-19,66.63
2017-07-20,66.25
2017-07-21,65.81
2017-07-24,65.41
2017-07-25,65.61
2017-07-26,66.02
2017-07-27,65.88
2017-07-28,65.82
2017-07-31,66.22
2017-08-01,72.15
2017-08-02,71.83
2017-08-03,72.49
2017-08-04,73.56
2017-08-07,75.63
2017-08-08,74.61
2017-08-09,75.42
2017-08-10,75.35
2017-08-11,73.51
2017-08-14,72.72
2017-08-15,72.97
2017-08-16,73.13
2017-08-17,74.24
2017-08-18,74.91
2017-08-21,75.39
2017-08-22,75.56
2017-08-23,75.05
2017-08-24,75.47
2017-08-25,75.19
2017-08-28,75.1
2017-08-29,74.95
2017-08-30,75.14
2017-08-31,75.11
2017-09-01,77.6
2017-09-04,76.97
2017-09-05,77.8
2017-09-06,76.11
2017-09-07,75.0
2017-09-08,74.21
2017-09-11,74.36
2017-09-12,75.04
2017-09-13,74.62
2017-09-14,73.4
2017-09-15,72.81
2017-09-18,73.07
2017-09-19,71.72
2017-09-20,71.72
2017-09-21,70.36
2017-09-22,70.02
2017-09-25,70.1
2017-09-26,70.16
2017-09-27,70.0
2017-09-28,69.88
2017-09-29,69.77
2017-10-02,62.9
2017-10-03,63.0
2017-10-04,63.3
2017-10-05,63.77
2017-10-06,63.75
2017-10-09,61.23
2017-10-10,59.58
2017-10-11,59.31
2017-10-12,59.61
2017-10-13,60.92
2017-10-16,61.9
2017-10-17,61.63
2017-10-18,61.59
2017-10-19,60.38
2017-10-20,60.89
2017-10-23,61.05
2017-10-24,61.09
2017-10-25,61.03
2017-10-26,60.78
2017-10-27,60.4
2017-10-30,60.34
2017-10-31,60.31
2017-11-01,58.53
2017-11-02,59.48
2017-11-03,59.66
2017-11-06,62.54
2017-11-07,61.79
2017-11-08,61.75
2017-11-09,61.91
2017-11-10,62.09
2017-11-13,62.31
2017-11-14,62.23
2017-11-15,61.07
2017-11-16,61.65
2017-11-17,61.6
2017-11-20,62.3
2017-11-21,62.25
2017-11-22,63.2
2017-11-23,63.03
2017-11-24,63.18
2017-11-27,63.41
2017-11-28,63.39
2017-11-29,63.37
2017-11-30,63.36
2017-12-01,68.95
2017-12-04,71.1
2017-12-05,69.76
2017-12-06,67.53
2017-12-07,66.22
2017-12-08,68.07
2017-12-11,68.15
2017-12-12,68.81
2017-12-13,69.53
2017-12-14,68.93
2017-12-15,69.55
2017-12-18,71.41
2017-12-19,71.17
2017-12-20,70.97
2017-12-21,71.3
2017-12-22,71.37
2017-12-26,70.97
2017-12-27,70.9
2017-12-28,71.24
2017-12-29,71.28
2018-01-02,73.77
2018-01-03,73.31
2018-01-04,74.65
2018-01-05,75.31
2018-01-08,77.01
2018-01-09,77.99
2018-01-10,77.6
2018-01-11,77.96
2018-01-12,77.19
2018-01-15,76.57
2018-01-16,75.84
2018-01-17,75.36
2018-01-18,75.42
2018-01-19,76.6
2018-01-22,76.46
2018-01-23,75.8
2018-01-24,75.66
2018-01-25,75.99
2018-01-26,75.84
2018-01-29,75.96
2018-01-30,75.93
2018-01-31,75.86
2018-02-01,72.09
2018-02-02,72.87
2018-02-05,74.35
2018-02-06,74.57
2018-02-07,75.12
2018-02-08,75.64
2018-02-09,75.58
2018-02-12,75.56
2018-02-13,76.27
2018-02-14,77.01
2018-02-15,77.22
2018-02-16,77.29
2018-02-19,77.35
2018-02-20,77.46
2018-02-21,77.55
2018-02-22,77.18
2018-02-23,77.32
2018-02-26,77.5
2018-02-27,77.48
2018-02-28,77.46
2018-03-01,78.3
2018-03-02,76.96
2018-03-05,74.91
2018-03-06,75.22
2018-03-07,73.93
2018-03-08,72.71
2018-03-09,71.77
2018-03-12,71.2
2018-03-13,71.23
2018-03-14,72.11
2018-03-15,72.49
2018-03-16,71.8
2018-03-19,70.49
2018-03-20,70.46
2018-03-21,70.49
2018-03-22,70.87
2018-03-23,69.98
2018-03-26,69.89
2018-03-27,69.91
2018-03-28,69.75
2018-03-29,69.7
2018-03-30,64.86
2018-04-02,65.7
2018-04-03,64.31
2018-04-04,62.69
2018-04-05,62.74
2018-04-06,63.54
2018-04-09,64.14
2018-04-10,65.0
2018-04-11,64.45
2018-04-12,64.36
2018-04-13,65.05
2018-04-16,64.0
2018-04-17,64.31
2018-04-18,65.15
2018-04-19,66.02
2018-04-20,65.54
2018-04-23,65.77
2018-04-24,65.75
2018-04-25,65.39
2018-04-26,65.35
2018-04-27,65.37
2018-04-30,65.27
2018-05-01,65.66
2018-05-02,67.08
2018-05-03,67.03
2018-05-04,67.05
2018-05-07,68.27
2018-05-08,67.08
2018-05-09,65.98
2018-05-10,66.4
2018-05-11,67.21
2018-05-14,67.91
2018-05-15,67.62
2018-05-16,67.55
2018-05-17,67.33
2018-05-18,67.0
2018-05-21,66.2
2018-05-22,65.93
2018-05-23,65.81
2018-05-24,66.02
2018-05-25,65.98
2018-05-28,65.9
2018-05-29,66.45
2018-05-30,65.83
2018-05-31,65.95
2018-06-01,64.49
2018-06-04,64.18
2018-06-05,64.85
2018-06-06,65.21
2018-06-07,65.35
2018-06-08,64.98
2018-06-11,65.48
2018-06-12,65.74
2018-06-13,65.66
2018-06-14,65.89
2018-06-15,65.54
2018-06-18,65.33
2018-06-19,64.68
2018-06-20,64.81
2018-06-21,64.7
2018-06-22,64.69
2018-06-25,64.65
2018-06-26,64.77
2018-06-27,64.72
2018-06-28,64.75
2018-06-29,64.8
2018-07-02,64.18
2018-07-03,64.09
2018-07-04,63.85
2018-07-05,63.03
2018-07-06,62.93
2018-07-09,63.17
2018-07-10,63.15
2018-07-11,63.16
2018-07-12,63.3
2018-07-13,63.2
2018-07-16,63.47
2018-07-17,63.42
2018-07-18,63.64
2018-07-19,63.91
2018-07-20,63.89
2018-07-23,64.2
2018-07-24,64.24
2018-07-25,64.18
2018-07-26,64.15
2018-07-27,64.32
2018-07-30,64.26
2018-07-31,64.35
2018-08-01,66.64
2018-08-02,66.53
2018-08-03,67.55
2018-08-06,69.03
2018-08-07,69.83
2018-08-08,69.08
2018-08-09,69.19
2018-08-10,68.86
2018-08-13,68.77
2018-08-14,67.84
2018-08-15,67.31
2018-08-16,67.28
2018-08-17,68.01
2018-08-20,68.13
2018-08-21,67.48
2018-08-22,67.35
2018-08-23,67.23
2018-08-24,67.21
2018-08-27,67.15
2018-08-28,67.15
2018-08-29,67.15
2018-08-30,67.16
2018-08-31,67.16
2018-09-03,66.17
2018-09-04,66.61
2018-09-05,66.84
2018-09-06,68.27
2018-09-07,68.22
2018-09-10,68.37
2018-09-11,67.78
2018-09-12,68.01
2018-09-13,68.56
2018-09-14,68.7
2018-09-17,68.87
2018-09-18,68.87
2018-09-19,68.99
2018-09-20,68.88
2018-09-21,68.89
2018-09-24,68.86
2018-09-25,68.51
2018-09-26,68.61
2018-09-27,68.62
2018-09-28,68.73
2018-10-01,68.52
2018-10-02,68.76
2018-10-03,68.94
2018-10-04,69.1
2018-10-05,69.05
2018-10-08,68.83
2018-10-09,69.8
2018-10-10,70.6
2018-10-11,70.31
2018-10-12,70.56
2018-10-15,70.77
2018-10-16,70.79
2018-10-17,72.36
2018-10-18,72.15
2018-10-19,71.89
2018-10-22,72.35
2018-10-23,72.34
2018-10-24,72.79
2018-10-25,72.79
2018-10-26,72.86
2018-10-29,72.87
2018-10-30,72.9
2018-10-31,72.81
2018-11-01,72.89
2018-11-02,72.76
2018-11-05,74.27
2018-11-06,74.1
2018-11-07,74.06
2018-11-08,75.1
2018-11-09,75.64
2018-11-12,75.08
2018-11-13,74.55
2018-11-14,74.99
2018-11-15,74.7
2018-11-16,74.84
2018-11-19,75.29
2018-11-20,74.41
2018-11-21,74.36
2018-11-22,74.07
2018-11-23,73.32
2018-11-26,72.25
2018-11-27,72.16
2018-11-28,72.3
2018-11-29,72.26
2018-11-30,72.28
2018-12-03,65.52
2018-12-04,66.82
2018-12-05,67.58
2018-12-06,65.9
2018-12-07,66.62
2018-12-10,66.5
2018-12-11,66.63
2018-12-12,66.76
2018-12-13,67.49
2018-12-14,68.62
2018-12-17,68.96
2018-12-18,68.68
2018-12-19,68.86
2018-12-20,69.22
2018-12-21,69.4
2018-12-24,69.2
2018-12-25,68.8
2018-12-26,69.49
2018-12-27,69.28
2018-12-28,69.2
2018-12-31,71.12
2019-01-02,71.03
2019-01-03,72.27
2019-01-04,72.95
2019-01-07,74.32
2019-01-08,74.55
2019-01-09,74.22
2019-01-10,74.05
2019-01-11,74.17
2019-01-14,74.5
2019-01-15,74.45
2019-01-16,74.54
2019-01-17,74.65
2019-01-18,75.15
2019-01-21,75.25
2019-01-22,74.58
2019-01-23,74.65
2019-01-24,74.72
2019-01-25,74.72
2019-01-28,75.55
2019-01-29,75.6
2019-01-30,75.7
2019-01-31,76.03
2019-02-01,86.9
2019-02-04,84.98
2019-02-05,88.43
2019-02-06,89.1
2019-02-07,90.89
2019-02-08,92.92
2019-02-11,89.97
2019-02-12,87.91
2019-02-13,87.38
2019-02-14,87.95
2019-02-15,88.11
2019-02-18,88.41
2019-02-19,88.5
2019-02-20,88.23
2019-02-21,87.72
2019-02-22,87.78
2019-02-25,87.6
2019-02-26,87.39
2019-02-27,87.31
2019-02-28,87.33
2019-03-01,85.92
2019-03-04,85.37
2019-03-05,86.4
2019-03-06,85.51
2019-03-07,86.65
2019-03-08,84.83
2019-03-11,83.7
2019-03-12,85.24
2019-03-13,84.74
2019-03-14,86.06
2019-03-15,86.32
2019-03-18,86.65
2019-03-19,86.34
2019-03-20,85.11
2019-03-21,85.24
2019-03-22,85.72
2019-03-25,85.59
2019-03-26,85.71
2019-03-27,85.66
2019-03-28,85.65
2019-03-29,85.7
2019-04-01,87.5
2019-04-02,89.53
2019-04-03,92.35
2019-04-04,92.83
2019-04-05,92.27
2019-04-08,94.26
2019-04-09,92.9
2019-04-10,92.95
2019-04-11,94.2
2019-04-12,94.66
2019-04-15,94.65
2019-04-16,93.79
2019-04-17,92.86
2019-04-18,92.55
2019-04-22,92.83
2019-04-23,93.29
2019-04-24,92.99
2019-04-25,92.91
2019-04-26,93.16
2019-04-29,93.13
2019-04-30,93.24
2019-05-01,93.79
2019-05-02,93.85
2019-05-03,94.21
2019-05-06,93.37
2019-05-07,94.78
2019-05-08,94.1
2019-05-09,94.14
2019-05-10,95.23
2019-05-13,94.45
2019-05-14,93.48
2019-05-15,94.64
2019-05-16,96.12
2019-05-17,97.72
2019-05-20,97.81
2019-05-21,97.89
2019-05-22,98.57
2019-05-23,98.7
2019-05-24,98.6
2019-05-27,99.5
2019-05-28,99.41
2019-05-29,99.04
2019-05-30,99.0
2019-05-31,98.76
2019-06-03,96.49
2019-06-04,98.26
2019-06-05,98.21
2019-06-06,97.5
2019-06-07,97.47
2019-06-10,99.34
2019-06-11,103.78
2019-06-12,103.5
2019-06-13,106.49
2019-06-14,105.58
2019-06-17,104.95
2019-06-18,106.87
2019-06-19,107.92
2019-06-20,109.25
2019-06-21,109.5
2019-06-24,109.24
2019-06-25,108.73
2019-06-26,109.05
2019-06-27,109.07
2019-06-28,109.18
2019-07-01,119.18
2019-07-02,122.95
2019-07-03,124.31
2019-07-04,121.07
2019-07-05,115.78
2019-07-08,118.33
2019-07-09,121.29
2019-07-10,120.38
2019-07-11,119.91
2019-07-12,119.88
2019-07-15,121.43
2019-07-16,121.28
2019-07-17,121.24
2019-07-18,120.54
2019-07-19,120.87
2019-07-22,120.32
2019-07-23,119.73
2019-07-24,119.58
2019-07-25,119.68
2019-07-26,120.16
2019-07-29,119.82
2019-07-30,120.11
2019-07-31,120.02
2019-08-01,112.97
2019-08-02,107.08
2019-08-05,100.8
2019-08-06,98.2
2019-08-07,94.57
2019-08-08,95.89
2019-08-09,94.35
2019-08-12,94.52
2019-08-13,93.11
2019-08-14,94.02
2019-08-15,92.58
2019-08-16,92.84
2019-08-19,92.83
2019-08-20,92.46
2019-08-21,90.43
2019-08-22,91.26
2019-08-23,91.96
2019-08-26,91.38
2019-08-27,91.17
2019-08-28,90.81
2019-08-29,90.79
2019-08-30,90.91
2019-09-02,90.45
2019-09-03,89.28
2019-09-04,91.47
2019-09-05,90.44
2019-09-06,89.47
2019-09-09,92.01
2019-09-10,91.62
2019-09-11,92.92
2019-09-12,95.64
2019-09-13,96.54
2019-09-16,95.4
2019-09-17,94.57
2019-09-18,93.95
2019-09-19,92.86
2019-09-20,92.9
2019-09-23,93.4
2019-09-24,92.87
2019-09-25,92.31
2019-09-26,92.72
2019-09-27,92.83
2019-09-30,92.91
2019-10-01,92.24
2019-10-02,92.26
2019-10-03,92.05
2019-10-04,91.98
2019-10-07,92.25
2019-10-08,93.31
2019-10-09,90.58
2019-10-10,92.7
2019-10-11,92.52
2019-10-14,91.49
2019-10-15,92.19
2019-10-16,89.86
2019-10-17,89.84
2019-10-18,89.43
2019-10-21,89.18
2019-10-22,89.43
2019-10-23,89.6
2019-10-24,89.71
2019-10-25,89.66
2019-10-28,89.65
2019-10-29,89.64
2019-10-30,89.58
2019-10-31,89.56
2019-11-01,84.2
2019-11-04,82.7
2019-11-05,82.7
2019-11-06,82.91
2019-11-07,82.3
2019-11-08,80.08
2019-11-11,79.38
2019-11-12,81.09
2019-11-13,81.14
2019-11-14,82.94
2019-11-15,83.37
2019-11-18,83.51
2019-11-19,83.86
2019-11-20,83.99
2019-11-21,84.26
2019-11-22,84.52
2019-11-25,85.24
2019-11-26,85.03
2019-11-27,84.75
2019-11-28,84.77
2019-11-29,84.68
2019-12-02,88.03
2019-12-03,87.55
2019-12-04,88.33
2019-12-05,88.25
2019-12-06,88.55
2019-12-09,92.19
2019-12-10,92.06
2019-12-11,92.96
2019-12-12,92.74
2019-12-13,93.04
2019-12-16,92.58
2019-12-17,92.4
2019-12-18,92.12
2019-12-19,92.22
2019-12-20,91.58
2019-12-23,91.52
2019-12-24,91.58
2019-12-26,91.5
2019-12-27,91.42
2019-12-30,91.47
2019-12-31,91.53
2020-01-02,92.55
2020-01-03,93.36
2020-01-06,93.82
2020-01-07,93.7
2020-01-08,94.63
2020-01-09,93.36
2020-01-10,93.26
2020-01-13,94.04
2020-01-14,95.23
2020-01-15,94.79
2020-01-16,94.67
2020-01-17,95.0
2020-01-20,95.04
2020-01-21,94.98
2020-01-22,94.81
2020-01-23,93.9
2020-01-24,94.37
2020-01-27,93.6
2020-01-28,91.85
2020-01-29,92.62
2020-01-30,92.61
2020-01-31,92.44
2020-02-03,78.62
2020-02-04,81.73
2020-02-05,79.71
2020-02-06,80.86
2020-02-07,81.62
2020-02-10,81.23
2020-02-11,84.03
2020-02-12,85.56
2020-02-13,85.79
2020-02-14,85.76
2020-02-17,86.72
2020-02-18,86.48
2020-02-19,86.49
2020-02-20,87.19
2020-02-21,87.36
2020-02-24,87.23
2020-02-25,87.18
2020-02-26,86.69
2020-02-27,86.36
2020-02-28,86.46
2020-03-02,87.13
2020-03-03,87.3
2020-03-04,89.73
2020-03-05,90.47
2020-03-06,89.07
2020-03-09,87.35
2020-03-10,90.21
2020-03-11,89.15
2020-03-12,89.22
2020-03-13,90.24
2020-03-16,89.91
2020-03-17,90.05
2020-03-18,90.4
2020-03-19,89.73
2020-03-20,89.12
2020-03-23,85.89
2020-03-24,87.86
2020-03-25,88.65
2020-03-26,88.33
2020-03-27,88.29
2020-03-30,88.21
2020-03-31,88.02
2020-04-01,80.58
2020-04-02,81.87
2020-04-03,82.2
2020-04-06,82.45
2020-04-07,81.67
2020-04-08,82.99
2020-04-09,83.62
2020-04-10,83.71
2020-04-13,84.2
2020-04-14,84.89
2020-04-15,84.54
2020-04-16,84.35
2020-04-17,84.53
2020-04-20,84.89
2020-04-21,83.73
2020-04-22,84.32
2020-04-23,83.73
2020-04-24,83.68
2020-04-27,83.72
2020-04-28,83.56
2020-04-29,83.75
2020-04-30,83.84
2020-05-01,82.45
2020-05-04,82.04
2020-05-05,82.93
2020-05-06,83.18
2020-05-07,84.73
2020-05-08,87.18
2020-05-11,87.08
2020-05-12,88.42
2020-05-13,89.13
2020-05-14,89.22
2020-05-15,90.66
2020-05-18,91.9
2020-05-19,92.49
2020-05-20,92.49
2020-05-21,92.18
2020-05-22,92.66
2020-05-26,92.17
2020-05-27,92.13
2020-05-28,92.24
2020-05-29,92.54
2020-06-01,99.69
2020-06-02,100.55
2020-06-03,100.87
2020-06-04,98.56
2020-06-05,100.21
2020-06-08,104.05
2020-06-09,103.38
2020-06-10,103.19
2020-06-11,102.81
2020-06-12,104.25
2020-06-15,103.27
2020-06-16,104.0
2020-06-17,103.34
2020-06-18,102.99
2020-06-19,103.1
2020-06-22,102.45
2020-06-23,102.46
2020-06-24,103.13
2020-06-25,103.05
2020-06-26,103.04
2020-06-29,103.11
2020-06-30,102.95
2020-07-01,98.3
2020-07-02,98.84
2020-07-03,99.73
2020-07-06,100.72
2020-07-07,102.22
2020-07-08,104.85
2020-07-09,105.26
2020-07-10,105.08
2020-07-13,108.56
2020-07-14,109.22
2020-07-15,109.11
2020-07-16,108.16
2020-07-17,107.99
2020-07-20,107.66
2020-07-21,108.45
2020-07-22,108.25
2020-07-23,108.33
2020-07-24,107.78
2020-07-27,107.4
2020-07-28,107.67
2020-07-29,107.83
2020-07-30,108.05
2020-07-31,108.97
2020-08-03,113.79
2020-08-04,115.36
2020-08-05,116.0
2020-08-06,118.91
2020-08-07,117.89
2020-08-10,117.98
2020-08-11,119.4
2020-08-12,120.59
2020-08-13,120.14
2020-08-14,120.23
2020-08-17,120.85
2020-08-18,123.23
2020-08-19,123.97
2020-08-20,124.03
2020-08-21,123.43
2020-08-24,122.83
2020-08-25,122.3
2020-08-26,122.54
2020-08-27,122.43
2020-08-28,122.48
2020-08-31,122.53
2020-09-01,123.56
2020-09-02,125.99
2020-09-03,128.43
2020-09-04,127.41
2020-09-07,127.87
2020-09-08,127.78
2020-09-09,125.95
2020-09-10,125.92
2020-09-11,127.55
2020-09-14,129.15
2020-09-15,127.99
2020-09-16,125.82
2020-09-17,125.15
2020-09-18,126.42
2020-09-21,124.47
2020-09-22,124.0
2020-09-23,122.96
2020-09-24,123.29
2020-09-25,123.42
2020-09-28,123.6
2020-09-29,123.74
2020-09-30,123.98
2020-10-01,121.37
2020-10-02,120.31
2020-10-05,120.68
2020-10-06,121.71
2020-10-07,121.54
2020-10-08,122.12
2020-10-09,124.76
2020-10-12,123.11
2020-10-13,121.22
2020-10-14,120.23
2020-10-15,119.67
2020-10-16,120.37
2020-10-19,120.73
2020-10-20,120.81
2020-10-21,121.03
2020-10-22,121.11
2020-10-23,120.1
2020-10-26,119.81
2020-10-27,120.06
2020-10-28,120.1
2020-10-29,119.95
2020-10-30,120.19
2020-11-02,117.67
2020-11-03,116.32
2020-11-04,116.65
2020-11-05,116.69
2020-11-06,117.52
2020-11-09,120.26
2020-11-10,120.83
2020-11-11,122.61
2020-11-12,121.46
2020-11-13,120.89
2020-11-16,121.42
2020-11-17,122.78
2020-11-18,123.35
2020-11-19,124.07
2020-11-20,124.17
2020-11-23,123.57
2020-11-24,123.92
2020-11-25,124.15
2020-11-26,124.33
2020-11-27,124.4
2020-11-30,124.62
2020-12-01,130.6
2020-12-02,134.34
2020-12-03,135.63
2020-12-04,142.22
2020-12-07,145.59
2020-12-08,146.43
2020-12-09,147.84
2020-12-10,153.27
2020-12-11,155.18
2020-12-14,151.3
2020-12-15,152.34
2020-12-16,152.89
2020-12-17,153.72
2020-12-18,155.64
2020-12-21,160.15
2020-12-22,156.71
2020-12-23,156.31
2020-12-24,156.75
2020-12-28,156.73
2020-12-29,156.08
2020-12-30,156.07
2020-12-31,155.84
2021-01-04,163.65
2021-01-05,166.04
2021-01-06,167.14
2021-01-07,169.79
2021-01-08,169.86
2021-01-11,169.14
2021-01-12,169.39
2021-01-13,168.73
2021-01-14,170.11
2021-01-15,170.15
2021-01-18,171.26
2021-01-19,169.8
2021-01-20,169.46
2021-01-21,169.83
2021-01-22,169.34
2021-01-25,169.35
2021-01-26,168.64
2021-01-27,169.13
2021-01-28,168.39
2021-01-29,168.13
2021-02-01,154.64
2021-02-02,148.07
2021-02-03,150.48
2021-02-04,155.75
2021-02-05,153.74
2021-02-08,156.38
2021-02-09,159.06
2021-02-10,161.03
2021-02-11,161.13
2021-02-12,160.82
2021-02-15,161.22
2021-02-16,162.79
2021-02-17,163.01
2021-02-18,164.75
2021-02-19,164.95
2021-02-22,165.87
2021-02-23,165.3
2021-02-24,165.24
2021-02-25,165.4
2021-02-26,165.61
2021-03-01,171.75
2021-03-02,172.98
2021-03-03,173.88
2021-03-04,175.47
2021-03-05,172.56
2021-03-08,172.84
2021-03-09,166.06
2021-03-10,165.98
2021-03-11,169.89
2021-03-12,167.08
2021-03-15,166.29
2021-03-16,167.24
2021-03-17,167.44
2021-03-18,167.83
2021-03-19,165.58
2021-03-22,164.63
2021-03-23,165.36
2021-03-24,166.15
2021-03-25,165.82
2021-03-26,166.12
2021-03-29,166.71
2021-03-30,166.86
2021-03-31,166.9
2021-04-01,163.58
2021-04-02,163.0
2021-04-05,166.2
2021-04-06,166.73
2021-04-07,169.2
2021-04-08,170.11
2021-04-09,170.01
2021-04-12,171.07
2021-04-13,171.02
2021-04-14,171.42
2021-04-15,174.01
2021-04-16,174.11
2021-04-19,176.12
2021-04-20,178.82
2021-04-21,178.63
2021-04-22,178.0
2021-04-23,178.54
2021-04-26,179.54
2021-04-27,180.17
2021-04-28,179.79
2021-04-29,179.78
2021-04-30,179.63
2021-05-03,187.94
2021-05-04,189.83
2021-05-05,190.73
2021-05-06,197.79
2021-05-07,206.28
2021-05-10,220.72
2021-05-11,219.8
2021-05-12,223.94
2021-05-13,214.4
2021-05-14,208.59
2021-05-17,211.44
2021-05-18,215.44
2021-05-19,212.19
2021-05-20,210.16
2021-05-21,207.83
2021-05-24,205.3
2021-05-25,204.58
2021-05-26,202.72
2021-05-27,205.14
2021-05-28,204.99
2021-05-31,205.69
2021-06-01,204.74
2021-06-02,204.9
2021-06-03,207.58
2021-06-04,205.62
2021-06-07,201.37
2021-06-08,207.44
2021-06-09,210.29
2021-06-10,212.81
2021-06-11,214.37
2021-06-14,215.78
2021-06-15,215.32
2021-06-16,213.42
2021-06-17,214.27
2021-06-18,214.08
2021-06-21,210.79
2021-06-22,212.96
2021-06-23,213.93
2021-06-24,213.38
2021-06-25,214.46
2021-06-28,215.04
2021-06-29,214.46
2021-06-30,214.55
2021-07-01,213.23
2021-07-02,212.06
2021-07-05,217.06
2021-07-06,217.08
2021-07-07,217.64
2021-07-08,215.39
2021-07-09,214.08
2021-07-12,216.26
2021-07-13,217.58
2021-07-14,216.93
2021-07-15,218.47
2021-07-16,219.67
2021-07-19,219.43
2021-07-20,219.19
2021-07-21,217.47
2021-07-22,213.91
2021-07-23,212.96
2021-07-26,213.4
2021-07-27,213.08
2021-07-28,213.54
2021-07-29,213.15
2021-07-30,211.99
2021-08-02,181.26
2021-08-03,182.47
2021-08-04,182.31
2021-08-05,173.63
2021-08-06,172.35
2021-08-09,166.2
2021-08-10,165.77
2021-08-11,168.56
2021-08-12,164.96
2021-08-13,165.33
2021-08-16,165.97
2021-08-17,164.73
2021-08-18,160.25
2021-08-19,151.99
2021-08-20,154.31
2021-08-23,154.15
2021-08-24,157.79
2021-08-25,158.36
2021-08-26,158.78
2021-08-27,159.59
2021-08-30,159.56
2021-08-31,159.25
2021-09-01,142.99
2021-09-02,140.51
2021-09-03,145.07
2021-09-06,134.19
2021-09-07,138.75
2021-09-08,134.69
2021-09-09,133.07
2021-09-10,131.76
2021-09-13,127.57
2021-09-14,126.79
2021-09-15,123.49
2021-09-16,118.53
2021-09-17,114.55
2021-09-20,113.1
2021-09-21,112.94
2021-09-22,117.52
2021-09-23,118.1
2021-09-24,118.35
2021-09-27,120.45
2021-09-28,119.17
2021-09-29,119.37
2021-09-30,119.65
2021-10-01,115.47
2021-10-04,117.92
2021-10-05,117.71
2021-10-06,117.87
2021-10-07,118.25
2021-10-08,123.08
2021-10-11,131.71
2021-10-12,126.78
2021-10-13,122.58
2021-10-14,124.0
2021-10-15,123.54
2021-10-18,123.65
2021-10-19,123.2
2021-10-20,123.08
2021-10-21,121.13
2021-10-22,121.52
2021-10-25,122.02
2021-10-26,122.15
2021-10-27,121.83
2021-10-28,121.66
2021-10-29,121.23
2021-11-01,102.1
2021-11-02,96.12
2021-11-03,99.21
2021-11-04,96.19
2021-11-05,93.72
2021-11-08,93.68
2021-11-09,93.0
2021-11-10,90.7
2021-11-11,94.08
2021-11-12,92.1
2021-11-15,91.56
2021-11-16,91.99
2021-11-17,91.78
2021-11-18,90.56
2021-11-19,92.64
2021-11-22,93.57
2021-11-23,94.76
2021-11-24,96.06
2021-11-25,95.59
2021-11-26,94.69
2021-11-29,95.17
2021-11-30,94.97
2021-12-01,103.23
2021-12-02,100.83
2021-12-03,100.72
2021-12-06,101.89
2021-12-07,107.78
2021-12-08,107.74
2021-12-09,105.45
2021-12-10,105.17
2021-12-13,108.93
2021-12-14,107.56
2021-12-15,107.79
2021-12-16,110.11
2021-12-17,111.79
2021-12-20,114.03
2021-12-21,114.55
2021-12-22,113.99
2021-12-23,113.78
2021-12-24,114.22
2021-12-27,113.43
2021-12-28,112.71
2021-12-29,112.4
2021-12-30,112.72
2021-12-31,112.5
2022-01-03,122.69
2022-01-04,122.09
2022-01-05,124.21
2022-01-06,126.98
2022-01-07,126.73
2022-01-10,125.05
2022-01-11,127.62
2022-01-12,129.78
2022-01-13,127.79
2022-01-14,126.8
2022-01-17,125.65
2022-01-18,126.68
2022-01-19,128.08
2022-01-20,129.34
2022-01-21,130.36
2022-01-24,129.21
2022-01-25,130.29
2022-01-26,130.5
2022-01-27,130.5
2022-01-28,131.39
2022-01-31,131.15
2022-02-01,137.73
2022-02-02,140.42
2022-02-03,144.74
2022-02-04,145.55
2022-02-07,148.4
2022-02-08,148.93
2022-02-09,146.71
2022-02-10,152.05
2022-02-11,149.75
2022-02-14,148.86
2022-02-15,142.15
2022-02-16,143.78
2022-02-17,141.11
2022-02-18,140.31
2022-02-21,142.94
2022-02-22,142.18
2022-02-23,142.17
2022-02-24,142.18
2022-02-25,141.56
2022-02-28,141.99
2022-03-01,145.97
2022-03-02,146.4
2022-03-03,154.43
2022-03-04,152.9
2022-03-07,161.1
2022-03-08,160.98
2022-03-09,158.87
2022-03-10,158.31
2022-03-11,154.31
2022-03-14,148.45
2022-03-15,143.23
2022-03-16,149.06
2022-03-17,148.67
2022-03-18,151.35
2022-03-21,150.23
2022-03-22,148.48
2022-03-23,148.92
2022-03-24,149.01
2022-03-25,150.17
2022-03-28,150.03
2022-03-29,150.31
2022-03-30,150.88
2022-03-31,150.84
2022-04-01,159.98
2022-04-04,162.0
2022-04-05,162.27
2022-04-06,160.07
2022-04-07,156.64
2022-04-08,155.5
2022-04-11,153.18
2022-04-12,155.83
2022-04-13,153.72
2022-04-14,155.14
2022-04-15,156.1
2022-04-18,155.18
2022-04-19,153.49
2022-04-20,153.57
2022-04-21,153.35
2022-04-22,153.29
2022-04-25,149.73
2022-04-26,150.39
2022-04-27,150.52
2022-04-28,150.61
2022-04-29,150.77
2022-05-02,145.9
2022-05-03,143.56
2022-05-04,142.8
2022-05-05,145.2
2022-05-06,138.44
2022-05-09,131.99
2022-05-10,130.27
2022-05-11,134.2
2022-05-12,130.16
2022-05-13,130.93
2022-05-16,132.5
2022-05-17,131.58
2022-05-18,129.92
2022-05-19,131.03
2022-05-20,134.36
2022-05-23,134.29
2022-05-24,133.1
2022-05-25,133.34
2022-05-26,132.47
2022-05-27,133.41
2022-05-30,133.6
2022-05-31,133.51
2022-06-01,135.34
2022-06-02,142.2
2022-06-03,144.4
2022-06-06,145.24
2022-06-07,145.81
2022-06-08,145.88
2022-06-09,143.82
2022-06-10,142.37
2022-06-13,139.53
2022-06-14,138.26
2022-06-15,135.47
2022-06-16,135.04
2022-06-17,131.38
2022-06-20,128.0
2022-06-21,128.93
2022-06-22,127.02
2022-06-23,129.32
2022-06-24,128.53
2022-06-27,129.68
2022-06-28,130.28
2022-06-29,130.11
2022-06-30,130.0
2022-07-01,115.23
2022-07-04,109.94
2022-07-05,113.42
2022-07-06,112.33
2022-07-07,114.18
2022-07-08,113.76
2022-07-11,111.65
2022-07-12,108.19
2022-07-13,110.26
2022-07-14,104.96
2022-07-15,103.07
2022-07-18,105.26
2022-07-19,103.14
2022-07-20,104.1
2022-07-21,103.36
2022-07-22,104.46
2022-07-25,105.01
2022-07-26,106.35
2022-07-27,106.47
2022-07-28,107.55
2022-07-29,107.22
2022-08-01,114.86
2022-08-02,114.74
2022-08-03,110.38
2022-08-04,106.5
2022-08-05,109.11
2022-08-08,110.95
2022-08-09,109.28
2022-08-10,109.27
2022-08-11,111.01
2022-08-12,109.86
2022-08-15,106.79
2022-08-16,106.63
2022-08-17,104.59
2022-08-18,104.72
2022-08-19,104.21
2022-08-22,104.37
2022-08-23,104.92
2022-08-24,105.15
2022-08-25,104.96
2022-08-26,105.38
2022-08-29,105.12
2022-08-30,104.49
2022-08-31,104.76
2022-09-01,96.39
2022-09-02,95.34
2022-09-05,98.47
2022-09-06,97.61
2022-09-07,97.18
2022-09-08,100.09
2022-09-09,102.23
2022-09-12,101.61
2022-09-13,102.13
2022-09-14,100.51
2022-09-15,100.58
2022-09-16,99.06
2022-09-19,98.63
2022-09-20,98.33
2022-09-21,98.1
2022-09-22,98.96
2022-09-23,98.91
2022-09-26,98.43
2022-09-27,98.61
2022-09-28,98.21
2022-09-29,98.35
2022-09-30,98.31
2022-10-03,93.7
2022-10-04,95.0
2022-10-05,95.15
2022-10-06,95.7
2022-10-07,95.58
2022-10-10,98.08
2022-10-11,96.47
2022-10-12,96.03
2022-10-13,94.9
2022-10-14,95.77
2022-10-17,94.6
2022-10-18,95.01
2022-10-19,94.89
2022-10-20,94.01
2022-10-21,94.45
2022-10-24,94.45
2022-10-25,93.88
2022-10-26,93.47
2022-10-27,92.89
2022-10-28,92.59
2022-10-31,92.43
2022-11-01,79.79
2022-11-02,82.12
2022-11-03,83.32
2022-11-04,86.97
2022-11-07,87.01
2022-11-08,88.37
2022-11-09,88.68
2022-11-10,87.24
2022-11-11,90.47
2022-11-14,91.59
2022-11-15,92.45
2022-11-16,93.43
2022-11-17,93.27
2022-11-18,93.9
2022-11-21,92.76
2022-11-22,92.18
2022-11-23,92.43
2022-11-24,92.51
2022-11-25,93.06
2022-11-28,93.01
2022-11-29,93.27
2022-11-30,93.25
2022-12-01,102.94
2022-12-02,106.59
2022-12-05,108.72
2022-12-06,108.41
2022-12-07,106.71
2022-12-08,109.22
2022-12-09,111.28
2022-12-12,109.56
2022-12-13,109.41
2022-12-14,109.38
2022-12-15,111.17
2022-12-16,111.07
2022-12-19,109.46
2022-12-20,110.12
2022-12-21,110.95
2022-12-22,110.93
2022-12-23,110.86
2022-12-26,110.85
2022-12-27,111.25
2022-12-28,111.31
2022-12-29,111.15
2022-12-30,111.28
2023-01-03,117.14
2023-01-04,116.05
2023-01-05,116.2
2023-01-06,118.68
2023-01-09,118.03
2023-01-10,120.0
2023-01-11,121.5
2023-01-12,122.03
2023-01-13,123.59
2023-01-16,120.51
2023-01-17,121.02
2023-01-18,121.37
2023-01-19,122.25
2023-01-20,123.08
2023-01-23,123.23
2023-01-24,123.01
2023-01-25,122.82
2023-01-26,122.97
2023-01-27,124.19
2023-01-30,123.44
2023-01-31,123.37
2023-02-01,126.4
2023-02-02,124.64
2023-02-03,125.56
2023-02-06,124.25
2023-02-07,122.27
2023-02-08,122.7
2023-02-09,124.67
2023-02-10,125.38
2023-02-13,122.99
2023-02-14,124.05
2023-02-15,124.42
2023-02-16,124.85
2023-02-17,125.55
2023-02-20,126.19
2023-02-21,127.02
2023-02-22,126.84
2023-02-23,126.76
2023-02-24,126.13
2023-02-27,125.81
2023-02-28,125.75
2023-03-01,126.73
2023-03-02,127.1
2023-03-03,126.17
2023-03-06,125.19
2023-03-07,127.4
2023-03-08,127.37
2023-03-09,128.08
2023-03-10,129.04
2023-03-13,130.8
2023-03-14,131.01
2023-03-15,131.19
2023-03-16,129.62
2023-03-17,130.67
2023-03-20,128.3
2023-03-21,127.53
2023-03-22,126.23
2023-03-23,126.12
2023-03-24,126.18
2023-03-27,126.36
2023-03-28,126.52
2023-03-29,126.92
2023-03-30,127.07
2023-03-31,127.06
2023-04-03,122.27
2023-04-04,120.32
2023-04-05,119.53
2023-04-06,119.6
2023-04-07,118.5
2023-04-10,119.72
2023-04-11,121.43
2023-04-12,120.4
2023-04-13,119.38
2023-04-14,119.41
2023-04-17,119.48
2023-04-18,120.25
2023-04-19,120.19
2023-04-20,119.53
2023-04-21,117.41
2023-04-24,116.39
2023-04-25,116.01
2023-04-26,116.17
2023-04-27,116.16
2023-04-28,116.14
2023-05-01,104.3
2023-05-02,105.09
2023-05-03,104.5
2023-05-04,102.77
2023-05-05,102.33
2023-05-08,107.73
2023-05-09,105.2
2023-05-10,106.32
2023-05-11,103.08
2023-05-12,103.68
2023-05-15,107.09
2023-05-16,107.07
2023-05-17,108.53
2023-05-18,107.83
2023-05-19,107.07
2023-05-22,106.33
2023-05-23,105.39
2023-05-24,103.91
2023-05-25,103.93
2023-05-26,104.91
2023-05-29,105.12
2023-05-30,105.17
2023-05-31,105.07
2023-06-01,104.6
2023-06-02,106.38
2023-06-05,107.44
2023-06-06,108.55
2023-06-07,109.99
2023-06-08,111.82
2023-06-09,113.75
2023-06-12,111.13
2023-06-13,113.08
2023-06-14,113.42
2023-06-15,113.67
2023-06-16,113.8
2023-06-19,114.2
2023-06-20,113.47
2023-06-21,112.63
2023-06-22,112.91
2023-06-23,112.41
2023-06-26,112.33
2023-06-27,112.8
2023-06-28,112.78
2023-06-29,112.66
2023-06-30,112.57
2023-07-03,110.05
2023-07-04,110.44
2023-07-05,111.19
2023-07-06,111.69
2023-07-07,109.53
2023-07-10,106.64
2023-07-11,108.18
2023-07-12,110.58
2023-07-13,111.01
2023-07-14,113.79
2023-07-17,112.5
2023-07-18,113.24
2023-07-19,112.63
2023-07-20,113.55
2023-07-21,113.11
2023-07-24,112.8
2023-07-25,113.33
2023-07-26,113.31
2023-07-27,112.83
2023-07-28,112.45
2023-07-31,112.46
2023-08-01,108.03
2023-08-02,105.86
2023-08-03,103.21
2023-08-04,104.22
2023-08-07,103.79
2023-08-08,103.23
2023-08-09,104.03
2023-08-10,103.64
2023-08-11,104.87
2023-08-14,103.47
2023-08-15,103.85
2023-08-16,103.87
2023-08-17,106.54
2023-08-18,107.25
2023-08-21,107.46
2023-08-22,108.63
2023-08-23,109.51
2023-08-24,109.17
2023-08-25,109.55
2023-08-28,109.28
2023-08-29,109.23
2023-08-30,109.33
2023-08-31,109.4
2023-09-01,116.27
2023-09-04,117.08
2023-09-05,117.54
2023-09-06,118.85
2023-09-07,117.07
2023-09-08,116.43
2023-09-11,119.51
2023-09-12,120.93
2023-09-13,121.13
2023-09-14,121.98
2023-09-15,123.37
2023-09-18,122.68
2023-09-19,121.92
2023-09-20,122.54
2023-09-21,120.9
2023-09-22,121.97
2023-09-25,120.66
2023-09-26,120.41
2023-09-27,120.67
2023-09-28,120.77
2023-09-29,120.79
2023-10-02,120.49
2023-10-03,119.02
2023-10-04,118.05
2023-10-05,117.8
2023-10-06,117.56
2023-10-09,116.14
2023-10-10,115.01
2023-10-11,116.43
2023-10-12,117.73
2023-10-13,117.36
2023-10-16,119.1
2023-10-17,119.21
2023-10-18,118.35
2023-10-19,119.09
2023-10-20,117.33
2023-10-23,117.29
2023-10-24,118.18
2023-10-25,118.41
2023-10-26,118.3
2023-10-27,118.88
2023-10-30,118.97
2023-10-31,118.91
2023-11-01,123.92
2023-11-02,124.99
2023-11-03,125.39
2023-11-06,126.08
2023-11-07,125.26
2023-11-08,126.91
2023-11-09,127.14
2023-11-10,128.31
2023-11-13,129.24
2023-11-14,129.26
2023-11-15,130.28
2023-11-16,130.58
2023-11-17,129.39
2023-11-20,130.35
2023-11-21,130.96
2023-11-22,131.4
2023-11-23,131.13
2023-11-24,131.23
2023-11-27,130.86
2023-11-28,130.33
2023-11-29,130.4
2023-11-30,130.46
2023-12-01,132.6
2023-12-04,130.38
2023-12-05,130.6
2023-12-06,133.05
2023-12-07,134.87
2023-12-08,136.21
2023-12-11,135.79
2023-12-12,136.43
2023-12-13,135.16
2023-12-14,135.42
2023-12-15,135.24
2023-12-18,134.33
2023-12-19,134.46
2023-12-20,135.02
2023-12-21,136.05
2023-12-22,136.17
2023-12-25,135.35
2023-12-26,136.59
2023-12-27,136.67
2023-12-28,136.3
2023-12-29,136.37
2024-01-02,143.08
2024-01-03,143.6
2024-01-04,142.26
2024-01-05,140.31
2024-01-08,139.66
2024-01-09,139.45
2024-01-10,135.82
2024-01-11,137.01
2024-01-12,134.18
2024-01-15,132.88
2024-01-16,133.7
2024-01-17,131.99
2024-01-18,133.63
2024-01-19,133.96
2024-01-22,133.62
2024-01-23,134.54
2024-01-24,135.3
2024-01-25,135.42
2024-01-26,135.31
2024-01-29,135.55
2024-01-30,135.27
2024-01-31,135.13
2024-02-01,132.37
2024-02-02,128.0
2024-02-05,127.71
2024-02-06,126.63
2024-02-07,126.41
2024-02-08,129.17
2024-02-09,128.02
2024-02-12,128.76
2024-02-13,129.13
2024-02-14,129.54
2024-02-15,129.68
2024-02-16,130.36
2024-02-19,128.51
2024-02-20,125.93
2024-02-21,125.27
2024-02-22,125.38
2024-02-23,125.53
2024-02-26,124.65
2024-02-27,124.97
2024-02-28,124.82
2024-02-29,124.86
2024-03-01,114.66
2024-03-04,117.03
2024-03-05,116.06
2024-03-06,116.99
2024-03-07,118.13
2024-03-08,116.93
2024-03-11,111.34
2024-03-12,112.39
2024-03-13,110.05
2024-03-14,108.71
2024-03-15,106.75
2024-03-18,108.51
2024-03-19,109.83
2024-03-20,109.43
2024-03-21,110.88
2024-03-22,110.39
2024-03-25,110.47
2024-03-26,109.75
2024-03-27,109.47
2024-03-28,109.53
2024-03-29,100.1
2024-04-01,101.99
2024-04-02,102.35
2024-04-03,100.34
2024-04-04,98.36
2024-04-05,98.91
2024-04-08,103.61
2024-04-09,105.97
2024-04-10,105.36
2024-04-11,106.41
2024-04-12,108.49
2024-04-15,109.15
2024-04-16,107.48
2024-04-17,110.42
2024-04-18,111.18
2024-04-19,110.89
2024-04-22,110.84
2024-04-23,109.83
2024-04-24,111.09
2024-04-25,111.06
2024-04-26,111.14
2024-04-29,110.99
2024-04-30,110.91
2024-05-01,115.91
2024-05-02,118.04
2024-05-03,117.69
2024-05-06,119.64
2024-05-07,118.58
2024-05-08,115.79
2024-05-09,116.44
2024-05-10,116.67
2024-05-13,117.29
2024-05-14,116.05
2024-05-15,115.35
2024-05-16,116.85
2024-05-17,117.21
2024-05-20,117.73
2024-05-21,118.62
2024-05-22,119.1
2024-05-23,118.12
2024-05-24,118.37
2024-05-27,118.04
2024-05-28,117.72
2024-05-29,117.83
2024-05-30,117.54
2024-05-31,117.52
2024-06-03,109.98
2024-06-04,107.5
2024-06-05,106.79
2024-06-06,108.65
2024-06-07,108.7
2024-06-10,107.06
2024-06-11,105.38
2024-06-12,105.86
2024-06-13,106.98
2024-06-14,107.46
2024-06-17,106.55
2024-06-18,107.01
2024-06-19,107.35
2024-06-20,107.15
2024-06-21,106.63
2024-06-24,105.95
2024-06-25,106.05
2024-06-26,106.63
2024-06-27,106.49
2024-06-28,106.51
2024-07-01,110.08
2024-07-02,110.37
2024-07-03,113.26
2024-07-04,113.71
2024-07-05,110.99
2024-07-08,109.24
2024-07-09,110.05
2024-07-10,107.28
2024-07-11,108.91
2024-07-12,109.05
2024-07-15,109.42
2024-07-16,108.72
2024-07-17,107.48
2024-07-18,107.71
2024-07-19,107.2
2024-07-22,106.79
2024-07-23,105.93
2024-07-24,105.96
2024-07-25,105.75
2024-07-26,106.12
2024-07-29,106.09
2024-07-30,105.84
2024-07-31,105.94
2024-08-01,102.8
2024-08-02,103.83
2024-08-05,103.71
2024-08-06,102.66
2024-08-07,101.36
2024-08-08,100.14
2024-08-09,101.49
2024-08-12,100.06
2024-08-13,99.37
2024-08-14,97.64
2024-08-15,96.28
2024-08-16,95.55
2024-08-19,96.86
2024-08-20,97.18
2024-08-21,98.38
2024-08-22,97.89
2024-08-23,97.6
2024-08-26,98.6
2024-08-27,98.83
2024-08-28,98.73
2024-08-29,98.74
2024-08-30,98.7
2024-09-02,96.6
2024-09-03,93.42
2024-09-04,92.53
2024-09-05,91.26
2024-09-06,91.77
2024-09-09,91.77
2024-09-10,91.1
2024-09-11,92.48
2024-09-12,93.72
2024-09-13,92.58
2024-09-16,91.77
2024-09-17,92.18
2024-09-18,91.53
2024-09-19,92.27
2024-09-20,91.97
2024-09-23,91.38
2024-09-24,92.6
2024-09-25,92.9
2024-09-26,93.23
2024-09-27,93.5
2024-09-30,93.83
2024-10-01,108.24
2024-10-02,108.26
2024-10-03,109.12
2024-10-04,108.69
2024-10-07,110.55
2024-10-08,105.61
2024-10-09,105.64
2024-10-10,105.26
2024-10-11,106.42
2024-10-14,107.3
2024-10-15,106.3
2024-10-16,105.75
2024-10-17,103.24
2024-10-18,104.2
2024-10-21,104.21
2024-10-22,103.68
2024-10-23,103.19
2024-10-24,103.4
2024-10-25,103.75
2024-10-28,104.1
2024-10-29,104.07
2024-10-30,104.08
2024-10-31,103.89
2024-11-01,102.36
2024-11-04,104.05
2024-11-05,105.47
2024-11-06,104.16
2024-11-07,105.45
2024-11-08,103.32
2024-11-11,101.78
2024-11-12,101.76
2024-11-13,101.87
2024-11-14,100.58
2024-11-15,99.76
2024-11-18,101.06
2024-11-19,101.85
2024-11-20,101.8
2024-11-21,102.18
2024-11-22,101.71
2024-11-25,102.22
2024-11-26,102.24
2024-11-27,102.4
2024-11-28,102.39
2024-11-29,102.44
2024-12-02,105.41
2024-12-03,105.91
2024-12-04,106.14
2024-12-05,104.74
2024-12-06,104.22
2024-12-09,105.69
2024-12-10,105.76
2024-12-11,105.14
2024-12-12,106.17
2024-12-13,105.06
2024-12-16,105.66
2024-12-17,105.45
2024-12-18,104.68
2024-12-19,104.25
2024-12-20,103.79
2024-12-23,103.95
2024-12-24,103.82
2024-12-25,104.25
2024-12-26,103.79
2024-12-27,103.5
2024-12-30,103.69
2024-12-31,103.61
2025-01-02,101.38
2025-01-03,98.83
2025-01-06,97.31
2025-01-07,97.42
2025-01-08,97.36
2025-01-09,97.82
2025-01-10,97.9
2025-01-13,98.92
2025-01-14,99.85
2025-01-15,99.97
2025-01-16,101.02
2025-01-17,101.57
2025-01-20,101.53
2025-01-21,101.79
2025-01-22,101.42
2025-01-23,101.44
2025-01-24,101.59
2025-01-27,101.54
2025-01-28,101.5
2025-01-29,101.55
2025-01-30,101.6
2025-01-31,101.59
2025-02-03,104.78
2025-02-04,105.55
2025-02-05,104.43
2025-02-06,106.35
2025-02-07,106.72
2025-02-10,107.34
2025-02-11,106.41
2025-02-12,107.81
2025-02-13,106.99
2025-02-14,106.79
2025-02-17,106.46
2025-02-18,106.9
2025-02-19,106.9
2025-02-20,107.65
2025-02-21,107.6
2025-02-24,107.57
2025-02-25,107.1
2025-02-26,107.09
2025-02-27,107.03
2025-02-28,106.9
2025-03-03,100.9
2025-03-04,101.87
2025-03-05,100.8
2025-03-06,101.25
2025-03-07,101.28
2025-03-10,101.05
2025-03-11,101.64
2025-03-12,101.76
2025-03-13,102.85
2025-03-14,103.75
2025-03-17,102.65
2025-03-18,102.8
2025-03-19,101.99
2025-03-20,102.1
2025-03-21,101.82
2025-03-24,102.5
2025-03-25,102.2
2025-03-26,102.4
2025-03-27,102.45
2025-03-28,102.43
2025-03-31,102.04
2025-04-01,103.88
2025-04-02,103.77
2025-04-03,102.88
2025-04-04,101.83
2025-04-07,99.54
2025-04-08,97.44
2025-04-09,97.27
2025-04-10,98.98
2025-04-11,99.0
2025-04-14,99.57
2025-04-15,99.99
2025-04-16,99.68
2025-04-17,99.55
2025-04-18,99.3
2025-04-21,100.1
2025-04-22,99.8
2025-04-23,100.23
2025-04-24,100.05
2025-04-25,99.85
2025-04-28,99.85
2025-04-29,99.85
2025-04-30,99.76
2025-05-01,96.2
2025-05-02,96.85
2025-05-05,97.65
2025-05-06,98.5
2025-05-07,99.35
2025-05-08,97.93
2025-05-09,98.25
2025-05-12,100.49
2025-05-13,100.05
2025-05-14,101.8
2025-05-15,101.2
2025-05-16,100.6
2025-05-19,100.2
2025-05-20,100.11
2025-05-21,100.2
2025-05-22,99.86
2025-05-23,99.56
2025-05-26,99.4
2025-05-27,99.21
2025-05-28,99.08
2025-05-29,99.15
2025-05-30,99.12
2025-06-02,96.06
2025-06-03,95.25
2025-06-04,96.24
2025-06-05,95.67
2025-06-06,96.26
2025-06-09,95.56
2025-06-10,95.3
2025-06-11,95.8
2025-06-12,95.4
2025-06-13,95.1
2025-06-16,95.05
2025-06-17,94.42
2025-06-18,94.17
2025-06-19,94.33
2025-06-20,94.7
2025-06-23,94.74
2025-06-24,94.45
2025-06-25,94.3
2025-06-26,94.45
2025-06-27,94.55
2025-06-30,94.47
2025-07-01,93.35
2025-07-02,95.25
2025-07-03,96.35
2025-07-04,95.89
2025-07-07,95.25
2025-07-08,95.53
2025-07-09,95.58
2025-07-10,97.6
2025-07-11,97.8
2025-07-14,97.9
2025-07-15,97.45
2025-07-16,97.95
2025-07-17,98.44
2025-07-18,98.37
2025-07-21,99.49
2025-07-22,100.15
2025-07-23,99.85
2025-07-24,100.01
2025-07-25,99.55
2025-07-28,99.1
2025-07-29,99.3
2025-07-30,99.2
2025-07-31,99.12
2025-08-01,99.65
2025-08-04,101.04
2025-08-05,101.91
2025-08-06,101.25
2025-08-07,101.7
2025-08-08,101.7
2025-08-11,102.6
2025-08-12,103.26
2025-08-13,102.79
2025-08-14,101.91
2025-08-15,101.84
2025-08-18,101.63
2025-08-19,101.45
2025-08-20,101.26
2025-08-21,101.49
2025-08-22,101.2
2025-08-25,101.9
2025-08-26,101.65
2025-08-27,101.75
2025-08-28,101.9
2025-08-29,101.81
2025-09-01,101.71
2025-09-02,102.55
2025-09-03,103.34
2025-09-04,104.67
2025-09-05,104.75
2025-09-08,105.25
2025-09-09,106.75
2025-09-10,106.37
2025-09-11,105.4
2025-09-12,105.7
2025-09-15,105.5
2025-09-16,105.72
2025-09-17,105.45
2025-09-18,105.27
2025-09-19,105.7
2025-09-22,105.8
2025-09-23,105.69
2025-09-24,105.7
2025-09-25,105.6
2025-09-26,105.32
2025-09-29,105.3
2025-09-30,105.29
2025-10-01,103.91
2025-10-02,104.0
2025-10-03,104.04
2025-10-06,104.08
2025-10-07,104.05
2025-10-08,104.2
2025-10-09,104.91
2025-10-10,106.4
2025-10-13,107.3
2025-10-14,105.49
2025-10-15,105.68
2025-10-16,105.43
2025-10-17,104.87
2025-10-20,104.92
2025-10-21,104.94
2025-10-22,105.15
2025-10-23,105.35
2025-10-24,105.2
2025-10-27,105.66
2025-10-28,105.75
2025-10-29,105.95
2025-10-30,105.84
2025-10-31,105.83
2025-11-03,105.65
2025-11-04,104.16
2025-11-05,104.33
2025-11-06,104.81
2025-11-07,102.59
2025-11-10,103.29
2025-11-11,102.83
2025-11-12,103.73
2025-11-13,103.69
2025-11-14,103.6
2025-11-17,104.6
2025-11-18,104.5
2025-11-19,104.5
2025-11-20,104.35
2025-11-21,104.33
2025-11-24,104.65
2025-11-25,104.8
2025-11-26,104.9
2025-11-27,104.9
2025-11-28,104.84
2025-12-01,106.91
2025-12-02,107.4
2025-12-03,107.85
2025-12-04,107.9
2025-12-05,107.12
2025-12-08,106.05
2025-12-09,105.95
2025-12-10,106.54
2025-12-11,105.75
2025-12-12,106.05
2025-12-15,105.77
2025-12-16,106.25
2025-12-17,106.75
2025-12-18,107.26
2025-12-19,107.25
2025-12-22,107.22
2025-12-23,107.15
2025-12-24,107.05
2025-12-25,107.0
2025-12-26,107.15
2025-12-29,107.3
2025-12-30,107.3
2025-12-31,107.19
2026-01-02,105.55
2026-01-05,105.97
2026-01-06,106.64
2026-01-07,108.85
2026-01-08,107.85
2026-01-09,108.34
2026-01-12,108.89
2026-01-13,108.19
2026-01-14,108.0
2026-01-15,107.39
2026-01-16,106.92
2026-01-19,106.09
2026-01-20,105.79
2026-01-21,105.39
2026-01-22,105.65
2026-01-23,105.87
2026-01-26,105.62
2026-01-27,105.7
2026-01-28,105.5
2026-01-29,105.7
2026-01-30,105.62
2026-02-02,102.65
2026-02-03,101.75
2026-02-04,102.5
2026-02-05,100.9
2026-02-06,99.58
2026-02-09,100.25
2026-02-10,100.64
2026-02-11,100.29
2026-02-12,100.05
2026-02-13,98.7
2026-02-16,98.6
2026-02-17,98.35
2026-02-18,98.26
2026-02-19,98.25
2026-02-20,98.2
2026-02-23,98.46
2026-02-24,98.65
2026-02-25,99.03
2026-02-26,99.05
2026-02-27,99.06
2026-03-02,100.07
2026-03-03,99.62
2026-03-04,99.6
2026-03-05,101.01
2026-03-06,102.2
2026-03-09,103.22
2026-03-10,103.8
2026-03-11,104.1
2026-03-12,106.67
2026-03-13,106.72
2026-03-16,106.42
2026-03-17,107.1
2026-03-18,106.3
2026-03-19,106.31
2026-03-20,106.74
2026-03-23,106.7
2026-03-24,106.6
2026-03-25,105.98
2026-03-26,106.39
2026-03-27,106.35
2026-03-30,106.39
2026-03-31,106.38
2026-04-01,107.49
2026-04-02,107.67
2026-04-03,107.01
2026-04-06,107.91
2026-04-07,107.97
2026-04-08,107.15
2026-04-09,105.13
2026-04-10,105.47
2026-04-13,106.27
2026-04-14,105.33
2026-04-15,105.82
2026-04-16,106.95
2026-04-17,106.7
2026-04-20,107.28
2026-04-21,107.25
2026-04-22,107.35
2026-04-23,107.1
2026-04-24,107.15
2026-04-27,107.25
2026-04-28,107.1
2026-04-29,107.17
2026-04-30,107.18
2026-05-01,108.34
2026-05-04,108.96
2026-05-05,109.14
2026-05-06,110.89
2026-05-07,111.34
2026-05-08,110.99
2026-05-11,111.91
2026-05-12,110.91
2026-05-13,111.48
2026-05-14,111.23
2026-05-15,110.5
2026-05-18,110.0
2026-05-19,109.66
2026-05-20,109.39
2026-05-21,108.9
2026-05-22,109.0
2026-05-25,109.09
2026-05-26,108.8
2026-05-27,108.85
2026-05-28,108.75
2026-05-29,108.82
2026-06-01,104.75
2026-06-02,105.3
2026-06-03,103.72
2026-06-04,101.61
2026-06-05,101.91
2026-06-08,100.65
2026-06-09,101.13
2026-06-10,101.65
2026-06-11,101.43
2026-06-12,101.5
2026-06-15,102.09
2026-06-16,101.47
2026-06-17,100.6
2026-06-18,100.55
2026-06-19,100.33
2026-06-22,100.3
2026-06-23,99.85
2026-06-24,100.05
2026-06-25,99.95
2026-06-26,100.26
2026-06-29,100.2
2026-06-30,100.2
