date,shfe_rb_close
2014-06-03,2894.0
2014-06-04,2894.0
2014-06-05,2894.0
2014-06-06,2894.0
2014-06-09,2780.0
2014-06-10,2850.0
2014-06-11,2850.0
2014-06-12,2850.0
2014-06-13,2850.0
2014-06-16,2850.0
2014-06-17,2830.0
2014-06-18,2834.0
2014-06-19,2853.0
2014-06-20,2867.0
2014-06-23,2896.0
2014-06-24,2859.0
2014-06-25,2878.0
2014-06-26,2908.0
2014-06-27,2866.0
2014-06-30,2811.0
2014-07-01,2750.0
2014-07-02,2856.0
2014-07-03,2856.0
2014-07-04,2856.0
2014-07-07,2856.0
2014-07-08,2950.0
2014-07-09,2940.0
2014-07-10,2940.0
2014-07-11,2900.0
2014-07-14,2900.0
2014-07-15,2920.0
2014-07-16,3147.0
2014-07-17,3189.0
2014-07-18,3239.0
2014-07-21,3200.0
2014-07-22,3210.0
2014-07-23,3202.0
2014-07-24,3202.0
2014-07-25,3238.0
2014-07-28,3366.0
2014-07-29,3229.0
2014-07-30,3161.0
2014-07-31,3053.0
2014-08-01,3053.0
2014-08-04,3060.0
2014-08-05,3060.0
2014-08-06,3060.0
2014-08-07,3060.0
2014-08-08,3060.0
2014-08-11,3060.0
2014-08-12,3060.0
2014-08-13,3060.0
2014-08-14,3060.0
2014-08-15,3060.0
2014-08-18,3053.0
2014-08-19,3046.0
2014-08-20,3033.0
2014-08-21,3029.0
2014-08-22,3036.0
2014-08-25,3017.0
2014-08-26,3010.0
2014-08-27,3005.0
2014-08-28,2921.0
2014-08-29,2900.0
2014-09-01,2824.0
2014-09-02,2828.0
2014-09-03,2828.0
2014-09-04,2828.0
2014-09-05,2828.0
2014-09-09,2715.0
2014-09-10,2707.0
2014-09-11,2810.0
2014-09-12,2855.0
2014-09-15,2805.0
2014-09-16,2706.0
2014-09-17,2693.0
2014-09-18,2672.0
2014-09-19,2611.0
2014-09-22,2535.0
2014-09-23,2495.0
2014-09-24,2516.0
2014-09-25,2503.0
2014-09-26,2533.0
2014-09-29,2523.0
2014-09-30,2502.0
2014-10-08,2495.0
2014-10-09,2497.0
2014-10-10,2489.0
2014-10-13,2544.0
2014-10-14,2597.0
2014-10-15,2572.0
2014-10-16,2595.0
2014-10-17,2585.0
2014-10-20,2587.0
2014-10-21,2595.0
2014-10-22,2589.0
2014-10-23,2571.0
2014-10-24,2597.0
2014-10-27,2621.0
2014-10-28,2641.0
2014-10-29,2649.0
2014-10-30,2636.0
2014-10-31,2654.0
2014-11-03,2622.0
2014-11-04,2622.0
2014-11-05,2622.0
2014-11-06,2650.0
2014-11-07,2652.0
2014-11-10,2645.0
2014-11-11,2630.0
2014-11-12,2642.0
2014-11-13,2650.0
2014-11-14,2650.0
2014-11-17,2650.0
2014-11-18,2623.0
2014-11-19,2609.0
2014-11-20,2590.0
2014-11-21,2597.0
2014-11-24,2606.0
2014-11-25,2597.0
2014-11-26,2597.0
2014-11-27,2620.0
2014-11-28,2644.0
2014-12-01,2628.0
2014-12-02,2657.0
2014-12-03,2670.0
2014-12-04,2670.0
2014-12-05,2670.0
2014-12-08,2670.0
2014-12-09,2630.0
2014-12-10,2630.0
2014-12-11,2630.0
2014-12-12,2630.0
2014-12-15,2630.0
2014-12-16,2643.0
2014-12-17,2641.0
2014-12-18,2643.0
2014-12-19,2644.0
2014-12-22,2600.0
2014-12-23,2552.0
2014-12-24,2563.0
2014-12-25,2575.0
2014-12-26,2574.0
2014-12-29,2589.0
2014-12-30,2636.0
2014-12-31,2607.0
2015-01-05,2569.0
2015-01-06,2589.0
2015-01-07,2577.0
2015-01-08,2575.0
2015-01-09,2564.0
2015-01-12,2518.0
2015-01-13,2471.0
2015-01-14,2457.0
2015-01-15,2370.0
2015-01-16,2388.0
2015-01-19,2341.0
2015-01-20,2330.0
2015-01-21,2323.0
2015-01-22,2300.0
2015-01-23,2296.0
2015-01-26,2238.0
2015-01-27,2220.0
2015-01-28,2204.0
2015-01-29,2212.0
2015-01-30,2188.0
2015-02-02,2175.0
2015-02-03,2197.0
2015-02-04,2208.0
2015-02-05,2174.0
2015-02-06,2173.0
2015-02-09,2201.0
2015-02-10,2200.0
2015-02-11,2242.0
2015-02-12,2233.0
2015-02-13,2240.0
2015-02-16,2247.0
2015-02-17,2243.0
2015-02-25,2217.0
2015-02-26,2221.0
2015-02-27,2208.0
2015-03-02,2132.0
2015-03-03,2141.0
2015-03-04,2157.0
2015-03-05,2148.0
2015-03-06,2126.0
2015-03-09,2139.0
2015-03-10,2105.0
2015-03-11,2111.0
2015-03-12,2146.0
2015-03-13,2160.0
2015-03-16,2186.0
2015-03-17,2295.0
2015-03-18,2289.0
2015-03-19,2296.0
2015-03-20,2299.0
2015-03-23,2344.0
2015-03-24,2353.0
2015-03-25,2382.0
2015-03-26,2380.0
2015-03-27,2355.0
2015-03-30,2355.0
2015-03-31,2287.0
2015-04-01,2265.0
2015-04-02,2300.0
2015-04-03,2300.0
2015-04-07,2202.0
2015-04-08,2210.0
2015-04-09,2210.0
2015-04-10,2210.0
2015-04-13,2259.0
2015-04-14,2259.0
2015-04-15,2259.0
2015-04-16,2273.0
2015-04-17,2290.0
2015-04-20,2285.0
2015-04-21,2249.0
2015-04-22,2258.0
2015-04-23,2266.0
2015-04-24,2286.0
2015-04-27,2285.0
2015-04-28,2278.0
2015-04-29,2247.0
2015-04-30,2206.0
2015-05-04,2203.0
2015-05-05,2211.0
2015-05-06,2208.0
2015-05-07,2197.0
2015-05-08,2174.0
2015-05-11,2160.0
2015-05-12,2084.0
2015-05-13,2075.0
2015-05-14,2080.0
2015-05-15,2076.0
2015-05-18,2154.0
2015-05-19,2149.0
2015-05-20,2121.0
2015-05-21,2104.0
2015-05-22,2102.0
2015-05-25,2110.0
2015-05-26,2100.0
2015-05-27,2073.0
2015-05-28,2054.0
2015-05-29,2055.0
2015-06-01,2072.0
2015-06-02,2070.0
2015-06-03,2042.0
2015-06-04,2069.0
2015-06-05,2097.0
2015-06-08,2086.0
2015-06-09,2047.0
2015-06-10,2049.0
2015-06-11,2032.0
2015-06-12,2021.0
2015-06-15,2000.0
2015-06-16,2060.0
2015-06-17,2032.0
2015-06-18,2027.0
2015-06-19,2028.0
2015-06-23,2018.0
2015-06-24,2017.0
2015-06-25,2007.0
2015-06-26,1963.0
2015-06-29,1919.0
2015-06-30,1877.0
2015-07-01,1852.0
2015-07-02,1852.0
2015-07-03,1852.0
2015-07-06,1800.0
2015-07-07,1735.0
2015-07-08,1711.0
2015-07-09,1711.0
2015-07-10,1720.0
2015-07-13,1740.0
2015-07-14,1740.0
2015-07-15,1740.0
2015-07-16,1918.0
2015-07-17,1922.0
2015-07-20,1942.0
2015-07-21,1978.0
2015-07-22,1969.0
2015-07-23,1932.0
2015-07-24,1937.0
2015-07-27,1952.0
2015-07-28,1978.0
2015-07-29,2017.0
2015-07-30,2027.0
2015-07-31,2043.0
2015-08-03,2033.0
2015-08-04,2133.0
2015-08-05,2222.0
2015-08-06,2165.0
2015-08-07,2233.0
2015-08-10,2180.0
2015-08-11,2072.0
2015-08-12,2072.0
2015-08-13,2100.0
2015-08-14,2150.0
2015-08-17,2150.0
2015-08-18,2094.0
2015-08-19,2082.0
2015-08-20,2055.0
2015-08-21,2040.0
2015-08-24,1967.0
2015-08-25,1963.0
2015-08-26,1974.0
2015-08-27,1960.0
2015-08-28,1969.0
2015-08-31,1935.0
2015-09-01,2020.0
2015-09-02,1980.0
2015-09-07,1975.0
2015-09-08,1978.0
2015-09-09,1963.0
2015-09-10,1971.0
2015-09-11,1970.0
2015-09-14,1970.0
2015-09-15,1901.0
2015-09-16,1959.0
2015-09-17,1966.0
2015-09-18,1964.0
2015-09-21,1957.0
2015-09-22,1951.0
2015-09-23,1956.0
2015-09-24,1944.0
2015-09-25,1934.0
2015-09-28,1886.0
2015-09-29,1856.0
2015-09-30,1796.0
2015-10-08,1779.0
2015-10-09,1783.0
2015-10-12,1752.0
2015-10-13,1746.0
2015-10-14,1765.0
2015-10-15,1753.0
2015-10-16,1775.0
2015-10-19,1768.0
2015-10-20,1754.0
2015-10-21,1752.0
2015-10-22,1761.0
2015-10-23,1766.0
2015-10-26,1760.0
2015-10-27,1770.0
2015-10-28,1771.0
2015-10-29,1772.0
2015-10-30,1764.0
2015-11-02,1777.0
2015-11-03,1784.0
2015-11-04,1806.0
2015-11-05,1806.0
2015-11-06,1806.0
2015-11-09,1806.0
2015-11-10,1806.0
2015-11-11,1805.0
2015-11-12,1751.0
2015-11-13,1780.0
2015-11-16,1780.0
2015-11-17,1790.0
2015-11-18,1767.0
2015-11-19,1750.0
2015-11-20,1760.0
2015-11-23,1749.0
2015-11-24,1751.0
2015-11-25,1752.0
2015-11-26,1751.0
2015-11-27,1721.0
2015-11-30,1687.0
2015-12-01,1660.0
2015-12-02,1660.0
2015-12-03,1738.0
2015-12-04,1680.0
2015-12-07,1596.0
2015-12-08,1580.0
2015-12-09,1580.0
2015-12-10,1580.0
2015-12-11,1600.0
2015-12-14,1600.0
2015-12-15,1600.0
2015-12-16,1641.0
2015-12-17,1682.0
2015-12-18,1700.0
2015-12-21,1761.0
2015-12-22,1809.0
2015-12-23,1788.0
2015-12-24,1813.0
2015-12-25,1817.0
2015-12-28,1810.0
2015-12-29,1835.0
2015-12-30,1848.0
2015-12-31,1841.0
2016-01-04,1856.0
2016-01-05,1833.0
2016-01-06,1855.0
2016-01-07,1848.0
2016-01-08,1829.0
2016-01-11,1821.0
2016-01-12,1775.0
2016-01-13,1683.0
2016-01-14,1739.0
2016-01-15,1706.0
2016-01-18,1774.0
2016-01-19,1804.0
2016-01-20,1805.0
2016-01-21,1797.0
2016-01-22,1803.0
2016-01-25,1803.0
2016-01-26,1800.0
2016-01-27,1800.0
2016-01-28,1777.0
2016-01-29,1763.0
2016-02-01,1792.0
2016-02-02,1766.0
2016-02-03,1767.0
2016-02-04,1771.0
2016-02-05,1773.0
2016-02-15,1732.0
2016-02-16,1801.0
2016-02-17,1804.0
2016-02-18,1811.0
2016-02-19,1820.0
2016-02-22,1873.0
2016-02-23,1883.0
2016-02-24,1872.0
2016-02-25,1874.0
2016-02-26,1844.0
2016-02-29,1831.0
2016-03-01,1833.0
2016-03-02,1858.0
2016-03-03,1844.0
2016-03-04,1859.0
2016-03-07,1884.0
2016-03-08,1999.0
2016-03-09,2010.0
2016-03-10,2010.0
2016-03-11,2008.0
2016-03-14,2008.0
2016-03-15,2008.0
2016-03-16,2043.0
2016-03-17,2086.0
2016-03-18,2139.0
2016-03-21,2165.0
2016-03-22,2203.0
2016-03-23,2266.0
2016-03-24,2261.0
2016-03-25,2295.0
2016-03-28,2328.0
2016-03-29,2300.0
2016-03-30,2268.0
2016-03-31,2275.0
2016-04-01,2292.0
2016-04-05,2328.0
2016-04-06,2328.0
2016-04-07,2427.0
2016-04-08,2426.0
2016-04-11,2482.0
2016-04-12,2450.0
2016-04-13,2490.0
2016-04-14,2415.0
2016-04-15,2450.0
2016-04-18,2458.0
2016-04-19,2551.0
2016-04-20,2671.0
2016-04-21,2838.0
2016-04-22,2796.0
2016-04-25,2802.0
2016-04-26,2747.0
2016-04-27,2664.0
2016-04-28,2630.0
2016-04-29,2727.0
2016-05-03,2760.0
2016-05-04,2687.0
2016-05-05,2600.0
2016-05-06,2527.0
2016-05-09,2458.0
2016-05-10,2454.0
2016-05-11,2594.0
2016-05-12,2737.0
2016-05-13,2572.0
2016-05-16,2340.0
2016-05-17,2133.0
2016-05-18,2139.0
2016-05-19,2106.0
2016-05-20,2107.0
2016-05-23,2025.0
2016-05-24,2011.0
2016-05-25,2009.0
2016-05-26,2004.0
2016-05-27,2022.0
2016-05-30,1970.0
2016-05-31,1931.0
2016-06-01,1904.0
2016-06-02,1878.0
2016-06-03,1904.0
2016-06-06,1929.0
2016-06-07,2000.0
2016-06-08,2000.0
2016-06-13,2000.0
2016-06-14,2000.0
2016-06-15,2000.0
2016-06-16,2066.0
2016-06-17,2046.0
2016-06-20,2063.0
2016-06-21,2083.0
2016-06-22,2110.0
2016-06-23,2111.0
2016-06-24,2099.0
2016-06-27,2138.0
2016-06-28,2166.0
2016-06-29,2151.0
2016-06-30,2208.0
2016-07-01,2208.0
2016-07-04,2208.0
2016-07-05,2210.0
2016-07-06,2202.0
2016-07-07,2202.0
2016-07-08,2202.0
2016-07-11,2191.0
2016-07-12,2220.0
2016-07-13,2266.0
2016-07-14,2266.0
2016-07-15,2266.0
2016-07-18,2358.0
2016-07-19,2262.0
2016-07-20,2263.0
2016-07-21,2336.0
2016-07-22,2335.0
2016-07-25,2323.0
2016-07-26,2290.0
2016-07-27,2314.0
2016-07-28,2339.0
2016-07-29,2343.0
2016-08-01,2343.0
2016-08-02,2343.0
2016-08-03,2380.0
2016-08-04,2380.0
2016-08-05,2381.0
2016-08-08,2381.0
2016-08-09,2381.0
2016-08-10,2420.0
2016-08-11,2420.0
2016-08-12,2509.0
2016-08-15,2509.0
2016-08-16,2605.0
2016-08-17,2589.0
2016-08-18,2544.0
2016-08-19,2519.0
2016-08-22,2487.0
2016-08-23,2496.0
2016-08-24,2502.0
2016-08-25,2503.0
2016-08-26,2501.0
2016-08-29,2459.0
2016-08-30,2448.0
2016-08-31,2378.0
2016-09-01,2409.0
2016-09-02,2416.0
2016-09-05,2398.0
2016-09-06,2399.0
2016-09-07,2370.0
2016-09-08,2365.0
2016-09-09,2301.0
2016-09-12,2260.0
2016-09-13,2204.0
2016-09-14,2238.0
2016-09-19,2287.0
2016-09-20,2241.0
2016-09-21,2249.0
2016-09-22,2276.0
2016-09-23,2279.0
2016-09-26,2293.0
2016-09-27,2235.0
2016-09-28,2222.0
2016-09-29,2230.0
2016-09-30,2168.0
2016-10-10,2169.0
2016-10-11,2205.0
2016-10-12,2237.0
2016-10-13,2240.0
2016-10-14,2260.0
2016-10-17,2322.0
2016-10-18,2364.0
2016-10-19,2412.0
2016-10-20,2404.0
2016-10-21,2423.0
2016-10-24,2403.0
2016-10-25,2444.0
2016-10-26,2425.0
2016-10-27,2391.0
2016-10-28,2398.0
2016-10-31,2415.0
2016-11-01,2432.0
2016-11-02,2486.0
2016-11-03,2493.0
2016-11-04,2572.0
2016-11-07,2665.0
2016-11-08,2650.0
2016-11-09,2731.0
2016-11-10,2724.0
2016-11-11,2790.0
2016-11-14,2736.0
2016-11-15,2614.0
2016-11-16,2864.0
2016-11-17,2884.0
2016-11-18,2873.0
2016-11-21,2831.0
2016-11-22,2916.0
2016-11-23,2970.0
2016-11-24,3062.0
2016-11-25,3119.0
2016-11-28,3182.0
2016-11-29,3209.0
2016-11-30,3044.0
2016-12-01,3032.0
2016-12-02,3053.0
2016-12-05,3111.0
2016-12-06,3140.0
2016-12-07,3177.0
2016-12-08,3194.0
2016-12-09,3198.0
2016-12-12,3198.0
2016-12-13,3198.0
2016-12-14,3198.0
2016-12-15,3301.0
2016-12-16,3309.0
2016-12-19,3210.0
2016-12-20,3113.0
2016-12-21,3134.0
2016-12-22,3140.0
2016-12-23,3099.0
2016-12-26,3030.0
2016-12-27,2977.0
2016-12-28,3006.0
2016-12-29,2966.0
2016-12-30,2954.0
2017-01-03,2954.0
2017-01-04,2941.0
2017-01-05,2985.0
2017-01-06,2987.0
2017-01-09,3008.0
2017-01-10,3121.0
2017-01-11,3181.0
2017-01-12,3208.0
2017-01-13,3165.0
2017-01-16,3300.0
2017-01-17,3313.0
2017-01-18,3319.0
2017-01-19,3282.0
2017-01-20,3274.0
2017-01-23,3182.0
2017-01-24,3279.0
2017-01-25,3368.0
2017-01-26,3307.0
2017-02-03,3250.0
2017-02-06,3140.0
2017-02-07,3082.0
2017-02-08,3275.0
2017-02-09,3275.0
2017-02-10,3275.0
2017-02-13,3400.0
2017-02-14,3636.0
2017-02-15,3386.0
2017-02-16,3546.0
2017-02-17,3571.0
2017-02-20,3644.0
2017-02-21,3706.0
2017-02-22,3654.0
2017-02-23,3655.0
2017-02-24,3563.0
2017-02-27,3715.0
2017-02-28,3871.0
2017-03-01,3845.0
2017-03-02,3845.0
2017-03-03,3715.0
2017-03-06,3640.0
2017-03-07,3652.0
2017-03-08,3652.0
2017-03-09,3652.0
2017-03-10,3632.0
2017-03-13,3650.0
2017-03-14,3750.0
2017-03-15,3750.0
2017-03-16,3804.0
2017-03-17,3779.0
2017-03-20,3799.0
2017-03-21,3714.0
2017-03-22,3656.0
2017-03-23,3631.0
2017-03-24,3619.0
2017-03-27,3513.0
2017-03-28,3517.0
2017-03-29,3538.0
2017-03-30,3619.0
2017-03-31,3774.0
2017-04-05,3811.0
2017-04-06,3691.0
2017-04-07,3510.0
2017-04-10,3530.0
2017-04-11,3517.0
2017-04-12,3480.0
2017-04-13,3480.0
2017-04-14,3480.0
2017-04-17,3480.0
2017-04-18,3131.0
2017-04-19,3084.0
2017-04-20,3083.0
2017-04-21,3134.0
2017-04-24,3131.0
2017-04-25,3183.0
2017-04-26,3248.0
2017-04-27,3285.0
2017-04-28,3375.0
2017-05-02,3470.0
2017-05-03,3486.0
2017-05-04,3456.0
2017-05-05,3483.0
2017-05-08,3577.0
2017-05-09,3650.0
2017-05-10,3824.0
2017-05-11,3816.0
2017-05-12,3643.0
2017-05-15,3570.0
2017-05-16,3365.0
2017-05-17,3395.0
2017-05-18,3449.0
2017-05-19,3516.0
2017-05-22,3653.0
2017-05-23,3693.0
2017-05-24,3691.0
2017-05-25,3691.0
2017-05-26,3719.0
2017-05-31,3865.0
2017-06-01,3999.0
2017-06-02,3800.0
2017-06-05,3550.0
2017-06-06,3550.0
2017-06-07,3795.0
2017-06-08,3795.0
2017-06-09,3795.0
2017-06-12,3795.0
2017-06-13,3800.0
2017-06-14,3800.0
2017-06-15,3800.0
2017-06-16,3598.0
2017-06-19,3599.0
2017-06-20,3588.0
2017-06-21,3549.0
2017-06-22,3584.0
2017-06-23,3576.0
2017-06-26,3573.0
2017-06-27,3581.0
2017-06-28,3622.0
2017-06-29,3605.0
2017-06-30,3692.0
2017-07-03,3800.0
2017-07-04,3780.0
2017-07-05,3770.0
2017-07-06,3700.0
2017-07-07,3650.0
2017-07-10,3650.0
2017-07-11,3650.0
2017-07-12,3650.0
2017-07-13,3650.0
2017-07-14,3650.0
2017-07-17,3650.0
2017-07-18,3796.0
2017-07-19,3816.0
2017-07-20,3797.0
2017-07-21,3776.0
2017-07-24,3803.0
2017-07-25,3891.0
2017-07-26,3919.0
2017-07-27,3897.0
2017-07-28,3901.0
2017-07-31,3992.0
2017-08-01,3947.0
2017-08-02,3947.0
2017-08-03,3947.0
2017-08-04,3950.0
2017-08-07,3950.0
2017-08-08,3963.0
2017-08-09,3963.0
2017-08-10,4209.0
2017-08-11,4209.0
2017-08-14,4209.0
2017-08-15,4209.0
2017-08-16,4013.0
2017-08-17,4060.0
2017-08-18,4070.0
2017-08-21,4114.0
2017-08-22,4139.0
2017-08-23,4065.0
2017-08-24,4085.0
2017-08-25,4150.0
2017-08-28,4135.0
2017-08-29,4150.0
2017-08-30,4121.0
2017-08-31,4151.0
2017-09-01,4233.0
2017-09-04,4300.0
2017-09-05,4303.0
2017-09-06,4303.0
2017-09-07,4300.0
2017-09-08,4300.0
2017-09-11,4364.0
2017-09-12,4467.0
2017-09-13,4467.0
2017-09-14,4467.0
2017-09-15,4467.0
2017-09-18,4019.0
2017-09-19,4057.0
2017-09-20,4038.0
2017-09-21,4023.0
2017-09-22,3936.0
2017-09-25,3909.0
2017-09-26,3942.0
2017-09-27,3903.0
2017-09-28,3905.0
2017-09-29,3913.0
2017-10-09,3944.0
2017-10-10,3845.0
2017-10-11,3787.0
2017-10-12,3787.0
2017-10-13,3871.0
2017-10-16,3905.0
2017-10-17,3802.0
2017-10-18,3765.0
2017-10-19,3700.0
2017-10-20,3768.0
2017-10-23,3768.0
2017-10-24,3797.0
2017-10-25,3803.0
2017-10-26,3739.0
2017-10-27,3680.0
2017-10-30,3641.0
2017-10-31,3682.0
2017-11-01,3701.0
2017-11-02,3701.0
2017-11-03,3743.0
2017-11-06,3834.0
2017-11-07,3889.0
2017-11-08,3817.0
2017-11-09,3891.0
2017-11-10,3891.0
2017-11-13,3950.0
2017-11-14,3895.0
2017-11-15,3977.0
2017-11-16,4005.0
2017-11-17,4000.0
2017-11-20,3990.0
2017-11-21,4015.0
2017-11-22,4025.0
2017-11-23,4092.0
2017-11-24,4068.0
2017-11-27,4152.0
2017-11-28,4138.0
2017-11-29,4147.0
2017-11-30,4370.0
2017-12-01,4351.0
2017-12-04,4400.0
2017-12-05,4595.0
2017-12-06,4550.0
2017-12-07,4330.0
2017-12-08,4330.0
2017-12-11,4330.0
2017-12-12,4460.0
2017-12-13,4460.0
2017-12-14,4772.0
2017-12-15,4772.0
2017-12-18,4237.0
2017-12-19,4213.0
2017-12-20,4170.0
2017-12-21,4198.0
2017-12-22,4241.0
2017-12-25,4206.0
2017-12-26,4105.0
2017-12-27,4100.0
2017-12-28,4116.0
2017-12-29,4215.0
2018-01-02,4286.0
2018-01-03,4268.0
2018-01-04,4232.0
2018-01-05,4192.0
2018-01-08,4171.0
2018-01-09,4182.0
2018-01-10,4291.0
2018-01-11,4386.0
2018-01-12,4392.0
2018-01-15,4687.0
2018-01-16,3868.0
2018-01-17,3843.0
2018-01-18,3855.0
2018-01-19,3900.0
2018-01-22,3945.0
2018-01-23,3901.0
2018-01-24,3906.0
2018-01-25,3937.0
2018-01-26,3956.0
2018-01-29,3970.0
2018-01-30,3887.0
2018-01-31,3866.0
2018-02-01,3928.0
2018-02-02,3930.0
2018-02-05,3930.0
2018-02-06,3910.0
2018-02-07,3920.0
2018-02-08,3930.0
2018-02-09,3970.0
2018-02-12,3924.0
2018-02-13,3923.0
2018-02-14,3935.0
2018-02-22,3884.0
2018-02-23,3904.0
2018-02-26,4062.0
2018-02-27,4127.0
2018-02-28,4135.0
2018-03-01,4195.0
2018-03-02,4119.0
2018-03-05,4122.0
2018-03-06,4122.0
2018-03-07,4182.0
2018-03-08,4000.0
2018-03-09,3890.0
2018-03-12,4158.0
2018-03-13,3980.0
2018-03-14,3983.0
2018-03-15,3984.0
2018-03-16,3842.0
2018-03-19,3769.0
2018-03-20,3740.0
2018-03-21,3716.0
2018-03-22,3691.0
2018-03-23,3525.0
2018-03-26,3410.0
2018-03-27,3417.0
2018-03-28,3433.0
2018-03-29,3409.0
2018-03-30,3530.0
2018-04-02,3668.0
2018-04-03,3656.0
2018-04-04,3656.0
2018-04-09,3656.0
2018-04-10,3656.0
2018-04-11,3700.0
2018-04-12,3700.0
2018-04-13,3700.0
2018-04-16,3700.0
2018-04-17,3686.0
2018-04-18,3724.0
2018-04-19,3760.0
2018-04-20,3748.0
2018-04-23,3783.0
2018-04-24,3868.0
2018-04-25,3889.0
2018-04-26,3906.0
2018-04-27,3938.0
2018-05-02,4028.0
2018-05-03,4057.0
2018-05-04,4040.0
2018-05-07,4087.0
2018-05-08,4105.0
2018-05-09,4072.0
2018-05-10,4066.0
2018-05-11,4010.0
2018-05-14,4010.0
2018-05-15,4007.0
2018-05-16,4087.0
2018-05-17,4082.0
2018-05-18,4080.0
2018-05-21,4083.0
2018-05-22,4071.0
2018-05-23,4035.0
2018-05-24,4015.0
2018-05-25,4029.0
2018-05-28,4021.0
2018-05-29,4019.0
2018-05-30,4055.0
2018-05-31,4130.0
2018-06-01,4174.0
2018-06-04,4199.0
2018-06-05,4199.0
2018-06-06,4255.0
2018-06-07,4273.0
2018-06-08,4273.0
2018-06-11,4233.0
2018-06-12,4500.0
2018-06-13,4500.0
2018-06-14,4500.0
2018-06-15,4500.0
2018-06-19,4145.0
2018-06-20,4118.0
2018-06-21,4155.0
2018-06-22,4121.0
2018-06-25,4108.0
2018-06-26,4106.0
2018-06-27,4126.0
2018-06-28,4242.0
2018-06-29,4184.0
2018-07-02,4216.0
2018-07-03,4134.0
2018-07-04,4007.0
2018-07-05,4030.0
2018-07-06,4026.0
2018-07-09,4026.0
2018-07-10,3955.0
2018-07-11,4030.0
2018-07-12,4030.0
2018-07-13,4030.0
2018-07-16,4030.0
2018-07-17,4082.0
2018-07-18,4081.0
2018-07-19,4087.0
2018-07-20,4068.0
2018-07-23,4092.0
2018-07-24,4127.0
2018-07-25,4140.0
2018-07-26,4118.0
2018-07-27,4164.0
2018-07-30,4184.0
2018-07-31,4157.0
2018-08-01,4157.0
2018-08-02,4157.0
2018-08-03,4157.0
2018-08-06,4157.0
2018-08-07,4157.0
2018-08-08,4200.0
2018-08-09,4200.0
2018-08-10,4200.0
2018-08-13,4200.0
2018-08-14,4200.0
2018-08-15,4200.0
2018-08-16,4392.0
2018-08-17,4469.0
2018-08-20,4523.0
2018-08-21,4519.0
2018-08-22,4485.0
2018-08-23,4441.0
2018-08-24,4438.0
2018-08-27,4442.0
2018-08-28,4478.0
2018-08-29,4501.0
2018-08-30,4498.0
2018-08-31,4579.0
2018-09-03,4694.0
2018-09-04,4690.0
2018-09-05,4685.0
2018-09-06,4685.0
2018-09-07,4777.0
2018-09-10,4780.0
2018-09-11,4661.0
2018-09-12,4661.0
2018-09-13,4661.0
2018-09-14,4661.0
2018-09-17,4661.0
2018-09-18,4524.0
2018-09-19,4549.0
2018-09-20,4551.0
2018-09-21,4564.0
2018-09-25,4550.0
2018-09-26,4541.0
2018-09-27,4569.0
2018-09-28,4527.0
2018-10-08,4600.0
2018-10-09,4645.0
2018-10-10,4708.0
2018-10-11,4729.0
2018-10-12,4684.0
2018-10-15,4743.0
2018-10-16,4532.0
2018-10-17,4546.0
2018-10-18,4536.0
2018-10-19,4508.0
2018-10-22,4567.0
2018-10-23,4563.0
2018-10-24,4572.0
2018-10-25,4566.0
2018-10-26,4570.0
2018-10-29,4574.0
2018-10-30,4561.0
2018-10-31,4612.0
2018-11-01,4546.0
2018-11-02,4540.0
2018-11-05,4540.0
2018-11-06,4509.0
2018-11-07,4490.0
2018-11-08,4490.0
2018-11-09,4490.0
2018-11-12,4356.0
2018-11-13,4280.0
2018-11-14,4280.0
2018-11-15,4280.0
2018-11-16,4317.0
2018-11-19,4227.0
2018-11-20,4074.0
2018-11-21,3948.0
2018-11-22,3987.0
2018-11-23,3909.0
2018-11-26,3723.0
2018-11-27,3686.0
2018-11-28,3658.0
2018-11-29,3621.0
2018-11-30,3512.0
2018-12-03,3700.0
2018-12-04,3720.0
2018-12-05,3720.0
2018-12-06,3699.0
2018-12-07,3592.0
2018-12-10,3542.0
2018-12-11,3542.0
2018-12-12,3542.0
2018-12-13,3542.0
2018-12-14,3542.0
2018-12-17,3542.0
2018-12-18,3752.0
2018-12-19,3769.0
2018-12-20,3782.0
2018-12-21,3829.0
2018-12-24,3816.0
2018-12-25,3805.0
2018-12-26,3836.0
2018-12-27,3893.0
2018-12-28,3870.0
2019-01-02,3832.0
2019-01-03,3851.0
2019-01-04,3863.0
2019-01-07,3856.0
2019-01-08,3862.0
2019-01-09,3814.0
2019-01-10,3656.0
2019-01-11,3644.0
2019-01-14,3656.0
2019-01-15,3611.0
2019-01-16,3601.0
2019-01-17,3631.0
2019-01-18,3679.0
2019-01-21,3702.0
2019-01-22,3724.0
2019-01-23,3695.0
2019-01-24,3716.0
2019-01-25,3766.0
2019-01-28,3772.0
2019-01-29,3759.0
2019-01-30,3781.0
2019-01-31,3821.0
2019-02-01,3826.0
2019-02-11,3906.0
2019-02-12,3818.0
2019-02-13,3818.0
2019-02-14,3821.0
2019-02-15,3721.0
2019-02-18,3767.0
2019-02-19,3756.0
2019-02-20,3737.0
2019-02-21,3771.0
2019-02-22,3783.0
2019-02-25,3800.0
2019-02-26,3744.0
2019-02-27,3787.0
2019-02-28,3797.0
2019-03-01,3837.0
2019-03-04,3905.0
2019-03-05,3860.0
2019-03-06,3807.0
2019-03-07,3834.0
2019-03-08,3825.0
2019-03-11,3795.0
2019-03-12,3802.0
2019-03-13,3846.0
2019-03-14,3819.0
2019-03-15,3837.0
2019-03-18,3783.0
2019-03-19,3807.0
2019-03-20,3802.0
2019-03-21,3812.0
2019-03-22,3778.0
2019-03-25,3749.0
2019-03-26,3702.0
2019-03-27,3724.0
2019-03-28,3721.0
2019-03-29,3732.0
2019-04-01,3800.0
2019-04-02,3813.0
2019-04-03,3869.0
2019-04-04,3841.0
2019-04-08,4007.0
2019-04-09,4007.0
2019-04-10,4019.0
2019-04-11,4019.0
2019-04-12,4120.0
2019-04-15,4120.0
2019-04-16,4150.0
2019-04-17,4152.0
2019-04-18,4122.0
2019-04-19,4108.0
2019-04-22,4156.0
2019-04-23,4157.0
2019-04-24,4135.0
2019-04-25,4143.0
2019-04-26,4145.0
2019-04-29,4179.0
2019-04-30,4192.0
2019-05-06,4151.0
2019-05-07,4162.0
2019-05-08,4139.0
2019-05-09,4130.0
2019-05-10,4139.0
2019-05-13,4151.0
2019-05-14,4190.0
2019-05-15,4186.0
2019-05-16,3941.0
2019-05-17,3951.0
2019-05-20,3928.0
2019-05-21,3957.0
2019-05-22,4006.0
2019-05-23,3968.0
2019-05-24,3963.0
2019-05-27,3961.0
2019-05-28,3942.0
2019-05-29,3913.0
2019-05-30,3888.0
2019-05-31,3834.0
2019-06-03,3768.0
2019-06-04,3765.0
2019-06-05,3765.0
2019-06-06,3648.0
2019-06-10,3680.0
2019-06-11,3750.0
2019-06-12,3760.0
2019-06-13,3760.0
2019-06-14,3730.0
2019-06-17,3719.0
2019-06-18,3703.0
2019-06-19,3727.0
2019-06-20,3760.0
2019-06-21,3751.0
2019-06-24,3791.0
2019-06-25,3829.0
2019-06-26,3811.0
2019-06-27,3830.0
2019-06-28,3780.0
2019-07-01,3835.0
2019-07-02,3830.0
2019-07-03,3825.0
2019-07-04,3850.0
2019-07-05,3849.0
2019-07-08,3777.0
2019-07-09,3814.0
2019-07-10,3792.0
2019-07-11,3750.0
2019-07-12,3760.0
2019-07-15,3742.0
2019-07-16,4122.0
2019-07-17,4104.0
2019-07-18,4089.0
2019-07-19,4060.0
2019-07-22,4060.0
2019-07-23,4037.0
2019-07-24,4031.0
2019-07-25,4063.0
2019-07-26,4085.0
2019-07-29,4069.0
2019-07-30,4063.0
2019-07-31,4064.0
2019-08-01,4064.0
2019-08-02,4057.0
2019-08-05,4003.0
2019-08-06,3990.0
2019-08-07,3990.0
2019-08-08,3990.0
2019-08-09,3990.0
2019-08-12,3990.0
2019-08-13,3990.0
2019-08-14,3990.0
2019-08-15,3990.0
2019-08-16,3785.0
2019-08-19,3785.0
2019-08-20,3786.0
2019-08-21,3726.0
2019-08-22,3744.0
2019-08-23,3770.0
2019-08-26,3728.0
2019-08-27,3682.0
2019-08-28,3629.0
2019-08-29,3632.0
2019-08-30,3625.0
2019-09-02,3700.0
2019-09-03,3696.0
2019-09-04,3696.0
2019-09-05,3785.0
2019-09-06,3770.0
2019-09-09,3767.0
2019-09-10,3781.0
2019-09-11,3770.0
2019-09-12,3789.0
2019-09-16,3803.0
2019-09-17,3827.0
2019-09-18,3817.0
2019-09-19,3777.0
2019-09-20,3706.0
2019-09-23,3722.0
2019-09-24,3785.0
2019-09-25,3771.0
2019-09-26,3745.0
2019-09-27,3692.0
2019-09-30,3691.0
2019-10-08,3660.0
2019-10-09,3642.0
2019-10-10,3607.0
2019-10-11,3605.0
2019-10-14,3620.0
2019-10-15,3612.0
2019-10-16,3480.0
2019-10-17,3477.0
2019-10-18,3440.0
2019-10-21,3437.0
2019-10-22,3449.0
2019-10-23,3488.0
2019-10-24,3466.0
2019-10-25,3485.0
2019-10-28,3470.0
2019-10-29,3484.0
2019-10-30,3468.0
2019-10-31,3494.0
2019-11-01,3494.0
2019-11-04,3509.0
2019-11-05,3600.0
2019-11-06,3600.0
2019-11-07,3700.0
2019-11-08,3700.0
2019-11-11,3690.0
2019-11-12,3690.0
2019-11-13,3690.0
2019-11-14,3690.0
2019-11-15,3700.0
2019-11-18,3674.0
2019-11-19,3720.0
2019-11-20,3804.0
2019-11-21,3807.0
2019-11-22,3810.0
2019-11-25,3886.0
2019-11-26,3892.0
2019-11-27,3913.0
2019-11-28,3939.0
2019-11-29,3938.0
2019-12-02,3952.0
2019-12-03,3760.0
2019-12-04,3760.0
2019-12-05,3800.0
2019-12-06,3800.0
2019-12-09,4000.0
2019-12-10,4000.0
2019-12-11,4000.0
2019-12-12,4240.0
2019-12-13,4240.0
2019-12-16,3985.0
2019-12-17,3689.0
2019-12-18,3692.0
2019-12-19,3703.0
2019-12-20,3722.0
2019-12-23,3739.0
2019-12-24,3730.0
2019-12-25,3714.0
2019-12-26,3710.0
2019-12-27,3748.0
2019-12-30,3774.0
2019-12-31,3796.0
2020-01-02,3760.0
2020-01-03,3747.0
2020-01-06,3755.0
2020-01-07,3748.0
2020-01-08,3759.0
2020-01-09,3764.0
2020-01-10,3848.0
2020-01-13,3837.0
2020-01-14,3884.0
2020-01-15,3875.0
2020-01-16,3682.0
2020-01-17,3686.0
2020-01-20,3699.0
2020-01-21,3685.0
2020-01-22,3665.0
2020-01-23,3626.0
2020-02-03,3374.0
2020-02-04,3352.0
2020-02-05,3372.0
2020-02-06,3368.0
2020-02-07,3368.0
2020-02-10,3380.0
2020-02-11,3380.0
2020-02-12,3380.0
2020-02-13,3380.0
2020-02-14,3378.0
2020-02-17,3378.0
2020-02-18,3385.0
2020-02-19,3374.0
2020-02-20,3399.0
2020-02-21,3423.0
2020-02-24,3451.0
2020-02-25,3473.0
2020-02-26,3461.0
2020-02-27,3458.0
2020-02-28,3390.0
2020-03-02,3417.0
2020-03-03,3431.0
2020-03-04,3457.0
2020-03-05,3471.0
2020-03-06,3466.0
2020-03-09,3437.0
2020-03-10,3465.0
2020-03-11,3452.0
2020-03-12,3486.0
2020-03-13,3452.0
2020-03-16,3516.0
2020-03-17,3512.0
2020-03-18,3510.0
2020-03-19,3432.0
2020-03-20,3440.0
2020-03-23,3392.0
2020-03-24,3380.0
2020-03-25,3422.0
2020-03-26,3445.0
2020-03-27,3438.0
2020-03-30,3393.0
2020-03-31,3431.0
2020-04-01,3351.0
2020-04-02,3300.0
2020-04-03,3297.0
2020-04-07,3322.0
2020-04-08,3323.0
2020-04-09,3326.0
2020-04-10,3450.0
2020-04-13,3450.0
2020-04-14,3470.0
2020-04-15,3420.0
2020-04-16,3533.0
2020-04-17,3556.0
2020-04-20,3541.0
2020-04-21,3503.0
2020-04-22,3506.0
2020-04-23,3525.0
2020-04-24,3512.0
2020-04-27,3517.0
2020-04-28,3492.0
2020-04-29,3490.0
2020-04-30,3506.0
2020-05-06,3544.0
2020-05-07,3574.0
2020-05-08,3575.0
2020-05-11,3460.0
2020-05-12,3400.0
2020-05-13,3419.0
2020-05-14,3415.0
2020-05-15,3399.0
2020-05-18,3534.0
2020-05-19,3552.0
2020-05-20,3530.0
2020-05-21,3553.0
2020-05-22,3599.0
2020-05-25,3599.0
2020-05-26,3568.0
2020-05-27,3504.0
2020-05-28,3428.0
2020-05-29,3504.0
2020-06-01,3504.0
2020-06-02,3537.0
2020-06-03,3537.0
2020-06-04,3537.0
2020-06-05,3537.0
2020-06-08,3600.0
2020-06-09,3600.0
2020-06-10,3600.0
2020-06-11,3600.0
2020-06-12,3600.0
2020-06-15,3600.0
2020-06-16,3706.0
2020-06-17,3693.0
2020-06-18,3736.0
2020-06-19,3720.0
2020-06-22,3719.0
2020-06-23,3724.0
2020-06-24,3733.0
2020-06-29,3675.0
2020-06-30,3699.0
2020-07-01,3655.0
2020-07-02,3655.0
2020-07-03,3655.0
2020-07-06,3655.0
2020-07-07,3655.0
2020-07-08,3632.0
2020-07-09,3660.0
2020-07-10,3620.0
2020-07-13,3651.0
2020-07-14,3651.0
2020-07-15,3651.0
2020-07-16,3695.0
2020-07-17,3675.0
2020-07-20,3707.0
2020-07-21,3718.0
2020-07-22,3754.0
2020-07-23,3796.0
2020-07-24,3788.0
2020-07-27,3809.0
2020-07-28,3826.0
2020-07-29,3831.0
2020-07-30,3836.0
2020-07-31,3802.0
2020-08-03,3780.0
2020-08-04,3771.0
2020-08-05,3771.0
2020-08-06,3771.0
2020-08-07,3771.0
2020-08-10,3771.0
2020-08-11,3760.0
2020-08-12,3718.0
2020-08-13,3718.0
2020-08-14,3718.0
2020-08-17,3718.0
2020-08-18,3791.0
2020-08-19,3772.0
2020-08-20,3728.0
2020-08-21,3737.0
2020-08-24,3748.0
2020-08-25,3746.0
2020-08-26,3734.0
2020-08-27,3735.0
2020-08-28,3726.0
2020-08-31,3773.0
2020-09-01,3760.0
2020-09-02,3757.0
2020-09-03,3815.0
2020-09-04,3765.0
2020-09-07,3778.0
2020-09-08,3778.0
2020-09-09,3771.0
2020-09-10,3710.0
2020-09-11,3728.0
2020-09-14,3848.0
2020-09-15,3705.0
2020-09-16,3680.0
2020-09-17,3662.0
2020-09-18,3670.0
2020-09-21,3628.0
2020-09-22,3607.0
2020-09-23,3618.0
2020-09-24,3629.0
2020-09-25,3624.0
2020-09-28,3617.0
2020-09-29,3613.0
2020-09-30,3613.0
2020-10-09,3637.0
2020-10-12,3622.0
2020-10-13,3619.0
2020-10-14,3621.0
2020-10-15,3620.0
2020-10-16,3622.0
2020-10-19,3643.0
2020-10-20,3644.0
2020-10-21,3656.0
2020-10-22,3665.0
2020-10-23,3678.0
2020-10-26,3636.0
2020-10-27,3630.0
2020-10-28,3657.0
2020-10-29,3687.0
2020-10-30,3748.0
2020-11-02,3733.0
2020-11-03,3758.0
2020-11-04,3756.0
2020-11-05,3712.0
2020-11-06,3744.0
2020-11-09,3744.0
2020-11-10,3744.0
2020-11-11,3968.0
2020-11-12,3968.0
2020-11-13,3968.0
2020-11-16,3968.0
2020-11-17,4097.0
2020-11-18,4089.0
2020-11-19,4112.0
2020-11-20,4119.0
2020-11-23,4100.0
2020-11-24,4071.0
2020-11-25,4084.0
2020-11-26,4053.0
2020-11-27,4060.0
2020-11-30,4194.0
2020-12-01,4258.0
2020-12-02,4258.0
2020-12-03,4258.0
2020-12-04,4258.0
2020-12-07,4258.0
2020-12-08,4258.0
2020-12-09,4258.0
2020-12-10,4400.0
2020-12-11,4400.0
2020-12-14,4400.0
2020-12-15,4400.0
2020-12-16,4200.0
2020-12-17,4256.0
2020-12-18,4328.0
2020-12-21,4461.0
2020-12-22,4546.0
2020-12-23,4366.0
2020-12-24,4263.0
2020-12-25,4209.0
2020-12-28,4223.0
2020-12-29,4180.0
2020-12-30,4169.0
2020-12-31,4220.0
2021-01-04,4220.0
2021-01-05,4234.0
2021-01-06,4231.0
2021-01-07,4244.0
2021-01-08,4270.0
2021-01-11,4242.0
2021-01-12,4178.0
2021-01-13,4163.0
2021-01-14,4164.0
2021-01-15,4206.0
2021-01-18,4240.0
2021-01-19,4189.0
2021-01-20,4168.0
2021-01-21,4192.0
2021-01-22,4200.0
2021-01-25,4166.0
2021-01-26,4182.0
2021-01-27,4222.0
2021-01-28,4210.0
2021-01-29,4191.0
2021-02-01,4143.0
2021-02-02,4105.0
2021-02-03,4011.0
2021-02-04,4126.0
2021-02-05,4166.0
2021-02-08,4241.0
2021-02-09,4280.0
2021-02-10,4294.0
2021-02-18,4402.0
2021-02-19,4399.0
2021-02-22,4510.0
2021-02-23,4499.0
2021-02-24,4511.0
2021-02-25,4622.0
2021-02-26,4587.0
2021-03-01,4563.0
2021-03-02,4575.0
2021-03-03,4748.0
2021-03-04,4738.0
2021-03-05,4592.0
2021-03-08,4686.0
2021-03-09,4620.0
2021-03-10,4476.0
2021-03-11,4478.0
2021-03-12,4598.0
2021-03-15,4585.0
2021-03-16,4708.0
2021-03-17,4706.0
2021-03-18,4739.0
2021-03-19,4702.0
2021-03-22,4737.0
2021-03-23,4672.0
2021-03-24,4695.0
2021-03-25,4745.0
2021-03-26,4770.0
2021-03-29,4849.0
2021-03-30,4820.0
2021-03-31,4832.0
2021-04-01,4878.0
2021-04-02,4960.0
2021-04-06,5000.0
2021-04-07,5000.0
2021-04-08,5000.0
2021-04-09,5000.0
2021-04-12,4925.0
2021-04-13,5010.0
2021-04-14,5050.0
2021-04-15,5021.0
2021-04-16,5138.0
2021-04-19,5117.0
2021-04-20,5122.0
2021-04-21,5161.0
2021-04-22,5193.0
2021-04-23,5210.0
2021-04-26,5336.0
2021-04-27,5366.0
2021-04-28,5332.0
2021-04-29,5363.0
2021-04-30,5362.0
2021-05-06,5460.0
2021-05-07,5552.0
2021-05-10,5740.0
2021-05-11,5975.0
2021-05-12,5947.0
2021-05-13,5938.0
2021-05-14,5594.0
2021-05-17,5580.0
2021-05-18,5528.0
2021-05-19,5379.0
2021-05-20,5056.0
2021-05-21,5114.0
2021-05-24,4960.0
2021-05-25,4911.0
2021-05-26,4728.0
2021-05-27,4659.0
2021-05-28,4755.0
2021-05-31,4842.0
2021-06-01,4795.0
2021-06-02,4830.0
2021-06-03,4850.0
2021-06-04,4860.0
2021-06-07,4878.0
2021-06-08,4898.0
2021-06-09,4898.0
2021-06-10,4898.0
2021-06-11,4900.0
2021-06-15,4856.0
2021-06-16,4966.0
2021-06-17,4909.0
2021-06-18,4981.0
2021-06-21,4874.0
2021-06-22,4760.0
2021-06-23,4786.0
2021-06-24,4868.0
2021-06-25,4909.0
2021-06-28,4909.0
2021-06-29,4914.0
2021-06-30,4893.0
2021-07-01,4971.0
2021-07-02,4908.0
2021-07-05,4949.0
2021-07-06,5005.0
2021-07-07,4924.0
2021-07-08,4950.0
2021-07-09,4899.0
2021-07-12,4876.0
2021-07-13,4946.0
2021-07-14,4950.0
2021-07-15,5050.0
2021-07-16,5452.0
2021-07-19,5539.0
2021-07-20,5461.0
2021-07-21,5511.0
2021-07-22,5521.0
2021-07-23,5597.0
2021-07-26,5612.0
2021-07-27,5633.0
2021-07-28,5633.0
2021-07-29,5657.0
2021-07-30,5705.0
2021-08-02,5473.0
2021-08-03,5391.0
2021-08-04,5431.0
2021-08-05,5456.0
2021-08-06,5390.0
2021-08-09,5308.0
2021-08-10,5311.0
2021-08-11,5353.0
2021-08-12,5411.0
2021-08-13,5343.0
2021-08-16,5296.0
2021-08-17,5224.0
2021-08-18,5131.0
2021-08-19,4947.0
2021-08-20,4957.0
2021-08-23,5069.0
2021-08-24,5143.0
2021-08-25,5159.0
2021-08-26,5136.0
2021-08-27,5074.0
2021-08-30,5208.0
2021-08-31,5233.0
2021-09-01,5211.0
2021-09-02,5226.0
2021-09-03,5302.0
2021-09-06,5354.0
2021-09-07,5420.0
2021-09-08,5413.0
2021-09-09,5575.0
2021-09-10,5604.0
2021-09-13,5600.0
2021-09-14,5572.0
2021-09-15,5466.0
2021-09-16,5607.0
2021-09-17,5709.0
2021-09-22,5875.0
2021-09-23,5858.0
2021-09-24,5811.0
2021-09-27,5782.0
2021-09-28,5823.0
2021-09-29,5803.0
2021-09-30,5835.0
2021-10-08,5925.0
2021-10-11,5922.0
2021-10-12,5867.0
2021-10-13,5702.0
2021-10-14,5638.0
2021-10-15,5687.0
2021-10-18,5583.0
2021-10-19,5625.0
2021-10-20,5573.0
2021-10-21,5363.0
2021-10-22,5009.0
2021-10-25,4970.0
2021-10-26,4899.0
2021-10-27,4837.0
2021-10-28,4705.0
2021-10-29,4806.0
2021-11-01,4686.0
2021-11-02,4481.0
2021-11-03,4534.0
2021-11-04,4477.0
2021-11-05,4490.0
2021-11-08,4533.0
2021-11-09,4475.0
2021-11-10,4326.0
2021-11-11,4461.0
2021-11-12,4350.0
2021-11-15,4374.0
2021-11-16,4330.0
2021-11-17,4362.0
2021-11-18,4307.0
2021-11-19,4274.0
2021-11-22,4313.0
2021-11-23,4317.0
2021-11-24,4350.0
2021-11-25,4366.0
2021-11-26,4300.0
2021-11-29,4217.0
2021-11-30,4176.0
2021-12-01,4283.0
2021-12-02,4301.0
2021-12-03,4301.0
2021-12-06,4380.0
2021-12-07,4380.0
2021-12-08,4380.0
2021-12-09,4300.0
2021-12-10,4303.0
2021-12-13,4303.0
2021-12-14,4303.0
2021-12-15,4303.0
2021-12-16,4674.0
2021-12-17,4680.0
2021-12-20,4685.0
2021-12-21,4663.0
2021-12-22,4657.0
2021-12-23,4660.0
2021-12-24,4692.0
2021-12-27,4603.0
2021-12-28,4564.0
2021-12-29,4555.0
2021-12-30,4568.0
2021-12-31,4548.0
2022-01-04,4579.0
2022-01-05,4617.0
2022-01-06,4664.0
2022-01-07,4647.0
2022-01-10,4568.0
2022-01-11,4539.0
2022-01-12,4619.0
2022-01-13,4639.0
2022-01-14,4677.0
2022-01-17,4560.0
2022-01-18,4609.0
2022-01-19,4699.0
2022-01-20,4728.0
2022-01-21,4743.0
2022-01-24,4740.0
2022-01-25,4720.0
2022-01-26,4733.0
2022-01-27,4736.0
2022-01-28,4778.0
2022-02-07,4808.0
2022-02-08,4850.0
2022-02-09,4850.0
2022-02-10,4960.0
2022-02-11,4999.0
2022-02-14,4800.0
2022-02-15,4733.0
2022-02-16,4837.0
2022-02-17,4784.0
2022-02-18,4789.0
2022-02-21,4819.0
2022-02-22,4845.0
2022-02-23,4827.0
2022-02-24,4710.0
2022-02-25,4656.0
2022-02-28,4716.0
2022-03-01,4829.0
2022-03-02,4876.0
2022-03-03,4985.0
2022-03-04,4985.0
2022-03-07,5085.0
2022-03-08,5085.0
2022-03-09,4956.0
2022-03-10,4990.0
2022-03-11,4900.0
2022-03-14,4889.0
2022-03-15,4889.0
2022-03-16,4834.0
2022-03-17,4920.0
2022-03-18,4943.0
2022-03-21,4926.0
2022-03-22,4933.0
2022-03-23,4940.0
2022-03-24,4945.0
2022-03-25,4954.0
2022-03-28,5035.0
2022-03-29,5018.0
2022-03-30,5023.0
2022-03-31,5115.0
2022-04-01,5115.0
2022-04-06,5115.0
2022-04-07,5115.0
2022-04-08,5115.0
2022-04-11,5005.0
2022-04-12,5005.0
2022-04-13,5017.0
2022-04-14,4965.0
2022-04-15,4965.0
2022-04-18,5113.0
2022-04-19,5139.0
2022-04-20,5164.0
2022-04-21,5159.0
2022-04-22,5133.0
2022-04-25,5047.0
2022-04-26,5017.0
2022-04-27,5052.0
2022-04-28,5051.0
2022-04-29,5152.0
2022-05-05,5209.0
2022-05-06,5158.0
2022-05-09,5095.0
2022-05-10,5098.0
2022-05-11,5060.0
2022-05-12,5029.0
2022-05-13,5018.0
2022-05-16,5050.0
2022-05-17,4923.0
2022-05-18,4905.0
2022-05-19,4862.0
2022-05-20,4817.0
2022-05-23,4792.0
2022-05-24,4673.0
2022-05-25,4625.0
2022-05-26,4642.0
2022-05-27,4683.0
2022-05-30,4724.0
2022-05-31,4522.0
2022-06-01,4465.0
2022-06-02,4465.0
2022-06-06,4600.0
2022-06-07,4600.0
2022-06-08,4600.0
2022-06-09,4600.0
2022-06-10,4600.0
2022-06-13,4600.0
2022-06-14,4660.0
2022-06-15,4660.0
2022-06-16,4717.0
2022-06-17,4552.0
2022-06-20,4435.0
2022-06-21,4327.0
2022-06-22,4291.0
2022-06-23,4289.0
2022-06-24,4301.0
2022-06-27,4350.0
2022-06-28,4436.0
2022-06-29,4522.0
2022-06-30,4501.0
2022-07-01,4500.0
2022-07-04,4220.0
2022-07-05,4220.0
2022-07-06,4220.0
2022-07-07,4220.0
2022-07-08,4260.0
2022-07-11,4030.0
2022-07-12,3940.0
2022-07-13,3930.0
2022-07-14,3930.0
2022-07-15,3930.0
2022-07-18,3713.0
2022-07-19,3826.0
2022-07-20,3803.0
2022-07-21,3832.0
2022-07-22,3829.0
2022-07-25,3889.0
2022-07-26,3859.0
2022-07-27,3866.0
2022-07-28,3969.0
2022-07-29,4122.0
2022-08-01,3972.0
2022-08-02,4010.0
2022-08-03,4061.0
2022-08-04,4061.0
2022-08-05,4061.0
2022-08-08,4130.0
2022-08-09,4105.0
2022-08-10,4093.0
2022-08-11,4093.0
2022-08-12,4135.0
2022-08-15,4142.0
2022-08-16,4142.0
2022-08-17,4093.0
2022-08-18,4045.0
2022-08-19,3996.0
2022-08-22,3998.0
2022-08-23,4023.0
2022-08-24,4071.0
2022-08-25,4081.0
2022-08-26,4076.0
2022-08-29,4013.0
2022-08-30,3912.0
2022-08-31,3873.0
2022-09-01,3901.0
2022-09-02,3797.0
2022-09-05,3840.0
2022-09-06,3842.0
2022-09-07,3850.0
2022-09-08,3918.0
2022-09-09,3918.0
2022-09-13,3920.0
2022-09-14,3920.0
2022-09-15,3920.0
2022-09-16,3897.0
2022-09-19,3903.0
2022-09-20,3877.0
2022-09-21,3856.0
2022-09-22,3908.0
2022-09-23,3948.0
2022-09-26,3931.0
2022-09-27,3960.0
2022-09-28,3971.0
2022-09-29,3974.0
2022-09-30,3936.0
2022-10-10,3950.0
2022-10-11,3889.0
2022-10-12,3805.0
2022-10-13,3804.0
2022-10-14,3818.0
2022-10-17,3756.0
2022-10-18,3751.0
2022-10-19,3748.0
2022-10-20,3696.0
2022-10-21,3707.0
2022-10-24,3711.0
2022-10-25,3698.0
2022-10-26,3650.0
2022-10-27,3638.0
2022-10-28,3571.0
2022-10-31,3464.0
2022-11-01,3487.0
2022-11-02,3530.0
2022-11-03,3524.0
2022-11-04,3529.0
2022-11-07,3570.0
2022-11-08,3565.0
2022-11-09,3592.0
2022-11-10,3550.0
2022-11-11,3580.0
2022-11-14,3695.0
2022-11-15,3656.0
2022-11-16,3757.0
2022-11-17,3734.0
2022-11-18,3743.0
2022-11-21,3729.0
2022-11-22,3717.0
2022-11-23,3709.0
2022-11-24,3728.0
2022-11-25,3721.0
2022-11-28,3727.0
2022-11-29,3737.0
2022-11-30,3682.0
2022-12-01,3673.0
2022-12-02,3677.0
2022-12-05,3722.0
2022-12-06,3698.0
2022-12-07,3676.0
2022-12-08,3676.0
2022-12-09,3760.0
2022-12-12,3647.0
2022-12-13,3699.0
2022-12-14,3699.0
2022-12-15,3699.0
2022-12-16,4044.0
2022-12-19,3954.0
2022-12-20,3933.0
2022-12-21,3962.0
2022-12-22,3984.0
2022-12-23,3967.0
2022-12-26,3976.0
2022-12-27,4025.0
2022-12-28,4037.0
2022-12-29,4034.0
2022-12-30,4095.0
2023-01-03,4083.0
2023-01-04,4077.0
2023-01-05,4044.0
2023-01-06,4099.0
2023-01-09,4122.0
2023-01-10,4140.0
2023-01-11,4253.0
2023-01-12,4271.0
2023-01-13,4324.0
2023-01-16,4298.0
2023-01-17,4032.0
2023-01-18,4068.0
2023-01-19,4101.0
2023-01-20,4094.0
2023-01-30,4131.0
2023-01-31,4101.0
2023-02-01,4063.0
2023-02-02,4035.0
2023-02-03,3966.0
2023-02-06,3959.0
2023-02-07,3952.0
2023-02-08,3970.0
2023-02-09,4030.0
2023-02-10,4001.0
2023-02-13,3960.0
2023-02-14,3960.0
2023-02-15,3960.0
2023-02-16,4124.0
2023-02-17,4175.0
2023-02-20,4171.0
2023-02-21,4230.0
2023-02-22,4241.0
2023-02-23,4263.0
2023-02-24,4255.0
2023-02-27,4260.0
2023-02-28,4259.0
2023-03-01,4309.0
2023-03-02,4339.0
2023-03-03,4387.0
2023-03-06,4314.0
2023-03-07,4327.0
2023-03-08,4335.0
2023-03-09,4409.0
2023-03-10,4508.0
2023-03-13,4492.0
2023-03-14,4491.0
2023-03-15,4532.0
2023-03-16,4254.0
2023-03-17,4230.0
2023-03-20,4226.0
2023-03-21,4172.0
2023-03-22,4143.0
2023-03-23,4116.0
2023-03-24,4051.0
2023-03-27,4076.0
2023-03-28,4091.0
2023-03-29,4120.0
2023-03-30,4108.0
2023-03-31,4139.0
2023-04-03,4046.0
2023-04-04,4002.0
2023-04-06,3970.0
2023-04-07,3969.0
2023-04-10,3900.0
2023-04-11,3894.0
2023-04-12,3841.0
2023-04-13,3877.0
2023-04-14,3880.0
2023-04-17,3841.0
2023-04-18,3979.0
2023-04-19,3967.0
2023-04-20,3922.0
2023-04-21,3877.0
2023-04-24,3759.0
2023-04-25,3735.0
2023-04-26,3695.0
2023-04-27,3705.0
2023-04-28,3638.0
2023-05-04,3580.0
2023-05-05,3524.0
2023-05-08,3587.0
2023-05-09,3604.0
2023-05-10,3560.0
2023-05-11,3491.0
2023-05-12,3444.0
2023-05-15,3466.0
2023-05-16,3645.0
2023-05-17,3657.0
2023-05-18,3675.0
2023-05-19,3629.0
2023-05-22,3585.0
2023-05-23,3564.0
2023-05-24,3516.0
2023-05-25,3448.0
2023-05-26,3452.0
2023-05-29,3459.0
2023-05-30,3417.0
2023-05-31,3360.0
2023-06-01,3312.0
2023-06-02,3366.0
2023-06-05,3421.0
2023-06-06,3459.0
2023-06-07,3474.0
2023-06-08,3406.0
2023-06-09,3471.0
2023-06-12,3547.0
2023-06-13,3547.0
2023-06-14,3611.0
2023-06-15,3568.0
2023-06-16,3828.0
2023-06-19,3820.0
2023-06-20,3784.0
2023-06-21,3759.0
2023-06-26,3727.0
2023-06-27,3768.0
2023-06-28,3757.0
2023-06-29,3752.0
2023-06-30,3746.0
2023-07-03,3728.0
2023-07-04,3759.0
2023-07-05,3747.0
2023-07-06,3755.0
2023-07-07,3735.0
2023-07-10,3685.0
2023-07-11,3675.0
2023-07-12,3700.0
2023-07-13,3707.0
2023-07-14,3745.0
2023-07-17,3719.0
2023-07-18,3705.0
2023-07-19,3720.0
2023-07-20,3746.0
2023-07-21,3747.0
2023-07-24,3765.0
2023-07-25,3753.0
2023-07-26,3742.0
2023-07-27,3771.0
2023-07-28,3761.0
2023-07-31,3772.0
2023-08-01,3783.0
2023-08-02,3775.0
2023-08-03,3697.0
2023-08-04,3686.0
2023-08-07,3641.0
2023-08-08,3634.0
2023-08-09,3618.0
2023-08-10,3618.0
2023-08-11,3600.0
2023-08-14,3599.0
2023-08-15,3599.0
2023-08-16,3618.0
2023-08-17,3618.0
2023-08-18,3632.0
2023-08-21,3579.0
2023-08-22,3593.0
2023-08-23,3642.0
2023-08-24,3644.0
2023-08-25,3598.0
2023-08-28,3583.0
2023-08-29,3558.0
2023-08-30,3581.0
2023-08-31,3619.0
2023-09-01,3651.0
2023-09-04,3680.0
2023-09-05,3664.0
2023-09-06,3595.0
2023-09-07,3619.0
2023-09-08,3598.0
2023-09-11,3604.0
2023-09-12,3608.0
2023-09-13,3602.0
2023-09-14,3616.0
2023-09-15,3760.0
2023-09-18,3750.0
2023-09-19,3776.0
2023-09-20,3760.0
2023-09-21,3730.0
2023-09-22,3705.0
2023-09-25,3682.0
2023-09-26,3637.0
2023-09-27,3618.0
2023-09-28,3623.0
2023-10-09,3572.0
2023-10-10,3563.0
2023-10-11,3540.0
2023-10-12,3509.0
2023-10-13,3501.0
2023-10-16,3509.0
2023-10-17,3614.0
2023-10-18,3596.0
2023-10-19,3580.0
2023-10-20,3590.0
2023-10-23,3552.0
2023-10-24,3569.0
2023-10-25,3609.0
2023-10-26,3605.0
2023-10-27,3632.0
2023-10-30,3683.0
2023-10-31,3715.0
2023-11-01,3730.0
2023-11-02,3739.0
2023-11-03,3767.0
2023-11-06,3785.0
2023-11-07,3780.0
2023-11-08,3761.0
2023-11-09,3783.0
2023-11-10,3791.0
2023-11-13,3835.0
2023-11-14,3830.0
2023-11-15,3880.0
2023-11-16,3918.0
2023-11-17,3946.0
2023-11-20,3937.0
2023-11-21,4005.0
2023-11-22,3984.0
2023-11-23,3965.0
2023-11-24,3947.0
2023-11-27,3947.0
2023-11-28,3927.0
2023-11-29,3928.0
2023-11-30,3847.0
2023-12-01,3864.0
2023-12-04,3869.0
2023-12-05,3852.0
2023-12-06,3852.0
2023-12-07,3870.0
2023-12-08,3882.0
2023-12-11,3883.0
2023-12-12,3883.0
2023-12-13,3850.0
2023-12-14,3850.0
2023-12-15,3850.0
2023-12-18,3943.0
2023-12-19,3953.0
2023-12-20,3961.0
2023-12-21,3978.0
2023-12-22,4010.0
2023-12-25,4008.0
2023-12-26,4041.0
2023-12-27,4041.0
2023-12-28,4048.0
2023-12-29,4040.0
2024-01-02,4033.0
2024-01-03,4042.0
2024-01-04,4031.0
2024-01-05,3998.0
2024-01-08,3964.0
2024-01-09,3939.0
2024-01-10,3922.0
2024-01-11,3912.0
2024-01-12,3927.0
2024-01-15,3914.0
2024-01-16,3785.0
2024-01-17,3789.0
2024-01-18,3787.0
2024-01-19,3816.0
2024-01-22,3814.0
2024-01-23,3821.0
2024-01-24,3834.0
2024-01-25,3857.0
2024-01-26,3843.0
2024-01-29,3848.0
2024-01-30,3814.0
2024-01-31,3744.0
2024-02-01,3742.0
2024-02-02,3719.0
2024-02-05,3705.0
2024-02-06,3705.0
2024-02-07,3705.0
2024-02-08,3705.0
2024-02-19,3705.0
2024-02-20,3837.0
2024-02-21,3841.0
2024-02-22,3843.0
2024-02-23,3849.0
2024-02-26,3840.0
2024-02-27,3840.0
2024-02-28,3867.0
2024-02-29,3842.0
2024-03-01,3809.0
2024-03-04,3768.0
2024-03-05,3769.0
2024-03-06,3723.0
2024-03-07,3731.0
2024-03-08,3684.0
2024-03-11,3617.0
2024-03-12,3608.0
2024-03-13,3604.0
2024-03-14,3492.0
2024-03-15,3541.0
2024-03-18,3426.0
2024-03-19,3476.0
2024-03-20,3511.0
2024-03-21,3528.0
2024-03-22,3543.0
2024-03-25,3524.0
2024-03-26,3471.0
2024-03-27,3406.0
2024-03-28,3371.0
2024-03-29,3343.0
2024-04-01,3297.0
2024-04-02,3354.0
2024-04-03,3376.0
2024-04-08,3350.0
2024-04-09,3350.0
2024-04-10,3350.0
2024-04-11,3370.0
2024-04-12,3441.0
2024-04-15,3443.0
2024-04-16,3549.0
2024-04-17,3575.0
2024-04-18,3609.0
2024-04-19,3599.0
2024-04-22,3590.0
2024-04-23,3578.0
2024-04-24,3578.0
2024-04-25,3589.0
2024-04-26,3570.0
2024-04-29,3558.0
2024-04-30,3524.0
2024-05-06,3537.0
2024-05-07,3547.0
2024-05-08,3523.0
2024-05-09,3507.0
2024-05-10,3498.0
2024-05-13,3486.0
2024-05-14,3516.0
2024-05-15,3427.0
2024-05-16,3522.0
2024-05-17,3542.0
2024-05-20,3556.0
2024-05-21,3566.0
2024-05-22,3619.0
2024-05-23,3598.0
2024-05-24,3604.0
2024-05-27,3592.0
2024-05-28,3573.0
2024-05-29,3539.0
2024-05-30,3559.0
2024-05-31,3519.0
2024-06-03,3503.0
2024-06-04,3483.0
2024-06-05,3470.0
2024-06-06,3455.0
2024-06-07,3463.0
2024-06-11,3404.0
2024-06-12,3400.0
2024-06-13,3407.0
2024-06-14,3450.0
2024-06-17,3412.0
2024-06-18,3489.0
2024-06-19,3482.0
2024-06-20,3475.0
2024-06-21,3447.0
2024-06-24,3400.0
2024-06-25,3372.0
2024-06-26,3371.0
2024-06-27,3371.0
2024-06-28,3334.0
2024-07-01,3334.0
2024-07-02,3360.0
2024-07-03,3383.0
2024-07-04,3420.0
2024-07-05,3385.0
2024-07-08,3311.0
2024-07-09,3311.0
2024-07-10,3311.0
2024-07-11,3299.0
2024-07-12,3299.0
2024-07-15,3299.0
2024-07-16,3338.0
2024-07-17,3296.0
2024-07-18,3240.0
2024-07-19,3248.0
2024-07-22,3242.0
2024-07-23,3211.0
2024-07-24,3181.0
2024-07-25,3147.0
2024-07-26,3132.0
2024-07-29,3058.0
2024-07-30,3038.0
2024-07-31,2973.0
2024-08-01,2994.0
2024-08-02,2993.0
2024-08-05,3017.0
2024-08-06,2984.0
2024-08-07,2985.0
2024-08-08,2969.0
2024-08-09,2994.0
2024-08-12,2950.0
2024-08-13,2930.0
2024-08-14,2865.0
2024-08-15,2803.0
2024-08-16,2919.0
2024-08-19,2995.0
2024-08-20,3053.0
2024-08-21,3099.0
2024-08-22,3043.0
2024-08-23,3000.0
2024-08-26,3045.0
2024-08-27,3108.0
2024-08-28,3168.0
2024-08-29,3178.0
2024-08-30,3116.0
2024-09-02,3113.0
2024-09-03,3081.0
2024-09-04,3011.0
2024-09-05,3008.0
2024-09-06,2937.0
2024-09-09,2916.0
2024-09-10,2953.0
2024-09-11,2990.0
2024-09-12,3037.0
2024-09-13,3037.0
2024-09-18,3037.0
2024-09-19,3108.0
2024-09-20,3128.0
2024-09-23,3056.0
2024-09-24,3088.0
2024-09-25,3161.0
2024-09-26,3153.0
2024-09-27,3194.0
2024-09-30,3327.0
2024-10-08,3476.0
2024-10-09,3407.0
2024-10-10,3396.0
2024-10-11,3385.0
2024-10-14,3408.0
2024-10-15,3406.0
2024-10-16,3407.0
2024-10-17,3335.0
2024-10-18,3252.0
2024-10-21,3250.0
2024-10-22,3221.0
2024-10-23,3221.0
2024-10-24,3208.0
2024-10-25,3246.0
2024-10-28,3294.0
2024-10-29,3306.0
2024-10-30,3300.0
2024-10-31,3312.0
2024-11-01,3299.0
2024-11-04,3288.0
2024-11-05,3322.0
2024-11-06,3305.0
2024-11-07,3323.0
2024-11-08,3329.0
2024-11-11,3241.0
2024-11-12,3241.0
2024-11-13,3225.0
2024-11-14,3238.0
2024-11-15,3234.0
2024-11-18,3278.0
2024-11-19,3318.0
2024-11-20,3330.0
2024-11-21,3343.0
2024-11-22,3316.0
2024-11-25,3316.0
2024-11-26,3301.0
2024-11-27,3289.0
2024-11-28,3292.0
2024-11-29,3320.0
2024-12-02,3330.0
2024-12-03,3336.0
2024-12-04,3346.0
2024-12-05,3302.0
2024-12-06,3276.0
2024-12-09,3257.0
2024-12-10,3320.0
2024-12-11,3320.0
2024-12-12,3311.0
2024-12-13,3295.0
2024-12-16,3295.0
2024-12-17,3290.0
2024-12-18,3266.0
2024-12-19,3226.0
2024-12-20,3223.0
2024-12-23,3220.0
2024-12-24,3232.0
2024-12-25,3245.0
2024-12-26,3265.0
2024-12-27,3267.0
2024-12-30,3287.0
2024-12-31,3298.0
2025-01-02,3296.0
2025-01-03,3262.0
2025-01-06,3255.0
2025-01-07,3237.0
2025-01-08,3194.0
2025-01-09,3139.0
2025-01-10,3128.0
2025-01-13,3179.0
2025-01-14,3200.0
2025-01-15,3215.0
2025-01-16,3241.0
2025-01-17,3276.0
2025-01-20,3260.0
2025-01-21,3244.0
2025-01-22,3216.0
2025-01-23,3226.0
2025-01-24,3218.0
2025-01-27,3239.0
2025-02-05,3228.0
2025-02-06,3224.0
2025-02-07,3225.0
2025-02-10,3209.0
2025-02-11,3150.0
2025-02-12,3157.0
2025-02-13,3152.0
2025-02-14,3163.0
2025-02-17,3151.0
2025-02-18,3230.0
2025-02-19,3247.0
2025-02-20,3275.0
2025-02-21,3303.0
2025-02-24,3294.0
2025-02-25,3254.0
2025-02-26,3242.0
2025-02-27,3260.0
2025-02-28,3261.0
2025-03-03,3259.0
2025-03-04,3241.0
2025-03-05,3227.0
2025-03-06,3229.0
2025-03-07,3220.0
2025-03-10,3190.0
2025-03-11,3174.0
2025-03-12,3191.0
2025-03-13,3200.0
2025-03-14,3199.0
2025-03-17,3199.0
2025-03-18,3170.0
2025-03-19,3138.0
2025-03-20,3130.0
2025-03-21,3132.0
2025-03-24,3145.0
2025-03-25,3161.0
2025-03-26,3143.0
2025-03-27,3140.0
2025-03-28,3122.0
2025-03-31,3112.0
2025-04-01,3114.0
2025-04-02,3141.0
2025-04-03,3122.0
2025-04-07,3042.0
2025-04-08,3032.0
2025-04-09,3032.0
2025-04-10,3032.0
2025-04-11,3032.0
2025-04-14,3047.0
2025-04-15,3047.0
2025-04-16,3034.0
2025-04-17,3028.0
2025-04-18,3015.0
2025-04-21,3026.0
2025-04-22,3022.0
2025-04-23,3038.0
2025-04-24,3040.0
2025-04-25,3034.0
2025-04-28,3060.0
2025-04-29,3048.0
2025-04-30,3044.0
2025-05-06,3046.0
2025-05-07,3057.0
2025-05-08,3022.0
2025-05-09,2987.0
2025-05-12,3015.0
2025-05-13,3048.0
2025-05-14,3042.0
2025-05-15,3066.0
2025-05-16,3073.0
2025-05-19,3051.0
2025-05-20,3047.0
2025-05-21,3054.0
2025-05-22,3051.0
2025-05-23,3043.0
2025-05-26,3008.0
2025-05-27,2990.0
2025-05-28,2961.0
2025-05-29,2948.0
2025-05-30,2925.0
2025-06-03,2859.0
2025-06-04,2886.0
2025-06-05,2893.0
2025-06-06,2924.0
2025-06-09,2913.0
2025-06-10,2913.0
2025-06-11,2913.0
2025-06-12,2913.0
2025-06-13,2913.0
2025-06-16,2913.0
2025-06-17,3016.0
2025-06-18,3022.0
2025-06-19,3033.0
2025-06-20,3034.0
2025-06-23,3018.0
2025-06-24,3013.0
2025-06-25,2987.0
2025-06-26,2985.0
2025-06-27,2994.0
2025-06-30,2999.0
2025-07-01,2988.0
2025-07-02,3018.0
2025-07-03,3049.0
2025-07-04,3078.0
2025-07-07,3082.0
2025-07-08,3070.0
2025-07-09,3055.0
2025-07-10,3091.0
2025-07-11,3127.0
2025-07-14,3115.0
2025-07-15,3115.0
2025-07-16,3051.0
2025-07-17,3066.0
2025-07-18,3083.0
2025-07-21,3121.0
2025-07-22,3185.0
2025-07-23,3221.0
2025-07-24,3225.0
2025-07-25,3249.0
2025-07-28,3227.0
2025-07-29,3217.0
2025-07-30,3295.0
2025-07-31,3206.0
2025-08-01,3170.0
2025-08-04,3146.0
2025-08-05,3168.0
2025-08-06,3195.0
2025-08-07,3202.0
2025-08-08,3179.0
2025-08-11,3200.0
2025-08-12,3215.0
2025-08-13,3215.0
2025-08-14,3190.0
2025-08-15,3148.0
2025-08-18,3143.0
2025-08-19,3116.0
2025-08-20,3104.0
2025-08-21,3113.0
2025-08-22,3100.0
2025-08-25,3119.0
2025-08-26,3099.0
2025-08-27,3082.0
2025-08-28,3093.0
2025-08-29,3057.0
2025-09-01,2978.0
2025-09-02,2975.0
2025-09-03,2962.0
2025-09-04,2961.0
2025-09-05,2967.0
2025-09-08,2949.0
2025-09-09,2951.0
2025-09-10,2950.0
2025-09-11,2941.0
2025-09-12,2941.0
2025-09-15,2941.0
2025-09-16,3070.0
2025-09-17,3061.0
2025-09-18,3057.0
2025-09-19,3069.0
2025-09-22,3093.0
2025-09-23,3074.0
2025-09-24,3066.0
2025-09-25,3072.0
2025-09-26,3050.0
2025-09-29,3016.0
2025-09-30,3001.0
2025-10-09,2998.0
2025-10-10,3022.0
2025-10-13,2998.0
2025-10-14,2975.0
2025-10-15,2954.0
2025-10-16,2971.0
2025-10-17,2985.0
2025-10-20,2997.0
2025-10-21,2990.0
2025-10-22,2997.0
2025-10-23,3004.0
2025-10-24,2985.0
2025-10-27,3010.0
2025-10-28,3034.0
2025-10-29,3043.0
2025-10-30,3049.0
2025-10-31,3009.0
2025-11-03,2979.0
2025-11-04,2957.0
2025-11-05,2911.0
2025-11-06,2914.0
2025-11-07,2906.0
2025-11-10,2879.0
2025-11-11,2880.0
2025-11-12,2890.0
2025-11-13,2891.0
2025-11-14,2890.0
2025-11-17,2942.0
2025-11-18,3048.0
2025-11-19,3037.0
2025-11-20,3017.0
2025-11-21,3014.0
2025-11-24,3007.0
2025-11-25,2994.0
2025-11-26,2997.0
2025-11-27,3008.0
2025-11-28,2992.0
2025-12-01,3000.0
2025-12-02,3022.0
2025-12-03,3020.0
2025-12-04,3030.0
2025-12-05,3066.0
2025-12-08,3020.0
2025-12-09,2955.0
2025-12-10,2972.0
2025-12-11,2972.0
2025-12-12,2972.0
2025-12-15,2972.0
2025-12-16,3088.0
2025-12-17,3095.0
2025-12-18,3126.0
2025-12-19,3116.0
2025-12-22,3124.0
2025-12-23,3125.0
2025-12-24,3116.0
2025-12-25,3115.0
2025-12-26,3100.0
2025-12-29,3112.0
2025-12-30,3113.0
2025-12-31,3105.0
2026-01-05,3090.0
2026-01-06,3065.0
2026-01-07,3103.0
2026-01-08,3124.0
2026-01-09,3106.0
2026-01-12,3132.0
2026-01-13,3132.0
2026-01-14,3133.0
2026-01-15,3165.0
2026-01-16,3148.0
2026-01-19,3128.0
2026-01-20,3086.0
2026-01-21,3062.0
2026-01-22,3075.0
2026-01-23,3089.0
2026-01-26,3094.0
2026-01-27,3069.0
2026-01-28,3049.0
2026-01-29,3044.0
2026-01-30,3038.0
2026-02-02,3017.0
2026-02-03,3007.0
2026-02-04,3007.0
2026-02-05,3007.0
2026-02-06,3007.0
2026-02-09,2924.0
2026-02-10,2940.0
2026-02-11,2940.0
2026-02-12,2900.0
2026-02-13,2900.0
2026-02-24,2900.0
2026-02-25,3058.0
2026-02-26,3089.0
2026-02-27,3073.0
2026-03-02,3070.0
2026-03-03,3077.0
2026-03-04,3083.0
2026-03-05,3096.0
2026-03-06,3090.0
2026-03-09,3115.0
2026-03-10,3119.0
2026-03-11,3115.0
2026-03-12,3129.0
2026-03-13,3155.0
2026-03-16,3154.0
2026-03-17,3147.0
2026-03-18,3153.0
2026-03-19,3130.0
2026-03-20,3123.0
2026-03-23,3150.0
2026-03-24,3142.0
2026-03-25,3122.0
2026-03-26,3106.0
2026-03-27,3105.0
2026-03-30,3121.0
2026-03-31,3116.0
2026-04-01,3124.0
2026-04-02,3099.0
2026-04-03,3091.0
2026-04-07,3082.0
2026-04-08,3066.0
2026-04-09,3066.0
2026-04-10,3066.0
2026-04-13,3066.0
2026-04-14,3057.0
2026-04-15,3069.0
2026-04-16,3087.0
2026-04-17,3095.0
2026-04-20,3109.0
2026-04-21,3126.0
2026-04-22,3124.0
2026-04-23,3128.0
2026-04-24,3120.0
2026-04-27,3121.0
2026-04-28,3107.0
2026-04-29,3105.0
2026-04-30,3112.0
2026-05-06,3148.0
2026-05-07,3160.0
2026-05-08,3170.0
2026-05-11,3179.0
2026-05-12,3176.0
2026-05-13,3150.0
2026-05-14,3157.0
2026-05-15,3153.0
2026-05-18,3165.0
2026-05-19,3156.0
2026-05-20,3153.0
2026-05-21,3151.0
2026-05-22,3146.0
2026-05-25,3172.0
2026-05-26,3124.0
2026-05-27,3073.0
2026-05-28,3057.0
2026-05-29,3054.0
2026-06-01,3071.0
2026-06-02,3073.0
2026-06-03,3092.0
2026-06-04,3096.0
2026-06-05,3084.0
2026-06-08,3075.0
2026-06-09,3075.0
2026-06-10,3075.0
2026-06-11,3075.0
2026-06-12,3075.0
2026-06-15,3080.0
2026-06-16,3188.0
2026-06-17,3181.0
2026-06-18,3171.0
2026-06-22,3162.0
2026-06-23,3156.0
2026-06-24,3156.0
2026-06-25,3152.0
2026-06-26,3146.0
2026-06-29,3138.0
2026-06-30,3136.0
