date,shfe_hrc_close
2014-06-03,3476.0
2014-06-04,3476.0
2014-06-05,3476.0
2014-06-06,3476.0
2014-06-09,3476.0
2014-06-10,3476.0
2014-06-11,3476.0
2014-06-12,3476.0
2014-06-13,3476.0
2014-06-16,3476.0
2014-06-17,3476.0
2014-06-18,3590.0
2014-06-19,3614.0
2014-06-20,3600.0
2014-06-23,3464.0
2014-06-24,3464.0
2014-06-25,3458.0
2014-06-26,3498.0
2014-06-27,3496.0
2014-06-30,3630.0
2014-07-01,3630.0
2014-07-02,3630.0
2014-07-03,3630.0
2014-07-04,3630.0
2014-07-07,3630.0
2014-07-08,3630.0
2014-07-09,3630.0
2014-07-10,3630.0
2014-07-11,3630.0
2014-07-14,3630.0
2014-07-15,3630.0
2014-07-16,3542.0
2014-07-17,3498.0
2014-07-18,3498.0
2014-07-21,3448.0
2014-07-22,3348.0
2014-07-23,3348.0
2014-07-24,3328.0
2014-07-25,3328.0
2014-07-28,3328.0
2014-07-29,3328.0
2014-07-30,3338.0
2014-07-31,3368.0
2014-08-01,3368.0
2014-08-04,3368.0
2014-08-05,3368.0
2014-08-06,3368.0
2014-08-07,3330.0
2014-08-08,3330.0
2014-08-11,3330.0
2014-08-12,3330.0
2014-08-13,3330.0
2014-08-14,3330.0
2014-08-15,3330.0
2014-08-18,3316.0
2014-08-19,3316.0
2014-08-20,3316.0
2014-08-21,3316.0
2014-08-22,3316.0
2014-08-25,3316.0
2014-08-26,3316.0
2014-08-27,3316.0
2014-08-28,3230.0
2014-08-29,3230.0
2014-09-01,3230.0
2014-09-02,3230.0
2014-09-03,3230.0
2014-09-04,3230.0
2014-09-05,3230.0
2014-09-09,3230.0
2014-09-10,3230.0
2014-09-11,3230.0
2014-09-12,3230.0
2014-09-15,3230.0
2014-09-16,2976.0
2014-09-17,2960.0
2014-09-18,2950.0
2014-09-19,2918.0
2014-09-22,2876.0
2014-09-23,2894.0
2014-09-24,2902.0
2014-09-25,2892.0
2014-09-26,2942.0
2014-09-29,3004.0
2014-09-30,3024.0
2014-10-08,2842.0
2014-10-09,2954.0
2014-10-10,2870.0
2014-10-13,2870.0
2014-10-14,2870.0
2014-10-15,2870.0
2014-10-16,2960.0
2014-10-17,2960.0
2014-10-20,2960.0
2014-10-21,2960.0
2014-10-22,2960.0
2014-10-23,2960.0
2014-10-24,2960.0
2014-10-27,2960.0
2014-10-28,2858.0
2014-10-29,2858.0
2014-10-30,2858.0
2014-10-31,2862.0
2014-11-03,2862.0
2014-11-04,2862.0
2014-11-05,2862.0
2014-11-06,2862.0
2014-11-07,2862.0
2014-11-10,2862.0
2014-11-11,2862.0
2014-11-12,2862.0
2014-11-13,2862.0
2014-11-14,2862.0
2014-11-17,3158.0
2014-11-18,3052.0
2014-11-19,3050.0
2014-11-20,3050.0
2014-11-21,3050.0
2014-11-24,3000.0
2014-11-25,3000.0
2014-11-26,3028.0
2014-11-27,2966.0
2014-11-28,2862.0
2014-12-01,2862.0
2014-12-02,2862.0
2014-12-03,2862.0
2014-12-04,2862.0
2014-12-05,2862.0
2014-12-08,2862.0
2014-12-09,2862.0
2014-12-10,2862.0
2014-12-11,2862.0
2014-12-12,2862.0
2014-12-15,2862.0
2014-12-16,2984.0
2014-12-17,2982.0
2014-12-18,2982.0
2014-12-19,2988.0
2014-12-22,2972.0
2014-12-23,2944.0
2014-12-24,2940.0
2014-12-25,2956.0
2014-12-26,2954.0
2014-12-29,2968.0
2014-12-30,3010.0
2014-12-31,2992.0
2015-01-05,2966.0
2015-01-06,2970.0
2015-01-07,2990.0
2015-01-08,2990.0
2015-01-09,2968.0
2015-01-12,2960.0
2015-01-13,2866.0
2015-01-14,2760.0
2015-01-15,2760.0
2015-01-16,2744.0
2015-01-19,2744.0
2015-01-20,2744.0
2015-01-21,2744.0
2015-01-22,2744.0
2015-01-23,2744.0
2015-01-26,2744.0
2015-01-27,2744.0
2015-01-28,2744.0
2015-01-29,2744.0
2015-01-30,2744.0
2015-02-02,2744.0
2015-02-03,2744.0
2015-02-04,2744.0
2015-02-05,2744.0
2015-02-06,2744.0
2015-02-09,2744.0
2015-02-10,2744.0
2015-02-11,2586.0
2015-02-12,2500.0
2015-02-13,2456.0
2015-02-16,2554.0
2015-02-17,2482.0
2015-02-25,2482.0
2015-02-26,2482.0
2015-02-27,2400.0
2015-03-02,2400.0
2015-03-03,2400.0
2015-03-04,2400.0
2015-03-05,2404.0
2015-03-06,2404.0
2015-03-09,2404.0
2015-03-10,2404.0
2015-03-11,2400.0
2015-03-12,2400.0
2015-03-13,2470.0
2015-03-16,2470.0
2015-03-17,2328.0
2015-03-18,2328.0
2015-03-19,2314.0
2015-03-20,2396.0
2015-03-23,2326.0
2015-03-24,2326.0
2015-03-25,2326.0
2015-03-26,2326.0
2015-03-27,2326.0
2015-03-30,2326.0
2015-03-31,2326.0
2015-04-01,2326.0
2015-04-02,2326.0
2015-04-03,2326.0
2015-04-07,2326.0
2015-04-08,2326.0
2015-04-09,2326.0
2015-04-10,2326.0
2015-04-13,2326.0
2015-04-14,2326.0
2015-04-15,2326.0
2015-04-16,2338.0
2015-04-17,2342.0
2015-04-20,2330.0
2015-04-21,2314.0
2015-04-22,2332.0
2015-04-23,2360.0
2015-04-24,2390.0
2015-04-27,2414.0
2015-04-28,2437.0
2015-04-29,2418.0
2015-04-30,2378.0
2015-05-04,2471.0
2015-05-05,2495.0
2015-05-06,2495.0
2015-05-07,2459.0
2015-05-08,2417.0
2015-05-11,2417.0
2015-05-12,2300.0
2015-05-13,2410.0
2015-05-14,2410.0
2015-05-15,2410.0
2015-05-18,2274.0
2015-05-19,2160.0
2015-05-20,2160.0
2015-05-21,2160.0
2015-05-22,2160.0
2015-05-25,2160.0
2015-05-26,2160.0
2015-05-27,2160.0
2015-05-28,2160.0
2015-05-29,2160.0
2015-06-01,2160.0
2015-06-02,2160.0
2015-06-03,2160.0
2015-06-04,2160.0
2015-06-05,2160.0
2015-06-08,2160.0
2015-06-09,2160.0
2015-06-10,2160.0
2015-06-11,2160.0
2015-06-12,2160.0
2015-06-15,2160.0
2015-06-16,2291.0
2015-06-17,2291.0
2015-06-18,2291.0
2015-06-19,2377.0
2015-06-23,2377.0
2015-06-24,2377.0
2015-06-25,2377.0
2015-06-26,2377.0
2015-06-29,2377.0
2015-06-30,2258.0
2015-07-01,2258.0
2015-07-02,2258.0
2015-07-03,2258.0
2015-07-06,2258.0
2015-07-07,2258.0
2015-07-08,2258.0
2015-07-09,2258.0
2015-07-10,2258.0
2015-07-13,2258.0
2015-07-14,2258.0
2015-07-15,2258.0
2015-07-16,2196.0
2015-07-17,2086.0
2015-07-20,2086.0
2015-07-21,2086.0
2015-07-22,2086.0
2015-07-23,2086.0
2015-07-24,2086.0
2015-07-27,2086.0
2015-07-28,2086.0
2015-07-29,2086.0
2015-07-30,2085.0
2015-07-31,1980.0
2015-08-03,1980.0
2015-08-04,1980.0
2015-08-05,1980.0
2015-08-06,1980.0
2015-08-07,1980.0
2015-08-10,1980.0
2015-08-11,1980.0
2015-08-12,1980.0
2015-08-13,1980.0
2015-08-14,1980.0
2015-08-17,1980.0
2015-08-18,2037.0
2015-08-19,2037.0
2015-08-20,2037.0
2015-08-21,2037.0
2015-08-24,1936.0
2015-08-25,1847.0
2015-08-26,1871.0
2015-08-27,1871.0
2015-08-28,1925.0
2015-08-31,1925.0
2015-09-01,1925.0
2015-09-02,1915.0
2015-09-07,1915.0
2015-09-08,1915.0
2015-09-09,1915.0
2015-09-10,1915.0
2015-09-11,1915.0
2015-09-14,1915.0
2015-09-15,1915.0
2015-09-16,1893.0
2015-09-17,1894.0
2015-09-18,1888.0
2015-09-21,1882.0
2015-09-22,1874.0
2015-09-23,1879.0
2015-09-24,1877.0
2015-09-25,1866.0
2015-09-28,1840.0
2015-09-29,1838.0
2015-09-30,1815.0
2015-10-08,1857.0
2015-10-09,1861.0
2015-10-12,1861.0
2015-10-13,1861.0
2015-10-14,1851.0
2015-10-15,1851.0
2015-10-16,1866.0
2015-10-19,1866.0
2015-10-20,1866.0
2015-10-21,1866.0
2015-10-22,1866.0
2015-10-23,1866.0
2015-10-26,1866.0
2015-10-27,1866.0
2015-10-28,1866.0
2015-10-29,1866.0
2015-10-30,1866.0
2015-11-02,1866.0
2015-11-03,1866.0
2015-11-04,1866.0
2015-11-05,1866.0
2015-11-06,1866.0
2015-11-09,1866.0
2015-11-10,1866.0
2015-11-11,1866.0
2015-11-12,1866.0
2015-11-13,1866.0
2015-11-16,1866.0
2015-11-17,1801.0
2015-11-18,1820.0
2015-11-19,1848.0
2015-11-20,1848.0
2015-11-23,1848.0
2015-11-24,1848.0
2015-11-25,1848.0
2015-11-26,1848.0
2015-11-27,1848.0
2015-11-30,1848.0
2015-12-01,1848.0
2015-12-02,1848.0
2015-12-03,1848.0
2015-12-04,1848.0
2015-12-07,1848.0
2015-12-08,1848.0
2015-12-09,1848.0
2015-12-10,1848.0
2015-12-11,1848.0
2015-12-14,1848.0
2015-12-15,1848.0
2015-12-16,1823.0
2015-12-17,1859.0
2015-12-18,1885.0
2015-12-21,1937.0
2015-12-22,1934.0
2015-12-23,1914.0
2015-12-24,1937.0
2015-12-25,1948.0
2015-12-28,1966.0
2015-12-29,2007.0
2015-12-30,2051.0
2015-12-31,2044.0
2016-01-04,2049.0
2016-01-05,2049.0
2016-01-06,2049.0
2016-01-07,2049.0
2016-01-08,2049.0
2016-01-11,1999.0
2016-01-12,1999.0
2016-01-13,1999.0
2016-01-14,1999.0
2016-01-15,1999.0
2016-01-18,1943.0
2016-01-19,1943.0
2016-01-20,1943.0
2016-01-21,1943.0
2016-01-22,1943.0
2016-01-25,1943.0
2016-01-26,1943.0
2016-01-27,1943.0
2016-01-28,1943.0
2016-01-29,1943.0
2016-02-01,1943.0
2016-02-02,1943.0
2016-02-03,1943.0
2016-02-04,1943.0
2016-02-05,1943.0
2016-02-15,1943.0
2016-02-16,1882.0
2016-02-17,1882.0
2016-02-18,1882.0
2016-02-19,1882.0
2016-02-22,1882.0
2016-02-23,1882.0
2016-02-24,1882.0
2016-02-25,1882.0
2016-02-26,1882.0
2016-02-29,1929.0
2016-03-01,1929.0
2016-03-02,1929.0
2016-03-03,1929.0
2016-03-04,1929.0
2016-03-07,1929.0
2016-03-08,1929.0
2016-03-09,1929.0
2016-03-10,1929.0
2016-03-11,1929.0
2016-03-14,1929.0
2016-03-15,1929.0
2016-03-16,2160.0
2016-03-17,2160.0
2016-03-18,2160.0
2016-03-21,2160.0
2016-03-22,2160.0
2016-03-23,2160.0
2016-03-24,2160.0
2016-03-25,2208.0
2016-03-28,2384.0
2016-03-29,2384.0
2016-03-30,2384.0
2016-03-31,2384.0
2016-04-01,2384.0
2016-04-05,2384.0
2016-04-06,2384.0
2016-04-07,2384.0
2016-04-08,2384.0
2016-04-11,2384.0
2016-04-12,2384.0
2016-04-13,2384.0
2016-04-14,2384.0
2016-04-15,2384.0
2016-04-18,2689.0
2016-04-19,2818.0
2016-04-20,2996.0
2016-04-21,3175.0
2016-04-22,3126.0
2016-04-25,3122.0
2016-04-26,3021.0
2016-04-27,2889.0
2016-04-28,2923.0
2016-04-29,3027.0
2016-05-03,2964.0
2016-05-04,2881.0
2016-05-05,2811.0
2016-05-06,2798.0
2016-05-09,2639.0
2016-05-10,2503.0
2016-05-11,2650.0
2016-05-12,2630.0
2016-05-13,2630.0
2016-05-16,2630.0
2016-05-17,2520.0
2016-05-18,2583.0
2016-05-19,2582.0
2016-05-20,2533.0
2016-05-23,2533.0
2016-05-24,2533.0
2016-05-25,2388.0
2016-05-26,2410.0
2016-05-27,2410.0
2016-05-30,2553.0
2016-05-31,2553.0
2016-06-01,2553.0
2016-06-02,2553.0
2016-06-03,2553.0
2016-06-06,2553.0
2016-06-07,2553.0
2016-06-08,2553.0
2016-06-13,2553.0
2016-06-14,2553.0
2016-06-15,2553.0
2016-06-16,2339.0
2016-06-17,2339.0
2016-06-20,2339.0
2016-06-21,2339.0
2016-06-22,2339.0
2016-06-23,2375.0
2016-06-24,2375.0
2016-06-27,2435.0
2016-06-28,2435.0
2016-06-29,2391.0
2016-06-30,2532.0
2016-07-01,2532.0
2016-07-04,2532.0
2016-07-05,2532.0
2016-07-06,2532.0
2016-07-07,2532.0
2016-07-08,2532.0
2016-07-11,2532.0
2016-07-12,2532.0
2016-07-13,2532.0
2016-07-14,2532.0
2016-07-15,2532.0
2016-07-18,2746.0
2016-07-19,2746.0
2016-07-20,2583.0
2016-07-21,2589.0
2016-07-22,2589.0
2016-07-25,2589.0
2016-07-26,2589.0
2016-07-27,2589.0
2016-07-28,2589.0
2016-07-29,2589.0
2016-08-01,2589.0
2016-08-02,2589.0
2016-08-03,2589.0
2016-08-04,2589.0
2016-08-05,2589.0
2016-08-08,2589.0
2016-08-09,2589.0
2016-08-10,2589.0
2016-08-11,2589.0
2016-08-12,2589.0
2016-08-15,2589.0
2016-08-16,2897.0
2016-08-17,2890.0
2016-08-18,2818.0
2016-08-19,2759.0
2016-08-22,2798.0
2016-08-23,2911.0
2016-08-24,2911.0
2016-08-25,2823.0
2016-08-26,2823.0
2016-08-29,2806.0
2016-08-30,2777.0
2016-08-31,2776.0
2016-09-01,2776.0
2016-09-02,2776.0
2016-09-05,2776.0
2016-09-06,2776.0
2016-09-07,2776.0
2016-09-08,2700.0
2016-09-09,2700.0
2016-09-12,2700.0
2016-09-13,2700.0
2016-09-14,2700.0
2016-09-19,2700.0
2016-09-20,2669.0
2016-09-21,2676.0
2016-09-22,2699.0
2016-09-23,2711.0
2016-09-26,2734.0
2016-09-27,2718.0
2016-09-28,2720.0
2016-09-29,2741.0
2016-09-30,2729.0
2016-10-10,2766.0
2016-10-11,2831.0
2016-10-12,2869.0
2016-10-13,2870.0
2016-10-14,2840.0
2016-10-17,2840.0
2016-10-18,2751.0
2016-10-19,2751.0
2016-10-20,2751.0
2016-10-21,2751.0
2016-10-24,2751.0
2016-10-25,2751.0
2016-10-26,2751.0
2016-10-27,2751.0
2016-10-28,2871.0
2016-10-31,3042.0
2016-11-01,3042.0
2016-11-02,3042.0
2016-11-03,3042.0
2016-11-04,3042.0
2016-11-07,3042.0
2016-11-08,3042.0
2016-11-09,3042.0
2016-11-10,3042.0
2016-11-11,3042.0
2016-11-14,3042.0
2016-11-15,3042.0
2016-11-16,3167.0
2016-11-17,3167.0
2016-11-18,3167.0
2016-11-21,3167.0
2016-11-22,3167.0
2016-11-23,3353.0
2016-11-24,3440.0
2016-11-25,3679.0
2016-11-28,3679.0
2016-11-29,3510.0
2016-11-30,3475.0
2016-12-01,3475.0
2016-12-02,3475.0
2016-12-05,3475.0
2016-12-06,3475.0
2016-12-07,3475.0
2016-12-08,3475.0
2016-12-09,3475.0
2016-12-12,3475.0
2016-12-13,3475.0
2016-12-14,3475.0
2016-12-15,3475.0
2016-12-16,3851.0
2016-12-19,3781.0
2016-12-20,3731.0
2016-12-21,3742.0
2016-12-22,3693.0
2016-12-23,3609.0
2016-12-26,3535.0
2016-12-27,3533.0
2016-12-28,3620.0
2016-12-29,3598.0
2016-12-30,3604.0
2017-01-03,3642.0
2017-01-04,3595.0
2017-01-05,3646.0
2017-01-06,3638.0
2017-01-09,3645.0
2017-01-10,3662.0
2017-01-11,3739.0
2017-01-12,3730.0
2017-01-13,3713.0
2017-01-16,3745.0
2017-01-17,3720.0
2017-01-18,3720.0
2017-01-19,3720.0
2017-01-20,3720.0
2017-01-23,3737.0
2017-01-24,3630.0
2017-01-25,3630.0
2017-01-26,3600.0
2017-02-03,3600.0
2017-02-06,3600.0
2017-02-07,3600.0
2017-02-08,3600.0
2017-02-09,3600.0
2017-02-10,3600.0
2017-02-13,3600.0
2017-02-14,3600.0
2017-02-15,3600.0
2017-02-16,3760.0
2017-02-17,3820.0
2017-02-20,3820.0
2017-02-21,3820.0
2017-02-22,4001.0
2017-02-23,4001.0
2017-02-24,4001.0
2017-02-27,3873.0
2017-02-28,3870.0
2017-03-01,3870.0
2017-03-02,3870.0
2017-03-03,3870.0
2017-03-06,3870.0
2017-03-07,3870.0
2017-03-08,3870.0
2017-03-09,3870.0
2017-03-10,3870.0
2017-03-13,3870.0
2017-03-14,3870.0
2017-03-15,3870.0
2017-03-16,3517.0
2017-03-17,3517.0
2017-03-20,3517.0
2017-03-21,3517.0
2017-03-22,3517.0
2017-03-23,3517.0
2017-03-24,3517.0
2017-03-27,3517.0
2017-03-28,3517.0
2017-03-29,3517.0
2017-03-30,3517.0
2017-03-31,3517.0
2017-04-05,3517.0
2017-04-06,3517.0
2017-04-07,3517.0
2017-04-10,3517.0
2017-04-11,3517.0
2017-04-12,3517.0
2017-04-13,3517.0
2017-04-14,3517.0
2017-04-17,3517.0
2017-04-18,3040.0
2017-04-19,3019.0
2017-04-20,2997.0
2017-04-21,3039.0
2017-04-24,3013.0
2017-04-25,3052.0
2017-04-26,3105.0
2017-04-27,3121.0
2017-04-28,3133.0
2017-05-02,3189.0
2017-05-03,3143.0
2017-05-04,2995.0
2017-05-05,2947.0
2017-05-08,2980.0
2017-05-09,2974.0
2017-05-10,3012.0
2017-05-11,3015.0
2017-05-12,3008.0
2017-05-15,3110.0
2017-05-16,3117.0
2017-05-17,3117.0
2017-05-18,3117.0
2017-05-19,3117.0
2017-05-22,3200.0
2017-05-23,3200.0
2017-05-24,3221.0
2017-05-25,3221.0
2017-05-26,3221.0
2017-05-31,3133.0
2017-06-01,3133.0
2017-06-02,3133.0
2017-06-05,3133.0
2017-06-06,3133.0
2017-06-07,3133.0
2017-06-08,3133.0
2017-06-09,3133.0
2017-06-12,3133.0
2017-06-13,3133.0
2017-06-14,3133.0
2017-06-15,3133.0
2017-06-16,3225.0
2017-06-19,3225.0
2017-06-20,3225.0
2017-06-21,3225.0
2017-06-22,3225.0
2017-06-23,3225.0
2017-06-26,3373.0
2017-06-27,3519.0
2017-06-28,3521.0
2017-06-29,3553.0
2017-06-30,3560.0
2017-07-03,3560.0
2017-07-04,3560.0
2017-07-05,3560.0
2017-07-06,3560.0
2017-07-07,3560.0
2017-07-10,3560.0
2017-07-11,3560.0
2017-07-12,3560.0
2017-07-13,3560.0
2017-07-14,3560.0
2017-07-17,3560.0
2017-07-18,3723.0
2017-07-19,3852.0
2017-07-20,3852.0
2017-07-21,3704.0
2017-07-24,3638.0
2017-07-25,3637.0
2017-07-26,3637.0
2017-07-27,3637.0
2017-07-28,3637.0
2017-07-31,3637.0
2017-08-01,3637.0
2017-08-02,3637.0
2017-08-03,3637.0
2017-08-04,3637.0
2017-08-07,3637.0
2017-08-08,3637.0
2017-08-09,3637.0
2017-08-10,3637.0
2017-08-11,3637.0
2017-08-14,3637.0
2017-08-15,3637.0
2017-08-16,4007.0
2017-08-17,4007.0
2017-08-18,4093.0
2017-08-21,4062.0
2017-08-22,4137.0
2017-08-23,3994.0
2017-08-24,4012.0
2017-08-25,4170.0
2017-08-28,4101.0
2017-08-29,4174.0
2017-08-30,4161.0
2017-08-31,4079.0
2017-09-01,4179.0
2017-09-04,4179.0
2017-09-05,4179.0
2017-09-06,4179.0
2017-09-07,4179.0
2017-09-08,4300.0
2017-09-11,4300.0
2017-09-12,4300.0
2017-09-13,4300.0
2017-09-14,4300.0
2017-09-15,4300.0
2017-09-18,4127.0
2017-09-19,4126.0
2017-09-20,4067.0
2017-09-21,4055.0
2017-09-22,3954.0
2017-09-25,3904.0
2017-09-26,3938.0
2017-09-27,3969.0
2017-09-28,3983.0
2017-09-29,3971.0
2017-10-09,4110.0
2017-10-10,3984.0
2017-10-11,3976.0
2017-10-12,4030.0
2017-10-13,4143.0
2017-10-16,4273.0
2017-10-17,4306.0
2017-10-18,4223.0
2017-10-19,4024.0
2017-10-20,4024.0
2017-10-23,4024.0
2017-10-24,4024.0
2017-10-25,4024.0
2017-10-26,4000.0
2017-10-27,4000.0
2017-10-30,3950.0
2017-10-31,3991.0
2017-11-01,3991.0
2017-11-02,3991.0
2017-11-03,3991.0
2017-11-06,3991.0
2017-11-07,3991.0
2017-11-08,3991.0
2017-11-09,3991.0
2017-11-10,3991.0
2017-11-13,3991.0
2017-11-14,3991.0
2017-11-15,3991.0
2017-11-16,4084.0
2017-11-17,4084.0
2017-11-20,4084.0
2017-11-21,4084.0
2017-11-22,4084.0
2017-11-23,4076.0
2017-11-24,4076.0
2017-11-27,4076.0
2017-11-28,4099.0
2017-11-29,4150.0
2017-11-30,4133.0
2017-12-01,4133.0
2017-12-04,4133.0
2017-12-05,4133.0
2017-12-06,4133.0
2017-12-07,4133.0
2017-12-08,4133.0
2017-12-11,4133.0
2017-12-12,4133.0
2017-12-13,4133.0
2017-12-14,4133.0
2017-12-15,4133.0
2017-12-18,4137.0
2017-12-19,4104.0
2017-12-20,4101.0
2017-12-21,4117.0
2017-12-22,4157.0
2017-12-25,4140.0
2017-12-26,4123.0
2017-12-27,4125.0
2017-12-28,4124.0
2017-12-29,4155.0
2018-01-02,4177.0
2018-01-03,4173.0
2018-01-04,4176.0
2018-01-05,4172.0
2018-01-08,4162.0
2018-01-09,4173.0
2018-01-10,4178.0
2018-01-11,4174.0
2018-01-12,4159.0
2018-01-15,4159.0
2018-01-16,4137.0
2018-01-17,4137.0
2018-01-18,4137.0
2018-01-19,4137.0
2018-01-22,4139.0
2018-01-23,4139.0
2018-01-24,4100.0
2018-01-25,4100.0
2018-01-26,4061.0
2018-01-29,4061.0
2018-01-30,3922.0
2018-01-31,3978.0
2018-02-01,3978.0
2018-02-02,3978.0
2018-02-05,3978.0
2018-02-06,3978.0
2018-02-07,3978.0
2018-02-08,3978.0
2018-02-09,3978.0
2018-02-12,4062.0
2018-02-13,4062.0
2018-02-14,4100.0
2018-02-22,4100.0
2018-02-23,4105.0
2018-02-26,4046.0
2018-02-27,4068.0
2018-02-28,4131.0
2018-03-01,4235.0
2018-03-02,4235.0
2018-03-05,4235.0
2018-03-06,4235.0
2018-03-07,4235.0
2018-03-08,4235.0
2018-03-09,4235.0
2018-03-12,4235.0
2018-03-13,4235.0
2018-03-14,4235.0
2018-03-15,4235.0
2018-03-16,4002.0
2018-03-19,4002.0
2018-03-20,4002.0
2018-03-21,3908.0
2018-03-22,3888.0
2018-03-23,3784.0
2018-03-26,3784.0
2018-03-27,3784.0
2018-03-28,3729.0
2018-03-29,3772.0
2018-03-30,3795.0
2018-04-02,3795.0
2018-04-03,3920.0
2018-04-04,3920.0
2018-04-09,3920.0
2018-04-10,3920.0
2018-04-11,3920.0
2018-04-12,3920.0
2018-04-13,3920.0
2018-04-16,3920.0
2018-04-17,3841.0
2018-04-18,3896.0
2018-04-19,3925.0
2018-04-20,3933.0
2018-04-23,3986.0
2018-04-24,4066.0
2018-04-25,4082.0
2018-04-26,4102.0
2018-04-27,4110.0
2018-05-02,4192.0
2018-05-03,4158.0
2018-05-04,4142.0
2018-05-07,4151.0
2018-05-08,4170.0
2018-05-09,4128.0
2018-05-10,4134.0
2018-05-11,4145.0
2018-05-14,4190.0
2018-05-15,4195.0
2018-05-16,4172.0
2018-05-17,4172.0
2018-05-18,4172.0
2018-05-21,4178.0
2018-05-22,4078.0
2018-05-23,4078.0
2018-05-24,4078.0
2018-05-25,4175.0
2018-05-28,4092.0
2018-05-29,4054.0
2018-05-30,4046.0
2018-05-31,4252.0
2018-06-01,4252.0
2018-06-04,4252.0
2018-06-05,4252.0
2018-06-06,4252.0
2018-06-07,4252.0
2018-06-08,4252.0
2018-06-11,4252.0
2018-06-12,4252.0
2018-06-13,4252.0
2018-06-14,4252.0
2018-06-15,4252.0
2018-06-19,4382.0
2018-06-20,4368.0
2018-06-21,4374.0
2018-06-22,4313.0
2018-06-25,4285.0
2018-06-26,4255.0
2018-06-27,4284.0
2018-06-28,4484.0
2018-06-29,4312.0
2018-07-02,4128.0
2018-07-03,4128.0
2018-07-04,4232.0
2018-07-05,4232.0
2018-07-06,4232.0
2018-07-09,4380.0
2018-07-10,4380.0
2018-07-11,4380.0
2018-07-12,4380.0
2018-07-13,4380.0
2018-07-16,4380.0
2018-07-17,4222.0
2018-07-18,4224.0
2018-07-19,4234.0
2018-07-20,4234.0
2018-07-23,4301.0
2018-07-24,4280.0
2018-07-25,4233.0
2018-07-26,4283.0
2018-07-27,4313.0
2018-07-30,4258.0
2018-07-31,4129.0
2018-08-01,4230.0
2018-08-02,4265.0
2018-08-03,4265.0
2018-08-06,4265.0
2018-08-07,4265.0
2018-08-08,4265.0
2018-08-09,4265.0
2018-08-10,4265.0
2018-08-13,4265.0
2018-08-14,4265.0
2018-08-15,4265.0
2018-08-16,4237.0
2018-08-17,4281.0
2018-08-20,4366.0
2018-08-21,4378.0
2018-08-22,4384.0
2018-08-23,4363.0
2018-08-24,4374.0
2018-08-27,4359.0
2018-08-28,4390.0
2018-08-29,4377.0
2018-08-30,4327.0
2018-08-31,4307.0
2018-09-03,4294.0
2018-09-04,4291.0
2018-09-05,4291.0
2018-09-06,4291.0
2018-09-07,4360.0
2018-09-10,4343.0
2018-09-11,4269.0
2018-09-12,4252.0
2018-09-13,4291.0
2018-09-14,4289.0
2018-09-17,4288.0
2018-09-18,4257.0
2018-09-19,4268.0
2018-09-20,4269.0
2018-09-21,4289.0
2018-09-25,4278.0
2018-09-26,4269.0
2018-09-27,4269.0
2018-09-28,4232.0
2018-10-08,4250.0
2018-10-09,4297.0
2018-10-10,4305.0
2018-10-11,4280.0
2018-10-12,4253.0
2018-10-15,4320.0
2018-10-16,4194.0
2018-10-17,4281.0
2018-10-18,4280.0
2018-10-19,4280.0
2018-10-22,4279.0
2018-10-23,4182.0
2018-10-24,4146.0
2018-10-25,4149.0
2018-10-26,4185.0
2018-10-29,4149.0
2018-10-30,4160.0
2018-10-31,4109.0
2018-11-01,4002.0
2018-11-02,3955.0
2018-11-05,3955.0
2018-11-06,3976.0
2018-11-07,3921.0
2018-11-08,3900.0
2018-11-09,3900.0
2018-11-12,3810.0
2018-11-13,3800.0
2018-11-14,3800.0
2018-11-15,3800.0
2018-11-16,3857.0
2018-11-19,3908.0
2018-11-20,3838.0
2018-11-21,3810.0
2018-11-22,3800.0
2018-11-23,3750.0
2018-11-26,3677.0
2018-11-27,3621.0
2018-11-28,3670.0
2018-11-29,3685.0
2018-11-30,3660.0
2018-12-03,3660.0
2018-12-04,3693.0
2018-12-05,3748.0
2018-12-06,3700.0
2018-12-07,3700.0
2018-12-10,3700.0
2018-12-11,3650.0
2018-12-12,3700.0
2018-12-13,3700.0
2018-12-14,3860.0
2018-12-17,3860.0
2018-12-18,3746.0
2018-12-19,3772.0
2018-12-20,3772.0
2018-12-21,3782.0
2018-12-24,3756.0
2018-12-25,3728.0
2018-12-26,3715.0
2018-12-27,3713.0
2018-12-28,3685.0
2019-01-02,3652.0
2019-01-03,3639.0
2019-01-04,3613.0
2019-01-07,3633.0
2019-01-08,3636.0
2019-01-09,3635.0
2019-01-10,3606.0
2019-01-11,3615.0
2019-01-14,3625.0
2019-01-15,3594.0
2019-01-16,3560.0
2019-01-17,3576.0
2019-01-18,3610.0
2019-01-21,3610.0
2019-01-22,3610.0
2019-01-23,3633.0
2019-01-24,3630.0
2019-01-25,3669.0
2019-01-28,3653.0
2019-01-29,3679.0
2019-01-30,3700.0
2019-01-31,3700.0
2019-02-01,3700.0
2019-02-11,3700.0
2019-02-12,3700.0
2019-02-13,3830.0
2019-02-14,3800.0
2019-02-15,3800.0
2019-02-18,3728.0
2019-02-19,3728.0
2019-02-20,3728.0
2019-02-21,3728.0
2019-02-22,3728.0
2019-02-25,3728.0
2019-02-26,3728.0
2019-02-27,3815.0
2019-02-28,3871.0
2019-03-01,3871.0
2019-03-04,3871.0
2019-03-05,3871.0
2019-03-06,3871.0
2019-03-07,3871.0
2019-03-08,3871.0
2019-03-11,3871.0
2019-03-12,3871.0
2019-03-13,3871.0
2019-03-14,3871.0
2019-03-15,3871.0
2019-03-18,3662.0
2019-03-19,3696.0
2019-03-20,3726.0
2019-03-21,3726.0
2019-03-22,3665.0
2019-03-25,3814.0
2019-03-26,3690.0
2019-03-27,3808.0
2019-03-28,3753.0
2019-03-29,3753.0
2019-04-01,3753.0
2019-04-02,3753.0
2019-04-03,3753.0
2019-04-04,3753.0
2019-04-08,3753.0
2019-04-09,3753.0
2019-04-10,3753.0
2019-04-11,3753.0
2019-04-12,3753.0
2019-04-15,3753.0
2019-04-16,3984.0
2019-04-17,3975.0
2019-04-18,3952.0
2019-04-19,3942.0
2019-04-22,4004.0
2019-04-23,3996.0
2019-04-24,3969.0
2019-04-25,3980.0
2019-04-26,3983.0
2019-04-29,3996.0
2019-04-30,4053.0
2019-05-06,4059.0
2019-05-07,4079.0
2019-05-08,4074.0
2019-05-09,4086.0
2019-05-10,4121.0
2019-05-13,4102.0
2019-05-14,4053.0
2019-05-15,4053.0
2019-05-16,4011.0
2019-05-17,4025.0
2019-05-20,4000.0
2019-05-21,4061.0
2019-05-22,4096.0
2019-05-23,4122.0
2019-05-24,4122.0
2019-05-27,4132.0
2019-05-28,4112.0
2019-05-29,4105.0
2019-05-30,4000.0
2019-05-31,3945.0
2019-06-03,3945.0
2019-06-04,3945.0
2019-06-05,3945.0
2019-06-06,3945.0
2019-06-10,3945.0
2019-06-11,3945.0
2019-06-12,3945.0
2019-06-13,3945.0
2019-06-14,3945.0
2019-06-17,3945.0
2019-06-18,3755.0
2019-06-19,3755.0
2019-06-20,3755.0
2019-06-21,3755.0
2019-06-24,3755.0
2019-06-25,3755.0
2019-06-26,3755.0
2019-06-27,3755.0
2019-06-28,3755.0
2019-07-01,3755.0
2019-07-02,3755.0
2019-07-03,3755.0
2019-07-04,3755.0
2019-07-05,3755.0
2019-07-08,3755.0
2019-07-09,3755.0
2019-07-10,3755.0
2019-07-11,3755.0
2019-07-12,3755.0
2019-07-15,3755.0
2019-07-16,3944.0
2019-07-17,3929.0
2019-07-18,3929.0
2019-07-19,3929.0
2019-07-22,3944.0
2019-07-23,3944.0
2019-07-24,3829.0
2019-07-25,3850.0
2019-07-26,3880.0
2019-07-29,3853.0
2019-07-30,3968.0
2019-07-31,3902.0
2019-08-01,3902.0
2019-08-02,3902.0
2019-08-05,3902.0
2019-08-06,3902.0
2019-08-07,3902.0
2019-08-08,3902.0
2019-08-09,3902.0
2019-08-12,3902.0
2019-08-13,3720.0
2019-08-14,3750.0
2019-08-15,3800.0
2019-08-16,3763.0
2019-08-19,3761.0
2019-08-20,3758.0
2019-08-21,3707.0
2019-08-22,3718.0
2019-08-23,3729.0
2019-08-26,3678.0
2019-08-27,3617.0
2019-08-28,3585.0
2019-08-29,3582.0
2019-08-30,3602.0
2019-09-02,3675.0
2019-09-03,3688.0
2019-09-04,3688.0
2019-09-05,3700.0
2019-09-06,3650.0
2019-09-09,3708.0
2019-09-10,3715.0
2019-09-11,3698.0
2019-09-12,3680.0
2019-09-16,3760.0
2019-09-17,3713.0
2019-09-18,3701.0
2019-09-19,3649.0
2019-09-20,3593.0
2019-09-23,3651.0
2019-09-24,3716.0
2019-09-25,3694.0
2019-09-26,3659.0
2019-09-27,3610.0
2019-09-30,3599.0
2019-10-08,3579.0
2019-10-09,3565.0
2019-10-10,3566.0
2019-10-11,3523.0
2019-10-14,3526.0
2019-10-15,3507.0
2019-10-16,3346.0
2019-10-17,3336.0
2019-10-18,3356.0
2019-10-21,3356.0
2019-10-22,3366.0
2019-10-23,3366.0
2019-10-24,3309.0
2019-10-25,3383.0
2019-10-28,3350.0
2019-10-29,3414.0
2019-10-30,3405.0
2019-10-31,3463.0
2019-11-01,3463.0
2019-11-04,3466.0
2019-11-05,3490.0
2019-11-06,3490.0
2019-11-07,3450.0
2019-11-08,3450.0
2019-11-11,3450.0
2019-11-12,3460.0
2019-11-13,3460.0
2019-11-14,3550.0
2019-11-15,3550.0
2019-11-18,3500.0
2019-11-19,3500.0
2019-11-20,3580.0
2019-11-21,3580.0
2019-11-22,3585.0
2019-11-25,3759.0
2019-11-26,3641.0
2019-11-27,3641.0
2019-11-28,3522.0
2019-11-29,3519.0
2019-12-02,3519.0
2019-12-03,3519.0
2019-12-04,3519.0
2019-12-05,3519.0
2019-12-06,3519.0
2019-12-09,3519.0
2019-12-10,3519.0
2019-12-11,3519.0
2019-12-12,3519.0
2019-12-13,3519.0
2019-12-16,3519.0
2019-12-17,3711.0
2019-12-18,3722.0
2019-12-19,3723.0
2019-12-20,3716.0
2019-12-23,3745.0
2019-12-24,3741.0
2019-12-25,3735.0
2019-12-26,3712.0
2019-12-27,3744.0
2019-12-30,3760.0
2019-12-31,3774.0
2020-01-02,3751.0
2020-01-03,3757.0
2020-01-06,3764.0
2020-01-07,3770.0
2020-01-08,3795.0
2020-01-09,3819.0
2020-01-10,3813.0
2020-01-13,3798.0
2020-01-14,3801.0
2020-01-15,3841.0
2020-01-16,3713.0
2020-01-17,3781.0
2020-01-20,3814.0
2020-01-21,3794.0
2020-01-22,3873.0
2020-01-23,3873.0
2020-02-03,3567.0
2020-02-04,3520.0
2020-02-05,3450.0
2020-02-06,3420.0
2020-02-07,3420.0
2020-02-10,3420.0
2020-02-11,3420.0
2020-02-12,3420.0
2020-02-13,3420.0
2020-02-14,3420.0
2020-02-17,3420.0
2020-02-18,3451.0
2020-02-19,3451.0
2020-02-20,3519.0
2020-02-21,3538.0
2020-02-24,3550.0
2020-02-25,3609.0
2020-02-26,3600.0
2020-02-27,3598.0
2020-02-28,3546.0
2020-03-02,3546.0
2020-03-03,3550.0
2020-03-04,3550.0
2020-03-05,3570.0
2020-03-06,3570.0
2020-03-09,3500.0
2020-03-10,3500.0
2020-03-11,3500.0
2020-03-12,3500.0
2020-03-13,3520.0
2020-03-16,3520.0
2020-03-17,3600.0
2020-03-18,3603.0
2020-03-19,3504.0
2020-03-20,3450.0
2020-03-23,3400.0
2020-03-24,3350.0
2020-03-25,3350.0
2020-03-26,3350.0
2020-03-27,3350.0
2020-03-30,3153.0
2020-03-31,3153.0
2020-04-01,3153.0
2020-04-02,3153.0
2020-04-03,3153.0
2020-04-07,3200.0
2020-04-08,3200.0
2020-04-09,3200.0
2020-04-10,3200.0
2020-04-13,3200.0
2020-04-14,3200.0
2020-04-15,3200.0
2020-04-16,3358.0
2020-04-17,3387.0
2020-04-20,3370.0
2020-04-21,3328.0
2020-04-22,3327.0
2020-04-23,3335.0
2020-04-24,3325.0
2020-04-27,3330.0
2020-04-28,3313.0
2020-04-29,3322.0
2020-04-30,3316.0
2020-05-06,3322.0
2020-05-07,3350.0
2020-05-08,3384.0
2020-05-11,3378.0
2020-05-12,3381.0
2020-05-13,3393.0
2020-05-14,3414.0
2020-05-15,3415.0
2020-05-18,3413.0
2020-05-19,3411.0
2020-05-20,3493.0
2020-05-21,3551.0
2020-05-22,3512.0
2020-05-25,3500.0
2020-05-26,3499.0
2020-05-27,3473.0
2020-05-28,3509.0
2020-05-29,3546.0
2020-06-01,3585.0
2020-06-02,3650.0
2020-06-03,3650.0
2020-06-04,3605.0
2020-06-05,3605.0
2020-06-08,3650.0
2020-06-09,3650.0
2020-06-10,3630.0
2020-06-11,3630.0
2020-06-12,3630.0
2020-06-15,3630.0
2020-06-16,3621.0
2020-06-17,3628.0
2020-06-18,3671.0
2020-06-19,3687.0
2020-06-22,3732.0
2020-06-23,3732.0
2020-06-24,3732.0
2020-06-29,3692.0
2020-06-30,3693.0
2020-07-01,3700.0
2020-07-02,3700.0
2020-07-03,3700.0
2020-07-06,3721.0
2020-07-07,3721.0
2020-07-08,3721.0
2020-07-09,3721.0
2020-07-10,3870.0
2020-07-13,3800.0
2020-07-14,3800.0
2020-07-15,3891.0
2020-07-16,3887.0
2020-07-17,3870.0
2020-07-20,3854.0
2020-07-21,3854.0
2020-07-22,3899.0
2020-07-23,3907.0
2020-07-24,3907.0
2020-07-27,3853.0
2020-07-28,3880.0
2020-07-29,3891.0
2020-07-30,3920.0
2020-07-31,4000.0
2020-08-03,4000.0
2020-08-04,4030.0
2020-08-05,4030.0
2020-08-06,4030.0
2020-08-07,4030.0
2020-08-10,4030.0
2020-08-11,4030.0
2020-08-12,4030.0
2020-08-13,4030.0
2020-08-14,4030.0
2020-08-17,4030.0
2020-08-18,4070.0
2020-08-19,4053.0
2020-08-20,4022.0
2020-08-21,4009.0
2020-08-24,4000.0
2020-08-25,4094.0
2020-08-26,4045.0
2020-08-27,4081.0
2020-08-28,4046.0
2020-08-31,4080.0
2020-09-01,4085.0
2020-09-02,4085.0
2020-09-03,4085.0
2020-09-04,4085.0
2020-09-07,4040.0
2020-09-08,4040.0
2020-09-09,4040.0
2020-09-10,3990.0
2020-09-11,3950.0
2020-09-14,3950.0
2020-09-15,3950.0
2020-09-16,3860.0
2020-09-17,3842.0
2020-09-18,3862.0
2020-09-21,3835.0
2020-09-22,3823.0
2020-09-23,3831.0
2020-09-24,3834.0
2020-09-25,3837.0
2020-09-28,3835.0
2020-09-29,3826.0
2020-09-30,3850.0
2020-10-09,3871.0
2020-10-12,3940.0
2020-10-13,3961.0
2020-10-14,3945.0
2020-10-15,3921.0
2020-10-16,3852.0
2020-10-19,3865.0
2020-10-20,3838.0
2020-10-21,3838.0
2020-10-22,3838.0
2020-10-23,3838.0
2020-10-26,3852.0
2020-10-27,3841.0
2020-10-28,3829.0
2020-10-29,3832.0
2020-10-30,3753.0
2020-11-02,3904.0
2020-11-03,3907.0
2020-11-04,3907.0
2020-11-05,3907.0
2020-11-06,3907.0
2020-11-09,3907.0
2020-11-10,3907.0
2020-11-11,3907.0
2020-11-12,3907.0
2020-11-13,4080.0
2020-11-16,4080.0
2020-11-17,4031.0
2020-11-18,4120.0
2020-11-19,4120.0
2020-11-20,4120.0
2020-11-23,4120.0
2020-11-24,4124.0
2020-11-25,4129.0
2020-11-26,4148.0
2020-11-27,4170.0
2020-11-30,4170.0
2020-12-01,4170.0
2020-12-02,4170.0
2020-12-03,4170.0
2020-12-04,4170.0
2020-12-07,4170.0
2020-12-08,4170.0
2020-12-09,4170.0
2020-12-10,4170.0
2020-12-11,4170.0
2020-12-14,4170.0
2020-12-15,4170.0
2020-12-16,4488.0
2020-12-17,4527.0
2020-12-18,4611.0
2020-12-21,4768.0
2020-12-22,4921.0
2020-12-23,4777.0
2020-12-24,4754.0
2020-12-25,4671.0
2020-12-28,4652.0
2020-12-29,4550.0
2020-12-30,4512.0
2020-12-31,4539.0
2021-01-04,4551.0
2021-01-05,4570.0
2021-01-06,4566.0
2021-01-07,4649.0
2021-01-08,4673.0
2021-01-11,4582.0
2021-01-12,4516.0
2021-01-13,4478.0
2021-01-14,4493.0
2021-01-15,4541.0
2021-01-18,4554.0
2021-01-19,4467.0
2021-01-20,4475.0
2021-01-21,4469.0
2021-01-22,4398.0
2021-01-25,4421.0
2021-01-26,4522.0
2021-01-27,4519.0
2021-01-28,4523.0
2021-01-29,4442.0
2021-02-01,4442.0
2021-02-02,4410.0
2021-02-03,4410.0
2021-02-04,4432.0
2021-02-05,4517.0
2021-02-08,4562.0
2021-02-09,4644.0
2021-02-10,4646.0
2021-02-18,4771.0
2021-02-19,4733.0
2021-02-22,4869.0
2021-02-23,4872.0
2021-02-24,4836.0
2021-02-25,4888.0
2021-02-26,4897.0
2021-03-01,4911.0
2021-03-02,4883.0
2021-03-03,5012.0
2021-03-04,5010.0
2021-03-05,4872.0
2021-03-08,4965.0
2021-03-09,4960.0
2021-03-10,4840.0
2021-03-11,4898.0
2021-03-12,5035.0
2021-03-15,5040.0
2021-03-16,4980.0
2021-03-17,4945.0
2021-03-18,4982.0
2021-03-19,5041.0
2021-03-22,5116.0
2021-03-23,5072.0
2021-03-24,5110.0
2021-03-25,5119.0
2021-03-26,5145.0
2021-03-29,5265.0
2021-03-30,5344.0
2021-03-31,5361.0
2021-04-01,5420.0
2021-04-02,5501.0
2021-04-06,5545.0
2021-04-07,5533.0
2021-04-08,5477.0
2021-04-09,5460.0
2021-04-12,5376.0
2021-04-13,5376.0
2021-04-14,5400.0
2021-04-15,5481.0
2021-04-16,5462.0
2021-04-19,5471.0
2021-04-20,5467.0
2021-04-21,5494.0
2021-04-22,5577.0
2021-04-23,5588.0
2021-04-26,5718.0
2021-04-27,5799.0
2021-04-28,5741.0
2021-04-29,5785.0
2021-04-30,5760.0
2021-05-06,5907.0
2021-05-07,5983.0
2021-05-10,6115.0
2021-05-11,6444.0
2021-05-12,6633.0
2021-05-13,6554.0
2021-05-14,6324.0
2021-05-17,6019.0
2021-05-18,6060.0
2021-05-19,5820.0
2021-05-20,5552.0
2021-05-21,5618.0
2021-05-24,5462.0
2021-05-25,5451.0
2021-05-26,5345.0
2021-05-27,5221.0
2021-05-28,5437.0
2021-05-31,5604.0
2021-06-01,5488.0
2021-06-02,5518.0
2021-06-03,5601.0
2021-06-04,5530.0
2021-06-07,5478.0
2021-06-08,5379.0
2021-06-09,5420.0
2021-06-10,5579.0
2021-06-11,5614.0
2021-06-15,5542.0
2021-06-16,5470.0
2021-06-17,5411.0
2021-06-18,5537.0
2021-06-21,5370.0
2021-06-22,5274.0
2021-06-23,5290.0
2021-06-24,5331.0
2021-06-25,5438.0
2021-06-28,5461.0
2021-06-29,5549.0
2021-06-30,5494.0
2021-07-01,5546.0
2021-07-02,5546.0
2021-07-05,5518.0
2021-07-06,5595.0
2021-07-07,5724.0
2021-07-08,5724.0
2021-07-09,5785.0
2021-07-12,5785.0
2021-07-13,5785.0
2021-07-14,5906.0
2021-07-15,5906.0
2021-07-16,5980.0
2021-07-19,5963.0
2021-07-20,5889.0
2021-07-21,5956.0
2021-07-22,5863.0
2021-07-23,5933.0
2021-07-26,5961.0
2021-07-27,5985.0
2021-07-28,5908.0
2021-07-29,5995.0
2021-07-30,6120.0
2021-08-02,6120.0
2021-08-03,5678.0
2021-08-04,5760.0
2021-08-05,5760.0
2021-08-06,5760.0
2021-08-09,5763.0
2021-08-10,5763.0
2021-08-11,5763.0
2021-08-12,5763.0
2021-08-13,5763.0
2021-08-16,5760.0
2021-08-17,5748.0
2021-08-18,5636.0
2021-08-19,5582.0
2021-08-20,5563.0
2021-08-23,5650.0
2021-08-24,5729.0
2021-08-25,5733.0
2021-08-26,5681.0
2021-08-27,5634.0
2021-08-30,5759.0
2021-08-31,5791.0
2021-09-01,5670.0
2021-09-02,5780.0
2021-09-03,5803.0
2021-09-06,5860.0
2021-09-07,5880.0
2021-09-08,5850.0
2021-09-09,5850.0
2021-09-10,5850.0
2021-09-13,5850.0
2021-09-14,5850.0
2021-09-15,5850.0
2021-09-16,5848.0
2021-09-17,5795.0
2021-09-22,5769.0
2021-09-23,5780.0
2021-09-24,5692.0
2021-09-27,5691.0
2021-09-28,5740.0
2021-09-29,5774.0
2021-09-30,5801.0
2021-10-08,5892.0
2021-10-11,5881.0
2021-10-12,5826.0
2021-10-13,5768.0
2021-10-14,5729.0
2021-10-15,5781.0
2021-10-18,5814.0
2021-10-19,5792.0
2021-10-20,5722.0
2021-10-21,5639.0
2021-10-22,5475.0
2021-10-25,5497.0
2021-10-26,5412.0
2021-10-27,5379.0
2021-10-28,5074.0
2021-10-29,5213.0
2021-11-01,5213.0
2021-11-02,5083.0
2021-11-03,5020.0
2021-11-04,5020.0
2021-11-05,5020.0
2021-11-08,5020.0
2021-11-09,4800.0
2021-11-10,4650.0
2021-11-11,4500.0
2021-11-12,4860.0
2021-11-15,4720.0
2021-11-16,4646.0
2021-11-17,4638.0
2021-11-18,4610.0
2021-11-19,4607.0
2021-11-22,4681.0
2021-11-23,4653.0
2021-11-24,4705.0
2021-11-25,4756.0
2021-11-26,4637.0
2021-11-29,4680.0
2021-11-30,4624.0
2021-12-01,4715.0
2021-12-02,4715.0
2021-12-03,4780.0
2021-12-06,4780.0
2021-12-07,4780.0
2021-12-08,5016.0
2021-12-09,4950.0
2021-12-10,4950.0
2021-12-13,4950.0
2021-12-14,4950.0
2021-12-15,4950.0
2021-12-16,4824.0
2021-12-17,4840.0
2021-12-20,4841.0
2021-12-21,4768.0
2021-12-22,4761.0
2021-12-23,4758.0
2021-12-24,4797.0
2021-12-27,4721.0
2021-12-28,4710.0
2021-12-29,4721.0
2021-12-30,4738.0
2021-12-31,4729.0
2022-01-04,4736.0
2022-01-05,4751.0
2022-01-06,4795.0
2022-01-07,4825.0
2022-01-10,4823.0
2022-01-11,4834.0
2022-01-12,4858.0
2022-01-13,4888.0
2022-01-14,4852.0
2022-01-17,4836.0
2022-01-18,4795.0
2022-01-19,4926.0
2022-01-20,4918.0
2022-01-21,4938.0
2022-01-24,4923.0
2022-01-25,4904.0
2022-01-26,4904.0
2022-01-27,4926.0
2022-01-28,4970.0
2022-02-07,5015.0
2022-02-08,5100.0
2022-02-09,5095.0
2022-02-10,5080.0
2022-02-11,5100.0
2022-02-14,5088.0
2022-02-15,4972.0
2022-02-16,4961.0
2022-02-17,4915.0
2022-02-18,4938.0
2022-02-21,4965.0
2022-02-22,4983.0
2022-02-23,4982.0
2022-02-24,4909.0
2022-02-25,4854.0
2022-02-28,4910.0
2022-03-01,5078.0
2022-03-02,5140.0
2022-03-03,5274.0
2022-03-04,5285.0
2022-03-07,5399.0
2022-03-08,5337.0
2022-03-09,5208.0
2022-03-10,5065.0
2022-03-11,5176.0
2022-03-14,5030.0
2022-03-15,5019.0
2022-03-16,5010.0
2022-03-17,5070.0
2022-03-18,5096.0
2022-03-21,5135.0
2022-03-22,5175.0
2022-03-23,5164.0
2022-03-24,5185.0
2022-03-25,5258.0
2022-03-28,5293.0
2022-03-29,5288.0
2022-03-30,5255.0
2022-03-31,5288.0
2022-04-01,5283.0
2022-04-06,5283.0
2022-04-07,5283.0
2022-04-08,5283.0
2022-04-11,5158.0
2022-04-12,5170.0
2022-04-13,5177.0
2022-04-14,5177.0
2022-04-15,5236.0
2022-04-18,5224.0
2022-04-19,5246.0
2022-04-20,5267.0
2022-04-21,5230.0
2022-04-22,5182.0
2022-04-25,5078.0
2022-04-26,5000.0
2022-04-27,5033.0
2022-04-28,5005.0
2022-04-29,5011.0
2022-05-05,5067.0
2022-05-06,4991.0
2022-05-09,4850.0
2022-05-10,4751.0
2022-05-11,4804.0
2022-05-12,4816.0
2022-05-13,4804.0
2022-05-16,4822.0
2022-05-17,4838.0
2022-05-18,4812.0
2022-05-19,4737.0
2022-05-20,4813.0
2022-05-23,4861.0
2022-05-24,4783.0
2022-05-25,4746.0
2022-05-26,4720.0
2022-05-27,4778.0
2022-05-30,4786.0
2022-05-31,4817.0
2022-06-01,4870.0
2022-06-02,5049.0
2022-06-06,4920.0
2022-06-07,4920.0
2022-06-08,4920.0
2022-06-09,4852.0
2022-06-10,4900.0
2022-06-13,4890.0
2022-06-14,4800.0
2022-06-15,4761.0
2022-06-16,4682.0
2022-06-17,4569.0
2022-06-20,4380.0
2022-06-21,4322.0
2022-06-22,4328.0
2022-06-23,4310.0
2022-06-24,4316.0
2022-06-27,4363.0
2022-06-28,4371.0
2022-06-29,4435.0
2022-06-30,4406.0
2022-07-01,4290.0
2022-07-04,4153.0
2022-07-05,4256.0
2022-07-06,4256.0
2022-07-07,4239.0
2022-07-08,4230.0
2022-07-11,4109.0
2022-07-12,3925.0
2022-07-13,3925.0
2022-07-14,3925.0
2022-07-15,3660.0
2022-07-18,3751.0
2022-07-19,3843.0
2022-07-20,3850.0
2022-07-21,3845.0
2022-07-22,3845.0
2022-07-25,3900.0
2022-07-26,3877.0
2022-07-27,3865.0
2022-07-28,3961.0
2022-07-29,3954.0
2022-08-01,4024.0
2022-08-02,4024.0
2022-08-03,4068.0
2022-08-04,4030.0
2022-08-05,4015.0
2022-08-08,4015.0
2022-08-09,4015.0
2022-08-10,3962.0
2022-08-11,3962.0
2022-08-12,3962.0
2022-08-15,4040.0
2022-08-16,4027.0
2022-08-17,3992.0
2022-08-18,3910.0
2022-08-19,3847.0
2022-08-22,3877.0
2022-08-23,3923.0
2022-08-24,3962.0
2022-08-25,4014.0
2022-08-26,4039.0
2022-08-29,3940.0
2022-08-30,3905.0
2022-08-31,3884.0
2022-09-01,3903.0
2022-09-02,3855.0
2022-09-05,3876.0
2022-09-06,3899.0
2022-09-07,3898.0
2022-09-08,3916.0
2022-09-09,3930.0
2022-09-13,3935.0
2022-09-14,3901.0
2022-09-15,3937.0
2022-09-16,3905.0
2022-09-19,3913.0
2022-09-20,3879.0
2022-09-21,3855.0
2022-09-22,3909.0
2022-09-23,3952.0
2022-09-26,3930.0
2022-09-27,3960.0
2022-09-28,3977.0
2022-09-29,3972.0
2022-09-30,3948.0
2022-10-10,3958.0
2022-10-11,3901.0
2022-10-12,3842.0
2022-10-13,3855.0
2022-10-14,3837.0
2022-10-17,3810.0
2022-10-18,3752.0
2022-10-19,3787.0
2022-10-20,3752.0
2022-10-21,3779.0
2022-10-24,3794.0
2022-10-25,3760.0
2022-10-26,3743.0
2022-10-27,3762.0
2022-10-28,3681.0
2022-10-31,3625.0
2022-11-01,3650.0
2022-11-02,3681.0
2022-11-03,3695.0
2022-11-04,3745.0
2022-11-07,3740.0
2022-11-08,3746.0
2022-11-09,3790.0
2022-11-10,3740.0
2022-11-11,3812.0
2022-11-14,3812.0
2022-11-15,3826.0
2022-11-16,3843.0
2022-11-17,3823.0
2022-11-18,3858.0
2022-11-21,3838.0
2022-11-22,3843.0
2022-11-23,3840.0
2022-11-24,3862.0
2022-11-25,3851.0
2022-11-28,3893.0
2022-11-29,3926.0
2022-11-30,3921.0
2022-12-01,3925.0
2022-12-02,3966.0
2022-12-05,4000.0
2022-12-06,3955.0
2022-12-07,3975.0
2022-12-08,3967.0
2022-12-09,4041.0
2022-12-12,4041.0
2022-12-13,4041.0
2022-12-14,4090.0
2022-12-15,4090.0
2022-12-16,4157.0
2022-12-19,4054.0
2022-12-20,4017.0
2022-12-21,4053.0
2022-12-22,4086.0
2022-12-23,4064.0
2022-12-26,4056.0
2022-12-27,4111.0
2022-12-28,4106.0
2022-12-29,4097.0
2022-12-30,4167.0
2023-01-03,4110.0
2023-01-04,4118.0
2023-01-05,4095.0
2023-01-06,4166.0
2023-01-09,4188.0
2023-01-10,4193.0
2023-01-11,4228.0
2023-01-12,4218.0
2023-01-13,4218.0
2023-01-16,4172.0
2023-01-17,4174.0
2023-01-18,4219.0
2023-01-19,4249.0
2023-01-20,4228.0
2023-01-30,4297.0
2023-01-31,4233.0
2023-02-01,4166.0
2023-02-02,4144.0
2023-02-03,4117.0
2023-02-06,4123.0
2023-02-07,4111.0
2023-02-08,4126.0
2023-02-09,4170.0
2023-02-10,4145.0
2023-02-13,4150.0
2023-02-14,4143.0
2023-02-15,4188.0
2023-02-16,4235.0
2023-02-17,4255.0
2023-02-20,4266.0
2023-02-21,4309.0
2023-02-22,4321.0
2023-02-23,4333.0
2023-02-24,4299.0
2023-02-27,4312.0
2023-02-28,4286.0
2023-03-01,4328.0
2023-03-02,4342.0
2023-03-03,4382.0
2023-03-06,4350.0
2023-03-07,4366.0
2023-03-08,4375.0
2023-03-09,4405.0
2023-03-10,4445.0
2023-03-13,4445.0
2023-03-14,4500.0
2023-03-15,4517.0
2023-03-16,4357.0
2023-03-17,4344.0
2023-03-20,4370.0
2023-03-21,4335.0
2023-03-22,4313.0
2023-03-23,4297.0
2023-03-24,4266.0
2023-03-27,4282.0
2023-03-28,4289.0
2023-03-29,4334.0
2023-03-30,4315.0
2023-03-31,4327.0
2023-04-03,4317.0
2023-04-04,4230.0
2023-04-06,4182.0
2023-04-07,4200.0
2023-04-10,4230.0
2023-04-11,4165.0
2023-04-12,4180.0
2023-04-13,4134.0
2023-04-14,4180.0
2023-04-17,4180.0
2023-04-18,4148.0
2023-04-19,4145.0
2023-04-20,4104.0
2023-04-21,4058.0
2023-04-24,3952.0
2023-04-25,3940.0
2023-04-26,3928.0
2023-04-27,3967.0
2023-04-28,3972.0
2023-05-04,3960.0
2023-05-05,3893.0
2023-05-08,4003.0
2023-05-09,4070.0
2023-05-10,4065.0
2023-05-11,4119.0
2023-05-12,4054.0
2023-05-15,4155.0
2023-05-16,3873.0
2023-05-17,3875.0
2023-05-18,3891.0
2023-05-19,3875.0
2023-05-22,3841.0
2023-05-23,3808.0
2023-05-24,3751.0
2023-05-25,3710.0
2023-05-26,3789.0
2023-05-29,3852.0
2023-05-30,3818.0
2023-05-31,3737.0
2023-06-01,3725.0
2023-06-02,3845.0
2023-06-05,3902.0
2023-06-06,3912.0
2023-06-07,3890.0
2023-06-08,3887.0
2023-06-09,3922.0
2023-06-12,3916.0
2023-06-13,3928.0
2023-06-14,3928.0
2023-06-15,3954.0
2023-06-16,3951.0
2023-06-19,3939.0
2023-06-20,3903.0
2023-06-21,3880.0
2023-06-26,3835.0
2023-06-27,3848.0
2023-06-28,3886.0
2023-06-29,3881.0
2023-06-30,3914.0
2023-07-03,3877.0
2023-07-04,3944.0
2023-07-05,3924.0
2023-07-06,3920.0
2023-07-07,3894.0
2023-07-10,3851.0
2023-07-11,3851.0
2023-07-12,3835.0
2023-07-13,3870.0
2023-07-14,3920.0
2023-07-17,3882.0
2023-07-18,3896.0
2023-07-19,3887.0
2023-07-20,3924.0
2023-07-21,3943.0
2023-07-24,3948.0
2023-07-25,4016.0
2023-07-26,4041.0
2023-07-27,4069.0
2023-07-28,4073.0
2023-07-31,4062.0
2023-08-01,4199.0
2023-08-02,4092.0
2023-08-03,3978.0
2023-08-04,3978.0
2023-08-07,3982.0
2023-08-08,3973.0
2023-08-09,3973.0
2023-08-10,3900.0
2023-08-11,3900.0
2023-08-14,3900.0
2023-08-15,3910.0
2023-08-16,3943.0
2023-08-17,3903.0
2023-08-18,3917.0
2023-08-21,3883.0
2023-08-22,3909.0
2023-08-23,3953.0
2023-08-24,3926.0
2023-08-25,3915.0
2023-08-28,3894.0
2023-08-29,3862.0
2023-08-30,3851.0
2023-08-31,3904.0
2023-09-01,3918.0
2023-09-04,3990.0
2023-09-05,3930.0
2023-09-06,3930.0
2023-09-07,3930.0
2023-09-08,3880.0
2023-09-11,3900.0
2023-09-12,3915.0
2023-09-13,3915.0
2023-09-14,3915.0
2023-09-15,3980.0
2023-09-18,3934.0
2023-09-19,3988.0
2023-09-20,3976.0
2023-09-21,3922.0
2023-09-22,3902.0
2023-09-25,3887.0
2023-09-26,3849.0
2023-09-27,3838.0
2023-09-28,3865.0
2023-10-09,3816.0
2023-10-10,3797.0
2023-10-11,3782.0
2023-10-12,3779.0
2023-10-13,3790.0
2023-10-16,3799.0
2023-10-17,3826.0
2023-10-18,3809.0
2023-10-19,3802.0
2023-10-20,3799.0
2023-10-23,3765.0
2023-10-24,3775.0
2023-10-25,3819.0
2023-10-26,3824.0
2023-10-27,3824.0
2023-10-30,3848.0
2023-10-31,3837.0
2023-11-01,3857.0
2023-11-02,3849.0
2023-11-03,3882.0
2023-11-06,3904.0
2023-11-07,3898.0
2023-11-08,3900.0
2023-11-09,3933.0
2023-11-10,3975.0
2023-11-13,3959.0
2023-11-14,3950.0
2023-11-15,4007.0
2023-11-16,3990.0
2023-11-17,4017.0
2023-11-20,4015.0
2023-11-21,4050.0
2023-11-22,4021.0
2023-11-23,4031.0
2023-11-24,4022.0
2023-11-27,4012.0
2023-11-28,3996.0
2023-11-29,3999.0
2023-11-30,3973.0
2023-12-01,4004.0
2023-12-04,4006.0
2023-12-05,3972.0
2023-12-06,3973.0
2023-12-07,4058.0
2023-12-08,4095.0
2023-12-11,4090.0
2023-12-12,4108.0
2023-12-13,4064.0
2023-12-14,4050.0
2023-12-15,4012.0
2023-12-18,4017.0
2023-12-19,4031.0
2023-12-20,4047.0
2023-12-21,4067.0
2023-12-22,4117.0
2023-12-25,4119.0
2023-12-26,4130.0
2023-12-27,4121.0
2023-12-28,4106.0
2023-12-29,4088.0
2024-01-02,4118.0
2024-01-03,4147.0
2024-01-04,4133.0
2024-01-05,4083.0
2024-01-08,4031.0
2024-01-09,4022.0
2024-01-10,4003.0
2024-01-11,3995.0
2024-01-12,4009.0
2024-01-15,4004.0
2024-01-16,4004.0
2024-01-17,4004.0
2024-01-18,3992.0
2024-01-19,4024.0
2024-01-22,4020.0
2024-01-23,4024.0
2024-01-24,4051.0
2024-01-25,4093.0
2024-01-26,4081.0
2024-01-29,4075.0
2024-01-30,4049.0
2024-01-31,4000.0
2024-02-01,3992.0
2024-02-02,3954.0
2024-02-05,3954.0
2024-02-06,3935.0
2024-02-07,3935.0
2024-02-08,3935.0
2024-02-19,3972.0
2024-02-20,3909.0
2024-02-21,3902.0
2024-02-22,3908.0
2024-02-23,3919.0
2024-02-26,3898.0
2024-02-27,3900.0
2024-02-28,3937.0
2024-02-29,3911.0
2024-03-01,3898.0
2024-03-04,3882.0
2024-03-05,3887.0
2024-03-06,3849.0
2024-03-07,3868.0
2024-03-08,3855.0
2024-03-11,3826.0
2024-03-12,3803.0
2024-03-13,3795.0
2024-03-14,3704.0
2024-03-15,3713.0
2024-03-18,3698.0
2024-03-19,3761.0
2024-03-20,3785.0
2024-03-21,3768.0
2024-03-22,3811.0
2024-03-25,3795.0
2024-03-26,3761.0
2024-03-27,3721.0
2024-03-28,3662.0
2024-03-29,3635.0
2024-04-01,3659.0
2024-04-02,3728.0
2024-04-03,3730.0
2024-04-08,3743.0
2024-04-09,3769.0
2024-04-10,3780.0
2024-04-11,3773.0
2024-04-12,3788.0
2024-04-15,3800.0
2024-04-16,3813.0
2024-04-17,3828.0
2024-04-18,3870.0
2024-04-19,3869.0
2024-04-22,3851.0
2024-04-23,3845.0
2024-04-24,3852.0
2024-04-25,3866.0
2024-04-26,3849.0
2024-04-29,3832.0
2024-04-30,3809.0
2024-05-06,3811.0
2024-05-07,3809.0
2024-05-08,3781.0
2024-05-09,3757.0
2024-05-10,3728.0
2024-05-13,3745.0
2024-05-14,3720.0
2024-05-15,3727.0
2024-05-16,3811.0
2024-05-17,3834.0
2024-05-20,3834.0
2024-05-21,3835.0
2024-05-22,3859.0
2024-05-23,3845.0
2024-05-24,3847.0
2024-05-27,3822.0
2024-05-28,3832.0
2024-05-29,3806.0
2024-05-30,3821.0
2024-05-31,3776.0
2024-06-03,3740.0
2024-06-04,3726.0
2024-06-05,3726.0
2024-06-06,3726.0
2024-06-07,3726.0
2024-06-11,3747.0
2024-06-12,3725.0
2024-06-13,3725.0
2024-06-14,3720.0
2024-06-17,3720.0
2024-06-18,3806.0
2024-06-19,3785.0
2024-06-20,3791.0
2024-06-21,3762.0
2024-06-24,3734.0
2024-06-25,3730.0
2024-06-26,3714.0
2024-06-27,3725.0
2024-06-28,3724.0
2024-07-01,3724.0
2024-07-02,3747.0
2024-07-03,3766.0
2024-07-04,3789.0
2024-07-05,3751.0
2024-07-08,3748.0
2024-07-09,3710.0
2024-07-10,3700.0
2024-07-11,3690.0
2024-07-12,3690.0
2024-07-15,3678.0
2024-07-16,3725.0
2024-07-17,3694.0
2024-07-18,3651.0
2024-07-19,3641.0
2024-07-22,3643.0
2024-07-23,3618.0
2024-07-24,3561.0
2024-07-25,3521.0
2024-07-26,3557.0
2024-07-29,3500.0
2024-07-30,3497.0
2024-07-31,3414.0
2024-08-01,3493.0
2024-08-02,3477.0
2024-08-05,3517.0
2024-08-06,3472.0
2024-08-07,3472.0
2024-08-08,3465.0
2024-08-09,3465.0
2024-08-12,3465.0
2024-08-13,3465.0
2024-08-14,3465.0
2024-08-15,3465.0
2024-08-16,3200.0
2024-08-19,3150.0
2024-08-20,3174.0
2024-08-21,3243.0
2024-08-22,3282.0
2024-08-23,3234.0
2024-08-26,3274.0
2024-08-27,3303.0
2024-08-28,3323.0
2024-08-29,3299.0
2024-08-30,3294.0
2024-09-02,3269.0
2024-09-03,3269.0
2024-09-04,3150.0
2024-09-05,3150.0
2024-09-06,3037.0
2024-09-09,3014.0
2024-09-10,3116.0
2024-09-11,3116.0
2024-09-12,3116.0
2024-09-13,3116.0
2024-09-18,3170.0
2024-09-19,3183.0
2024-09-20,3203.0
2024-09-23,3142.0
2024-09-24,3189.0
2024-09-25,3277.0
2024-09-26,3274.0
2024-09-27,3343.0
2024-09-30,3483.0
2024-10-08,3673.0
2024-10-09,3560.0
2024-10-10,3574.0
2024-10-11,3528.0
2024-10-14,3595.0
2024-10-15,3560.0
2024-10-16,3534.0
2024-10-17,3446.0
2024-10-18,3403.0
2024-10-21,3443.0
2024-10-22,3415.0
2024-10-23,3409.0
2024-10-24,3384.0
2024-10-25,3445.0
2024-10-28,3528.0
2024-10-29,3502.0
2024-10-30,3499.0
2024-10-31,3489.0
2024-11-01,3466.0
2024-11-04,3447.0
2024-11-05,3497.0
2024-11-06,3481.0
2024-11-07,3472.0
2024-11-08,3485.0
2024-11-11,3440.0
2024-11-12,3427.0
2024-11-13,3433.0
2024-11-14,3420.0
2024-11-15,3388.0
2024-11-18,3408.0
2024-11-19,3411.0
2024-11-20,3425.0
2024-11-21,3432.0
2024-11-22,3420.0
2024-11-25,3408.0
2024-11-26,3412.0
2024-11-27,3407.0
2024-11-28,3399.0
2024-11-29,3421.0
2024-12-02,3429.0
2024-12-03,3458.0
2024-12-04,3449.0
2024-12-05,3438.0
2024-12-06,3410.0
2024-12-09,3403.0
2024-12-10,3500.0
2024-12-11,3457.0
2024-12-12,3460.0
2024-12-13,3450.0
2024-12-16,3350.0
2024-12-17,3463.0
2024-12-18,3444.0
2024-12-19,3400.0
2024-12-20,3389.0
2024-12-23,3385.0
2024-12-24,3384.0
2024-12-25,3388.0
2024-12-26,3396.0
2024-12-27,3379.0
2024-12-30,3388.0
2024-12-31,3387.0
2025-01-02,3380.0
2025-01-03,3356.0
2025-01-06,3328.0
2025-01-07,3308.0
2025-01-08,3288.0
2025-01-09,3271.0
2025-01-10,3266.0
2025-01-13,3306.0
2025-01-14,3350.0
2025-01-15,3380.0
2025-01-16,3440.0
2025-01-17,3434.0
2025-01-20,3454.0
2025-01-21,3451.0
2025-01-22,3404.0
2025-01-23,3439.0
2025-01-24,3419.0
2025-01-27,3422.0
2025-02-05,3422.0
2025-02-06,3422.0
2025-02-07,3422.0
2025-02-10,3422.0
2025-02-11,3422.0
2025-02-12,3385.0
2025-02-13,3361.0
2025-02-14,3360.0
2025-02-17,3379.0
2025-02-18,3393.0
2025-02-19,3416.0
2025-02-20,3422.0
2025-02-21,3455.0
2025-02-24,3413.0
2025-02-25,3371.0
2025-02-26,3381.0
2025-02-27,3398.0
2025-02-28,3391.0
2025-03-03,3410.0
2025-03-04,3380.0
2025-03-05,3366.0
2025-03-06,3370.0
2025-03-07,3355.0
2025-03-10,3341.0
2025-03-11,3336.0
2025-03-12,3337.0
2025-03-13,3357.0
2025-03-14,3400.0
2025-03-17,3412.0
2025-03-18,3363.0
2025-03-19,3343.0
2025-03-20,3352.0
2025-03-21,3345.0
2025-03-24,3376.0
2025-03-25,3375.0
2025-03-26,3373.0
2025-03-27,3374.0
2025-03-28,3357.0
2025-03-31,3336.0
2025-04-01,3347.0
2025-04-02,3357.0
2025-04-03,3326.0
2025-04-07,3205.0
2025-04-08,3260.0
2025-04-09,3200.0
2025-04-10,3226.0
2025-04-11,3200.0
2025-04-14,3200.0
2025-04-15,3200.0
2025-04-16,3193.0
2025-04-17,3181.0
2025-04-18,3169.0
2025-04-21,3181.0
2025-04-22,3175.0
2025-04-23,3189.0
2025-04-24,3193.0
2025-04-25,3189.0
2025-04-28,3226.0
2025-04-29,3194.0
2025-04-30,3179.0
2025-05-06,3188.0
2025-05-07,3208.0
2025-05-08,3190.0
2025-05-09,3158.0
2025-05-12,3191.0
2025-05-13,3215.0
2025-05-14,3239.0
2025-05-15,3262.0
2025-05-16,3226.0
2025-05-19,3194.0
2025-05-20,3201.0
2025-05-21,3193.0
2025-05-22,3203.0
2025-05-23,3203.0
2025-05-26,3157.0
2025-05-27,3121.0
2025-05-28,3119.0
2025-05-29,3130.0
2025-05-30,3121.0
2025-06-03,3098.0
2025-06-04,3120.0
2025-06-05,3110.0
2025-06-06,3110.0
2025-06-09,3110.0
2025-06-10,3110.0
2025-06-11,3140.0
2025-06-12,3140.0
2025-06-13,3140.0
2025-06-16,3140.0
2025-06-17,3118.0
2025-06-18,3132.0
2025-06-19,3141.0
2025-06-20,3151.0
2025-06-23,3143.0
2025-06-24,3132.0
2025-06-25,3121.0
2025-06-26,3126.0
2025-06-27,3143.0
2025-06-30,3147.0
2025-07-01,3124.0
2025-07-02,3175.0
2025-07-03,3195.0
2025-07-04,3195.0
2025-07-07,3195.0
2025-07-08,3191.0
2025-07-09,3176.0
2025-07-10,3237.0
2025-07-11,3240.0
2025-07-14,3270.0
2025-07-15,3250.0
2025-07-16,3247.0
2025-07-17,3274.0
2025-07-18,3304.0
2025-07-21,3358.0
2025-07-22,3417.0
2025-07-23,3435.0
2025-07-24,3441.0
2025-07-25,3447.0
2025-07-28,3396.0
2025-07-29,3468.0
2025-07-30,3504.0
2025-07-31,3426.0
2025-08-01,3395.0
2025-08-04,3395.0
2025-08-05,3453.0
2025-08-06,3450.0
2025-08-07,3436.0
2025-08-08,3436.0
2025-08-11,3436.0
2025-08-12,3436.0
2025-08-13,3436.0
2025-08-14,3436.0
2025-08-15,3452.0
2025-08-18,3441.0
2025-08-19,3444.0
2025-08-20,3428.0
2025-08-21,3425.0
2025-08-22,3387.0
2025-08-25,3416.0
2025-08-26,3407.0
2025-08-27,3389.0
2025-08-28,3394.0
2025-08-29,3397.0
2025-09-01,3341.0
2025-09-02,3364.0
2025-09-03,3356.0
2025-09-04,3371.0
2025-09-05,3377.0
2025-09-08,3396.0
2025-09-09,3396.0
2025-09-10,3396.0
2025-09-11,3396.0
2025-09-12,3396.0
2025-09-15,3396.0
2025-09-16,3431.0
2025-09-17,3413.0
2025-09-18,3403.0
2025-09-19,3400.0
2025-09-22,3424.0
2025-09-23,3396.0
2025-09-24,3401.0
2025-09-25,3415.0
2025-09-26,3404.0
2025-09-29,3395.0
2025-09-30,3380.0
2025-10-09,3352.0
2025-10-10,3394.0
2025-10-13,3417.0
2025-10-14,3442.0
2025-10-15,3534.0
2025-10-16,3255.0
2025-10-17,3265.0
2025-10-20,3275.0
2025-10-21,3281.0
2025-10-22,3315.0
2025-10-23,3332.0
2025-10-24,3321.0
2025-10-27,3332.0
2025-10-28,3352.0
2025-10-29,3369.0
2025-10-30,3369.0
2025-10-31,3329.0
2025-11-03,3312.0
2025-11-04,3302.0
2025-11-05,3269.0
2025-11-06,3276.0
2025-11-07,3267.0
2025-11-10,3276.0
2025-11-11,3284.0
2025-11-12,3280.0
2025-11-13,3280.0
2025-11-14,3270.0
2025-11-17,3302.0
2025-11-18,3279.0
2025-11-19,3283.0
2025-11-20,3272.0
2025-11-21,3271.0
2025-11-24,3279.0
2025-11-25,3305.0
2025-11-26,3295.0
2025-11-27,3291.0
2025-11-28,3295.0
2025-12-01,3309.0
2025-12-02,3316.0
2025-12-03,3316.0
2025-12-04,3316.0
2025-12-05,3316.0
2025-12-08,3273.0
2025-12-09,3273.0
2025-12-10,3276.0
2025-12-11,3276.0
2025-12-12,3223.0
2025-12-15,3227.0
2025-12-16,3252.0
2025-12-17,3253.0
2025-12-18,3282.0
2025-12-19,3274.0
2025-12-22,3278.0
2025-12-23,3284.0
2025-12-24,3283.0
2025-12-25,3287.0
2025-12-26,3271.0
2025-12-29,3291.0
2025-12-30,3282.0
2025-12-31,3263.0
2026-01-05,3231.0
2026-01-06,3220.0
2026-01-07,3272.0
2026-01-08,3301.0
2026-01-09,3266.0
2026-01-12,3279.0
2026-01-13,3292.0
2026-01-14,3292.0
2026-01-15,3312.0
2026-01-16,3306.0
2026-01-19,3290.0
2026-01-20,3277.0
2026-01-21,3252.0
2026-01-22,3270.0
2026-01-23,3272.0
2026-01-26,3291.0
2026-01-27,3279.0
2026-01-28,3270.0
2026-01-29,3274.0
2026-01-30,3282.0
2026-02-02,3270.0
2026-02-03,3252.0
2026-02-04,3250.0
2026-02-05,3250.0
2026-02-06,3250.0
2026-02-09,3220.0
2026-02-10,3215.0
2026-02-11,3215.0
2026-02-12,3200.0
2026-02-13,3200.0
2026-02-24,3195.0
2026-02-25,3201.0
2026-02-26,3212.0
2026-02-27,3201.0
2026-03-02,3200.0
2026-03-03,3201.0
2026-03-04,3201.0
2026-03-05,3200.0
2026-03-06,3210.0
2026-03-09,3249.0
2026-03-10,3242.0
2026-03-11,3242.0
2026-03-12,3261.0
2026-03-13,3285.0
2026-03-16,3278.0
2026-03-17,3299.0
2026-03-18,3313.0
2026-03-19,3300.0
2026-03-20,3286.0
2026-03-23,3321.0
2026-03-24,3314.0
2026-03-25,3308.0
2026-03-26,3302.0
2026-03-27,3280.0
2026-03-30,3301.0
2026-03-31,3285.0
2026-04-01,3290.0
2026-04-02,3275.0
2026-04-03,3250.0
2026-04-07,3250.0
2026-04-08,3255.0
2026-04-09,3255.0
2026-04-10,3255.0
2026-04-13,3250.0
2026-04-14,3252.0
2026-04-15,3275.0
2026-04-16,3296.0
2026-04-17,3305.0
2026-04-20,3321.0
2026-04-21,3342.0
2026-04-22,3347.0
2026-04-23,3369.0
2026-04-24,3365.0
2026-04-27,3379.0
2026-04-28,3361.0
2026-04-29,3363.0
2026-04-30,3390.0
2026-05-06,3452.0
2026-05-07,3464.0
2026-05-08,3463.0
2026-05-11,3463.0
2026-05-12,3463.0
2026-05-13,3455.0
2026-05-14,3448.0
2026-05-15,3452.0
2026-05-18,3419.0
2026-05-19,3391.0
2026-05-20,3381.0
2026-05-21,3385.0
2026-05-22,3356.0
2026-05-25,3418.0
2026-05-26,3353.0
2026-05-27,3332.0
2026-05-28,3348.0
2026-05-29,3346.0
2026-06-01,3373.0
2026-06-02,3392.0
2026-06-03,3358.0
2026-06-04,3366.0
2026-06-05,3366.0
2026-06-08,3324.0
2026-06-09,3324.0
2026-06-10,3324.0
2026-06-11,3324.0
2026-06-12,3360.0
2026-06-15,3367.0
2026-06-16,3370.0
2026-06-17,3357.0
2026-06-18,3334.0
2026-06-22,3315.0
2026-06-23,3306.0
2026-06-24,3304.0
2026-06-25,3297.0
2026-06-26,3280.0
2026-06-29,3283.0
2026-06-30,3278.0
