date,lme_al_close
2014-06-02,1850.0
2014-06-03,1846.0
2014-06-04,1835.0
2014-06-05,1850.0
2014-06-06,1879.0
2014-06-09,1911.0
2014-06-10,1900.5
2014-06-11,1867.0
2014-06-12,1844.0
2014-06-13,1845.0
2014-06-16,1853.0
2014-06-17,1852.0
2014-06-18,1873.0
2014-06-19,1889.0
2014-06-20,1886.0
2014-06-23,1890.0
2014-06-24,1896.0
2014-06-25,1900.0
2014-06-26,1897.0
2014-06-27,1885.0
2014-06-30,1891.0
2014-07-01,1884.0
2014-07-02,1923.0
2014-07-03,1935.0
2014-07-04,1923.0
2014-07-07,1924.0
2014-07-08,1940.0
2014-07-09,1939.0
2014-07-10,1925.0
2014-07-11,1941.0
2014-07-14,1942.0
2014-07-15,1960.0
2014-07-16,1970.0
2014-07-17,1989.0
2014-07-18,1981.0
2014-07-21,2020.0
2014-07-22,2043.0
2014-07-23,2016.0
2014-07-24,2026.0
2014-07-25,1997.0
2014-07-28,2015.0
2014-07-29,1982.0
2014-07-30,2022.0
2014-07-31,1988.0
2014-08-01,1975.0
2014-08-04,2029.0
2014-08-05,2013.0
2014-08-06,2024.0
2014-08-07,2027.0
2014-08-08,2024.0
2014-08-11,2033.5
2014-08-12,2052.0
2014-08-13,2026.0
2014-08-14,1997.0
2014-08-15,2000.0
2014-08-18,2019.0
2014-08-19,2039.0
2014-08-20,2076.0
2014-08-21,2059.0
2014-08-22,2063.0
2014-08-26,2083.0
2014-08-27,2085.5
2014-08-28,2081.0
2014-08-29,2096.5
2014-09-01,2095.0
2014-09-02,2107.0
2014-09-03,2079.0
2014-09-04,2105.0
2014-09-05,2093.0
2014-09-08,2097.0
2014-09-09,2068.0
2014-09-10,2059.0
2014-09-11,2040.0
2014-09-12,2029.0
2014-09-15,1991.0
2014-09-16,2026.0
2014-09-17,1998.0
2014-09-18,1981.5
2014-09-19,1976.0
2014-09-22,1976.0
2014-09-23,1966.0
2014-09-24,1974.0
2014-09-25,1950.5
2014-09-26,1948.0
2014-09-29,1963.0
2014-09-30,1960.0
2014-10-01,1921.0
2014-10-02,1889.5
2014-10-03,1914.0
2014-10-06,1929.0
2014-10-07,1955.0
2014-10-08,1940.0
2014-10-09,1950.0
2014-10-10,1930.0
2014-10-13,1945.0
2014-10-14,1950.0
2014-10-15,1919.0
2014-10-16,1913.0
2014-10-17,1972.0
2014-10-20,1972.0
2014-10-21,1991.0
2014-10-22,2012.0
2014-10-23,1988.0
2014-10-24,1968.0
2014-10-27,1983.0
2014-10-28,1996.0
2014-10-29,2030.0
2014-10-30,2025.0
2014-10-31,2039.0
2014-11-03,2070.0
2014-11-04,2061.5
2014-11-05,2060.0
2014-11-06,2076.0
2014-11-07,2055.0
2014-11-10,2033.5
2014-11-11,2043.0
2014-11-12,2060.0
2014-11-13,2041.0
2014-11-14,2022.0
2014-11-17,2029.0
2014-11-18,2011.0
2014-11-19,2020.0
2014-11-20,2033.0
2014-11-21,2054.5
2014-11-24,2046.0
2014-11-25,2049.0
2014-11-26,2061.0
2014-11-27,2044.0
2014-11-28,2004.0
2014-12-01,2026.0
2014-12-02,1978.0
2014-12-03,1972.0
2014-12-04,1994.5
2014-12-05,1982.0
2014-12-08,1966.0
2014-12-09,1972.0
2014-12-10,1959.0
2014-12-11,1946.5
2014-12-12,1935.0
2014-12-15,1922.0
2014-12-16,1906.5
2014-12-17,1921.5
2014-12-18,1911.0
2014-12-19,1906.5
2014-12-22,1880.0
2014-12-23,1869.0
2014-12-24,1861.0
2014-12-29,1859.0
2014-12-30,1858.0
2014-12-31,1852.5
2015-01-02,1832.0
2015-01-05,1818.5
2015-01-06,1787.0
2015-01-07,1790.0
2015-01-08,1832.0
2015-01-09,1810.0
2015-01-12,1810.0
2015-01-13,1791.5
2015-01-14,1774.0
2015-01-15,1791.0
2015-01-16,1845.0
2015-01-19,1818.0
2015-01-20,1844.0
2015-01-21,1867.0
2015-01-22,1866.0
2015-01-23,1831.0
2015-01-26,1879.0
2015-01-27,1855.0
2015-01-28,1850.0
2015-01-29,1819.0
2015-01-30,1864.0
2015-02-02,1873.0
2015-02-03,1891.0
2015-02-04,1878.0
2015-02-05,1885.0
2015-02-06,1871.0
2015-02-09,1876.0
2015-02-10,1836.0
2015-02-11,1822.0
2015-02-12,1841.5
2015-02-13,1836.5
2015-02-16,1825.0
2015-02-17,1818.0
2015-02-18,1819.0
2015-02-19,1818.0
2015-02-20,1793.0
2015-02-23,1791.0
2015-02-24,1810.0
2015-02-25,1794.0
2015-02-26,1806.0
2015-02-27,1815.0
2015-03-02,1801.0
2015-03-03,1792.0
2015-03-04,1800.0
2015-03-05,1802.0
2015-03-06,1782.0
2015-03-09,1780.0
2015-03-10,1762.0
2015-03-11,1745.0
2015-03-12,1748.0
2015-03-13,1772.0
2015-03-16,1770.5
2015-03-17,1786.0
2015-03-18,1763.0
2015-03-19,1780.0
2015-03-20,1796.0
2015-03-23,1798.0
2015-03-24,1791.0
2015-03-25,1775.0
2015-03-26,1789.0
2015-03-27,1782.0
2015-03-30,1797.5
2015-03-31,1785.0
2015-04-01,1778.0
2015-04-02,1782.0
2015-04-07,1784.0
2015-04-08,1771.0
2015-04-09,1762.5
2015-04-10,1765.0
2015-04-13,1765.0
2015-04-14,1789.0
2015-04-15,1812.0
2015-04-16,1820.0
2015-04-17,1815.0
2015-04-20,1810.0
2015-04-21,1816.0
2015-04-22,1806.0
2015-04-23,1777.5
2015-04-24,1822.5
2015-04-27,1837.0
2015-04-28,1874.0
2015-04-29,1883.0
2015-04-30,1925.0
2015-05-01,1910.0
2015-05-05,1978.0
2015-05-06,1921.0
2015-05-07,1883.0
2015-05-08,1889.0
2015-05-11,1879.0
2015-05-12,1895.5
2015-05-13,1882.0
2015-05-14,1868.0
2015-05-15,1853.0
2015-05-18,1821.0
2015-05-19,1789.0
2015-05-20,1783.5
2015-05-21,1773.0
2015-05-22,1768.0
2015-05-26,1752.0
2015-05-27,1738.0
2015-05-28,1776.5
2015-05-29,1740.0
2015-06-01,1762.0
2015-06-02,1740.5
2015-06-03,1752.0
2015-06-04,1743.0
2015-06-05,1750.0
2015-06-08,1750.0
2015-06-09,1750.0
2015-06-10,1759.0
2015-06-11,1750.0
2015-06-12,1739.0
2015-06-15,1717.0
2015-06-16,1707.0
2015-06-17,1704.5
2015-06-18,1701.0
2015-06-19,1691.5
2015-06-22,1709.0
2015-06-23,1725.0
2015-06-24,1716.0
2015-06-25,1723.0
2015-06-26,1704.0
2015-06-29,1701.0
2015-06-30,1691.0
2015-07-01,1727.0
2015-07-02,1724.0
2015-07-03,1710.0
2015-07-06,1695.0
2015-07-07,1674.0
2015-07-08,1671.0
2015-07-09,1700.0
2015-07-10,1699.0
2015-07-13,1713.0
2015-07-14,1707.0
2015-07-15,1718.0
2015-07-16,1716.0
2015-07-17,1697.0
2015-07-20,1689.0
2015-07-21,1661.0
2015-07-22,1659.0
2015-07-23,1636.0
2015-07-24,1642.5
2015-07-27,1639.0
2015-07-28,1655.0
2015-07-29,1662.5
2015-07-30,1643.0
2015-07-31,1618.0
2015-08-03,1612.0
2015-08-04,1617.0
2015-08-05,1595.0
2015-08-06,1592.5
2015-08-07,1589.0
2015-08-10,1618.5
2015-08-11,1587.0
2015-08-12,1589.0
2015-08-13,1574.0
2015-08-14,1580.5
2015-08-17,1568.0
2015-08-18,1554.0
2015-08-19,1556.5
2015-08-20,1575.0
2015-08-21,1548.0
2015-08-24,1521.0
2015-08-25,1557.0
2015-08-26,1531.5
2015-08-27,1560.0
2015-08-28,1603.0
2015-09-01,1603.0
2015-09-02,1600.0
2015-09-03,1630.0
2015-09-04,1608.0
2015-09-07,1600.5
2015-09-08,1631.0
2015-09-09,1630.0
2015-09-10,1637.5
2015-09-11,1640.0
2015-09-14,1621.0
2015-09-15,1613.5
2015-09-16,1626.5
2015-09-17,1632.0
2015-09-18,1624.0
2015-09-21,1616.0
2015-09-22,1589.0
2015-09-23,1577.0
2015-09-24,1579.0
2015-09-25,1567.0
2015-09-28,1551.0
2015-09-29,1564.0
2015-09-30,1577.0
2015-10-01,1566.0
2015-10-02,1558.0
2015-10-05,1564.5
2015-10-06,1553.0
2015-10-07,1577.0
2015-10-08,1561.0
2015-10-09,1613.0
2015-10-12,1594.0
2015-10-13,1594.0
2015-10-14,1593.0
2015-10-15,1574.0
2015-10-16,1572.5
2015-10-19,1549.5
2015-10-20,1545.0
2015-10-21,1515.0
2015-10-22,1490.0
2015-10-23,1496.0
2015-10-26,1479.0
2015-10-27,1476.0
2015-10-28,1483.0
2015-10-29,1470.0
2015-10-30,1478.5
2015-11-02,1493.0
2015-11-03,1501.0
2015-11-04,1504.0
2015-11-05,1507.0
2015-11-06,1523.0
2015-11-09,1512.0
2015-11-10,1508.0
2015-11-11,1518.0
2015-11-12,1492.0
2015-11-13,1491.0
2015-11-16,1467.0
2015-11-17,1474.0
2015-11-18,1472.0
2015-11-19,1466.0
2015-11-20,1447.0
2015-11-23,1435.5
2015-11-24,1446.0
2015-11-25,1460.0
2015-11-26,1501.0
2015-11-27,1457.5
2015-11-30,1446.0
2015-12-01,1469.0
2015-12-02,1485.5
2015-12-03,1473.0
2015-12-04,1514.5
2015-12-07,1485.0
2015-12-08,1477.0
2015-12-09,1490.0
2015-12-10,1491.0
2015-12-11,1482.0
2015-12-14,1491.5
2015-12-15,1471.0
2015-12-16,1486.0
2015-12-17,1476.0
2015-12-18,1505.5
2015-12-21,1513.0
2015-12-22,1507.0
2015-12-23,1536.0
2015-12-24,1533.0
2015-12-29,1535.0
2015-12-30,1528.0
2015-12-31,1507.0
2016-01-04,1473.0
2016-01-05,1463.0
2016-01-06,1475.0
2016-01-07,1475.0
2016-01-08,1492.5
2016-01-11,1460.0
2016-01-12,1450.0
2016-01-13,1462.0
2016-01-14,1482.5
2016-01-15,1473.0
2016-01-18,1480.0
2016-01-19,1481.0
2016-01-20,1469.0
2016-01-21,1482.0
2016-01-22,1481.5
2016-01-25,1476.0
2016-01-26,1495.0
2016-01-27,1526.0
2016-01-28,1513.5
2016-01-29,1519.0
2016-02-01,1521.0
2016-02-02,1501.0
2016-02-03,1525.0
2016-02-04,1534.5
2016-02-05,1499.0
2016-02-08,1502.0
2016-02-09,1481.0
2016-02-10,1480.0
2016-02-11,1484.5
2016-02-12,1500.0
2016-02-15,1511.0
2016-02-16,1522.0
2016-02-17,1519.0
2016-02-18,1517.0
2016-02-19,1549.0
2016-02-22,1574.0
2016-02-23,1548.0
2016-02-24,1567.0
2016-02-25,1557.0
2016-02-26,1560.0
2016-02-29,1573.0
2016-03-01,1573.0
2016-03-02,1590.5
2016-03-03,1577.0
2016-03-04,1587.0
2016-03-07,1599.5
2016-03-08,1568.0
2016-03-09,1582.0
2016-03-10,1560.0
2016-03-11,1561.5
2016-03-14,1542.5
2016-03-15,1520.0
2016-03-16,1509.0
2016-03-17,1529.0
2016-03-18,1521.0
2016-03-21,1512.0
2016-03-22,1500.5
2016-03-23,1479.5
2016-03-24,1475.5
2016-03-29,1489.0
2016-03-30,1496.0
2016-03-31,1520.0
2016-04-01,1536.0
2016-04-04,1536.0
2016-04-05,1522.0
2016-04-06,1515.0
2016-04-07,1503.5
2016-04-08,1520.0
2016-04-11,1508.5
2016-04-12,1533.0
2016-04-13,1559.0
2016-04-14,1559.5
2016-04-15,1555.5
2016-04-18,1570.0
2016-04-19,1587.0
2016-04-20,1622.0
2016-04-21,1635.0
2016-04-22,1652.5
2016-04-25,1655.0
2016-04-26,1648.0
2016-04-27,1642.0
2016-04-28,1665.0
2016-04-29,1679.0
2016-05-03,1633.0
2016-05-04,1633.5
2016-05-05,1608.5
2016-05-06,1598.0
2016-05-09,1561.0
2016-05-10,1554.0
2016-05-11,1564.0
2016-05-12,1545.0
2016-05-13,1535.5
2016-05-16,1548.0
2016-05-17,1545.0
2016-05-18,1551.5
2016-05-19,1545.0
2016-05-20,1547.0
2016-05-23,1554.0
2016-05-24,1556.0
2016-05-25,1544.0
2016-05-26,1555.5
2016-05-27,1556.0
2016-05-31,1556.0
2016-06-01,1569.0
2016-06-02,1540.0
2016-06-03,1544.0
2016-06-06,1552.5
2016-06-07,1564.0
2016-06-08,1604.0
2016-06-09,1577.0
2016-06-10,1573.0
2016-06-13,1600.0
2016-06-14,1610.0
2016-06-15,1626.0
2016-06-16,1604.0
2016-06-17,1615.0
2016-06-20,1633.0
2016-06-21,1635.5
2016-06-22,1634.0
2016-06-23,1642.0
2016-06-24,1617.5
2016-06-27,1596.0
2016-06-28,1624.0
2016-06-29,1635.5
2016-06-30,1649.0
2016-07-01,1664.5
2016-07-04,1649.5
2016-07-05,1655.0
2016-07-06,1653.0
2016-07-07,1638.0
2016-07-08,1663.0
2016-07-11,1652.0
2016-07-12,1676.0
2016-07-13,1673.0
2016-07-14,1683.0
2016-07-15,1669.0
2016-07-18,1659.0
2016-07-19,1647.0
2016-07-20,1625.0
2016-07-21,1601.0
2016-07-22,1611.0
2016-07-25,1605.0
2016-07-26,1592.0
2016-07-27,1592.0
2016-07-28,1609.0
2016-07-29,1644.0
2016-08-01,1635.0
2016-08-02,1625.0
2016-08-03,1642.0
2016-08-04,1622.5
2016-08-05,1645.0
2016-08-08,1643.0
2016-08-09,1642.0
2016-08-10,1647.0
2016-08-11,1653.0
2016-08-12,1655.0
2016-08-15,1676.0
2016-08-16,1693.0
2016-08-17,1694.0
2016-08-18,1683.0
2016-08-19,1667.0
2016-08-22,1667.0
2016-08-23,1669.0
2016-08-24,1646.0
2016-08-25,1644.5
2016-08-26,1642.5
2016-08-30,1630.0
2016-08-31,1614.0
2016-09-01,1615.0
2016-09-02,1594.0
2016-09-05,1580.0
2016-09-06,1589.0
2016-09-07,1593.0
2016-09-08,1590.5
2016-09-09,1578.5
2016-09-12,1568.0
2016-09-13,1565.0
2016-09-14,1586.0
2016-09-15,1572.0
2016-09-16,1575.5
2016-09-19,1583.0
2016-09-20,1577.0
2016-09-21,1584.0
2016-09-22,1633.0
2016-09-23,1637.0
2016-09-26,1661.0
2016-09-27,1651.0
2016-09-28,1665.0
2016-09-29,1671.0
2016-09-30,1673.0
2016-10-03,1678.0
2016-10-04,1669.0
2016-10-05,1675.0
2016-10-06,1677.0
2016-10-07,1675.0
2016-10-10,1690.5
2016-10-11,1679.0
2016-10-12,1685.0
2016-10-13,1692.0
2016-10-14,1675.0
2016-10-17,1660.5
2016-10-18,1642.0
2016-10-19,1631.5
2016-10-20,1612.0
2016-10-21,1625.0
2016-10-24,1630.5
2016-10-25,1669.0
2016-10-26,1679.0
2016-10-27,1699.0
2016-10-28,1719.0
2016-10-31,1734.0
2016-11-01,1735.0
2016-11-02,1726.5
2016-11-03,1731.0
2016-11-04,1722.0
2016-11-07,1727.0
2016-11-08,1731.0
2016-11-09,1753.0
2016-11-10,1770.0
2016-11-11,1745.0
2016-11-14,1735.0
2016-11-15,1735.0
2016-11-16,1697.0
2016-11-17,1688.0
2016-11-18,1694.0
2016-11-21,1722.0
2016-11-22,1760.0
2016-11-23,1778.0
2016-11-24,1770.0
2016-11-25,1757.0
2016-11-28,1747.0
2016-11-29,1721.0
2016-11-30,1732.0
2016-12-01,1722.0
2016-12-02,1714.5
2016-12-05,1734.5
2016-12-06,1709.0
2016-12-07,1707.0
2016-12-08,1724.0
2016-12-09,1750.0
2016-12-12,1731.0
2016-12-13,1741.0
2016-12-14,1746.0
2016-12-15,1735.5
2016-12-16,1717.0
2016-12-19,1712.0
2016-12-20,1721.0
2016-12-21,1725.0
2016-12-22,1722.0
2016-12-23,1719.0
2016-12-28,1705.0
2016-12-29,1679.0
2016-12-30,1693.0
2017-01-03,1687.0
2017-01-04,1685.0
2017-01-05,1702.5
2017-01-06,1713.0
2017-01-09,1726.0
2017-01-10,1749.0
2017-01-11,1758.0
2017-01-12,1790.0
2017-01-13,1809.0
2017-01-16,1792.0
2017-01-17,1798.0
2017-01-18,1834.5
2017-01-19,1826.0
2017-01-20,1845.0
2017-01-23,1849.5
2017-01-24,1867.0
2017-01-25,1833.5
2017-01-26,1820.0
2017-01-27,1816.0
2017-01-30,1802.0
2017-01-31,1819.0
2017-02-01,1819.0
2017-02-02,1829.0
2017-02-03,1834.5
2017-02-06,1834.5
2017-02-07,1831.0
2017-02-08,1847.5
2017-02-09,1850.0
2017-02-10,1874.0
2017-02-13,1871.0
2017-02-14,1887.0
2017-02-15,1913.0
2017-02-16,1897.0
2017-02-17,1880.0
2017-02-20,1900.0
2017-02-21,1886.0
2017-02-22,1884.5
2017-02-23,1867.0
2017-02-24,1885.0
2017-02-27,1900.0
2017-02-28,1924.0
2017-03-01,1949.0
2017-03-02,1911.0
2017-03-03,1892.0
2017-03-06,1876.5
2017-03-07,1876.0
2017-03-08,1877.0
2017-03-09,1868.0
2017-03-10,1880.0
2017-03-13,1881.0
2017-03-14,1860.0
2017-03-15,1887.0
2017-03-16,1900.0
2017-03-17,1914.0
2017-03-20,1922.0
2017-03-21,1927.0
2017-03-22,1922.0
2017-03-23,1933.5
2017-03-24,1939.0
2017-03-27,1930.0
2017-03-28,1944.0
2017-03-29,1960.0
2017-03-30,1972.0
2017-03-31,1962.5
2017-04-03,1952.0
2017-04-04,1938.0
2017-04-05,1961.0
2017-04-06,1953.0
2017-04-07,1962.0
2017-04-10,1926.5
2017-04-11,1921.0
2017-04-12,1898.0
2017-04-13,1909.0
2017-04-18,1892.0
2017-04-19,1903.0
2017-04-20,1943.0
2017-04-21,1933.5
2017-04-24,1946.0
2017-04-25,1963.0
2017-04-26,1964.5
2017-04-27,1924.0
2017-04-28,1911.5
2017-05-02,1929.5
2017-05-03,1924.0
2017-05-04,1913.0
2017-05-05,1903.0
2017-05-08,1879.0
2017-05-09,1870.0
2017-05-10,1865.0
2017-05-11,1875.0
2017-05-12,1891.0
2017-05-15,1905.5
2017-05-16,1923.0
2017-05-17,1924.5
2017-05-18,1923.0
2017-05-19,1943.5
2017-05-22,1938.0
2017-05-23,1943.0
2017-05-24,1945.0
2017-05-25,1960.0
2017-05-26,1951.0
2017-05-30,1926.0
2017-05-31,1928.0
2017-06-01,1927.0
2017-06-02,1931.0
2017-06-05,1903.0
2017-06-06,1901.0
2017-06-07,1906.0
2017-06-08,1902.5
2017-06-09,1907.0
2017-06-12,1889.0
2017-06-13,1889.0
2017-06-14,1882.5
2017-06-15,1872.0
2017-06-16,1867.0
2017-06-19,1886.5
2017-06-20,1886.5
2017-06-21,1867.0
2017-06-22,1870.0
2017-06-23,1865.0
2017-06-26,1862.0
2017-06-27,1883.0
2017-06-28,1896.0
2017-06-29,1915.0
2017-06-30,1919.0
2017-07-03,1927.0
2017-07-04,1928.0
2017-07-05,1929.0
2017-07-06,1944.0
2017-07-07,1930.0
2017-07-10,1897.0
2017-07-11,1900.0
2017-07-12,1889.0
2017-07-13,1923.0
2017-07-14,1927.0
2017-07-17,1918.0
2017-07-18,1931.0
2017-07-19,1920.0
2017-07-20,1917.0
2017-07-21,1915.0
2017-07-24,1912.0
2017-07-25,1930.0
2017-07-26,1942.0
2017-07-27,1938.0
2017-07-28,1907.0
2017-07-31,1918.0
2017-08-01,1907.0
2017-08-02,1926.0
2017-08-03,1916.0
2017-08-04,1910.5
2017-08-07,1964.0
2017-08-08,2030.0
2017-08-09,2027.5
2017-08-10,2037.0
2017-08-11,2042.5
2017-08-14,2023.0
2017-08-15,2049.0
2017-08-16,2094.0
2017-08-17,2076.0
2017-08-18,2062.0
2017-08-21,2081.0
2017-08-22,2075.0
2017-08-23,2097.0
2017-08-24,2106.0
2017-08-25,2070.0
2017-08-29,2095.0
2017-08-30,2087.5
2017-08-31,2117.0
2017-09-01,2136.0
2017-09-04,2119.5
2017-09-05,2096.0
2017-09-06,2104.5
2017-09-07,2107.0
2017-09-08,2099.0
2017-09-11,2122.0
2017-09-12,2137.0
2017-09-13,2110.0
2017-09-14,2098.0
2017-09-15,2086.0
2017-09-18,2089.5
2017-09-19,2125.0
2017-09-20,2177.0
2017-09-21,2171.0
2017-09-22,2158.0
2017-09-25,2148.0
2017-09-26,2126.0
2017-09-27,2131.5
2017-09-28,2131.0
2017-09-29,2102.0
2017-10-02,2101.0
2017-10-03,2131.0
2017-10-04,2166.0
2017-10-05,2171.5
2017-10-06,2153.0
2017-10-09,2173.5
2017-10-10,2163.0
2017-10-11,2130.0
2017-10-12,2146.5
2017-10-13,2133.5
2017-10-16,2136.0
2017-10-17,2140.0
2017-10-18,2121.0
2017-10-19,2153.0
2017-10-20,2136.0
2017-10-23,2137.0
2017-10-24,2155.0
2017-10-25,2186.0
2017-10-26,2190.0
2017-10-27,2168.0
2017-10-30,2163.0
2017-10-31,2160.0
2017-11-01,2185.0
2017-11-02,2173.5
2017-11-03,2185.0
2017-11-06,2171.0
2017-11-07,2132.0
2017-11-08,2109.0
2017-11-09,2093.0
2017-11-10,2101.0
2017-11-13,2108.0
2017-11-14,2082.0
2017-11-15,2106.0
2017-11-16,2102.0
2017-11-17,2104.0
2017-11-20,2086.0
2017-11-21,2082.0
2017-11-22,2107.0
2017-11-23,2113.0
2017-11-24,2132.0
2017-11-27,2135.0
2017-11-28,2102.5
2017-11-29,2068.0
2017-11-30,2048.0
2017-12-01,2074.5
2017-12-04,2069.0
2017-12-05,2052.0
2017-12-06,2019.0
2017-12-07,2010.0
2017-12-08,2010.5
2017-12-11,2022.0
2017-12-12,2016.0
2017-12-13,2009.0
2017-12-14,2049.5
2017-12-15,2066.0
2017-12-18,2074.0
2017-12-19,2099.0
2017-12-20,2122.0
2017-12-21,2148.0
2017-12-22,2192.0
2017-12-27,2252.0
2017-12-28,2284.0
2017-12-29,2268.0
2018-01-02,2264.5
2018-01-03,2228.0
2018-01-04,2250.0
2018-01-05,2202.5
2018-01-08,2175.0
2018-01-09,2152.5
2018-01-10,2182.0
2018-01-11,2175.5
2018-01-12,2214.0
2018-01-15,2227.0
2018-01-16,2189.0
2018-01-17,2192.0
2018-01-18,2241.0
2018-01-19,2220.0
2018-01-22,2249.0
2018-01-23,2229.5
2018-01-24,2250.0
2018-01-25,2241.0
2018-01-26,2257.0
2018-01-29,2225.0
2018-01-30,2207.0
2018-01-31,2219.5
2018-02-01,2225.0
2018-02-02,2210.0
2018-02-05,2211.0
2018-02-06,2170.0
2018-02-07,2158.0
2018-02-08,2170.0
2018-02-09,2123.0
2018-02-12,2125.0
2018-02-13,2139.0
2018-02-14,2177.5
2018-02-15,2165.0
2018-02-16,2208.0
2018-02-19,2214.0
2018-02-20,2185.0
2018-02-21,2201.0
2018-02-22,2185.0
2018-02-23,2140.0
2018-02-26,2138.0
2018-02-27,2147.0
2018-02-28,2132.0
2018-03-01,2147.0
2018-03-02,2149.0
2018-03-05,2145.5
2018-03-06,2147.0
2018-03-07,2097.0
2018-03-08,2106.0
2018-03-09,2120.0
2018-03-12,2091.0
2018-03-13,2103.0
2018-03-14,2089.0
2018-03-15,2085.0
2018-03-16,2085.0
2018-03-19,2088.0
2018-03-20,2076.0
2018-03-21,2081.0
2018-03-22,2075.0
2018-03-23,2050.5
2018-03-26,2052.0
2018-03-27,2045.0
2018-03-28,2027.0
2018-03-29,2004.5
2018-04-03,1978.0
2018-04-04,1991.0
2018-04-05,2009.0
2018-04-06,2042.0
2018-04-09,2139.0
2018-04-10,2201.0
2018-04-11,2250.0
2018-04-12,2325.0
2018-04-13,2285.0
2018-04-16,2399.0
2018-04-17,2405.0
2018-04-18,2537.0
2018-04-19,2485.0
2018-04-20,2469.0
2018-04-23,2295.0
2018-04-24,2227.0
2018-04-25,2245.0
2018-04-26,2275.0
2018-04-27,2223.0
2018-04-30,2255.0
2018-05-01,2260.0
2018-05-02,2321.5
2018-05-03,2269.0
2018-05-04,2350.0
2018-05-08,2357.5
2018-05-09,2366.0
2018-05-10,2335.0
2018-05-11,2288.0
2018-05-14,2319.0
2018-05-15,2327.0
2018-05-16,2315.5
2018-05-17,2293.0
2018-05-18,2270.0
2018-05-21,2280.0
2018-05-22,2270.0
2018-05-23,2270.0
2018-05-24,2281.0
2018-05-25,2263.0
2018-05-29,2275.0
2018-05-30,2270.0
2018-05-31,2292.0
2018-06-01,2305.0
2018-06-04,2314.0
2018-06-05,2312.0
2018-06-06,2345.0
2018-06-07,2312.0
2018-06-08,2299.0
2018-06-11,2301.0
2018-06-12,2302.0
2018-06-13,2275.0
2018-06-14,2256.0
2018-06-15,2204.0
2018-06-18,2219.5
2018-06-19,2171.0
2018-06-20,2166.0
2018-06-21,2179.0
2018-06-22,2175.0
2018-06-25,2155.0
2018-06-26,2157.5
2018-06-27,2176.0
2018-06-28,2155.0
2018-06-29,2133.0
2018-07-02,2098.0
2018-07-03,2080.0
2018-07-04,2089.0
2018-07-05,2080.0
2018-07-06,2080.0
2018-07-09,2121.0
2018-07-10,2090.0
2018-07-11,2060.0
2018-07-12,2042.0
2018-07-13,2031.0
2018-07-16,2055.0
2018-07-17,2032.0
2018-07-18,2027.0
2018-07-19,2001.0
2018-07-20,2029.0
2018-07-23,2069.0
2018-07-24,2084.5
2018-07-25,2062.0
2018-07-26,2067.0
2018-07-27,2071.0
2018-07-30,2094.0
2018-07-31,2081.0
2018-08-01,2052.0
2018-08-02,2036.0
2018-08-03,2028.0
2018-08-06,2043.0
2018-08-07,2038.0
2018-08-08,2106.0
2018-08-09,2078.0
2018-08-10,2105.0
2018-08-13,2082.0
2018-08-14,2070.0
2018-08-15,2025.0
2018-08-16,2048.0
2018-08-17,2030.0
2018-08-20,2055.0
2018-08-21,2054.5
2018-08-22,2065.0
2018-08-23,2075.0
2018-08-24,2095.0
2018-08-28,2133.5
2018-08-29,2172.0
2018-08-30,2132.0
2018-08-31,2125.0
2018-09-03,2097.0
2018-09-04,2062.0
2018-09-05,2068.0
2018-09-06,2040.0
2018-09-07,2070.0
2018-09-10,2095.0
2018-09-11,2044.0
2018-09-12,2064.0
2018-09-13,2064.0
2018-09-14,2043.0
2018-09-17,2032.0
2018-09-18,2035.0
2018-09-19,2026.0
2018-09-20,2043.0
2018-09-21,2091.0
2018-09-24,2060.0
2018-09-25,2071.0
2018-09-26,2065.0
2018-09-27,2030.0
2018-09-28,2062.0
2018-10-01,2084.0
2018-10-02,2118.0
2018-10-03,2206.0
2018-10-04,2169.5
2018-10-05,2130.0
2018-10-08,2067.0
2018-10-09,2056.0
2018-10-10,2047.0
2018-10-11,2020.0
2018-10-12,2041.0
2018-10-15,2027.0
2018-10-16,2034.0
2018-10-17,2022.0
2018-10-18,2013.0
2018-10-19,2003.0
2018-10-22,2007.0
2018-10-23,2001.0
2018-10-24,1997.0
2018-10-25,1994.0
2018-10-26,1998.0
2018-10-29,1984.0
2018-10-30,1967.0
2018-10-31,1953.5
2018-11-01,1966.0
2018-11-02,1973.0
2018-11-05,1975.0
2018-11-06,1950.5
2018-11-07,1985.0
2018-11-08,1990.0
2018-11-09,1954.0
2018-11-12,1942.0
2018-11-13,1935.5
2018-11-14,1943.0
2018-11-15,1929.0
2018-11-16,1940.0
2018-11-19,1934.0
2018-11-20,1940.0
2018-11-21,1953.5
2018-11-22,1946.5
2018-11-23,1949.0
2018-11-26,1951.5
2018-11-27,1930.5
2018-11-28,1932.0
2018-11-29,1940.0
2018-11-30,1958.0
2018-12-03,1974.0
2018-12-04,1974.0
2018-12-05,1969.0
2018-12-06,1936.0
2018-12-07,1955.0
2018-12-10,1938.0
2018-12-11,1939.0
2018-12-12,1939.0
2018-12-13,1932.0
2018-12-14,1926.0
2018-12-17,1942.0
2018-12-18,1925.0
2018-12-19,1927.0
2018-12-20,1912.0
2018-12-21,1909.0
2018-12-24,1893.0
2018-12-27,1851.5
2018-12-28,1845.0
2018-12-31,1846.0
2019-01-02,1797.0
2019-01-03,1835.0
2019-01-04,1865.0
2019-01-07,1878.5
2019-01-08,1864.5
2019-01-09,1852.5
2019-01-10,1861.0
2019-01-11,1836.0
2019-01-14,1828.0
2019-01-15,1845.0
2019-01-16,1859.0
2019-01-17,1858.0
2019-01-18,1870.0
2019-01-21,1852.0
2019-01-22,1883.0
2019-01-23,1909.0
2019-01-24,1890.5
2019-01-25,1920.0
2019-01-28,1867.0
2019-01-29,1892.0
2019-01-30,1909.5
2019-01-31,1910.0
2019-02-01,1883.0
2019-02-04,1919.0
2019-02-05,1922.0
2019-02-06,1907.0
2019-02-07,1894.0
2019-02-08,1881.0
2019-02-11,1880.0
2019-02-12,1861.0
2019-02-13,1860.0
2019-02-14,1850.0
2019-02-15,1859.0
2019-02-18,1856.0
2019-02-19,1856.0
2019-02-20,1868.0
2019-02-21,1905.0
2019-02-22,1913.0
2019-02-25,1906.0
2019-02-26,1911.0
2019-02-27,1922.0
2019-02-28,1911.0
2019-03-01,1918.0
2019-03-04,1875.0
2019-03-05,1874.0
2019-03-06,1866.0
2019-03-07,1864.0
2019-03-08,1872.0
2019-03-11,1847.0
2019-03-12,1873.0
2019-03-13,1905.0
2019-03-14,1903.0
2019-03-15,1897.0
2019-03-18,1920.5
2019-03-19,1946.0
2019-03-20,1937.0
2019-03-21,1899.5
2019-03-22,1903.0
2019-03-25,1883.0
2019-03-26,1888.0
2019-03-27,1911.0
2019-03-28,1903.0
2019-03-29,1912.0
2019-04-01,1899.0
2019-04-02,1889.0
2019-04-03,1896.0
2019-04-04,1895.0
2019-04-05,1890.0
2019-04-08,1871.0
2019-04-09,1878.0
2019-04-10,1864.0
2019-04-11,1860.0
2019-04-12,1863.0
2019-04-15,1865.0
2019-04-16,1855.5
2019-04-17,1850.0
2019-04-18,1867.0
2019-04-23,1866.0
2019-04-24,1872.0
2019-04-25,1857.0
2019-04-26,1837.0
2019-04-29,1828.0
2019-04-30,1797.0
2019-05-01,1815.0
2019-05-02,1816.0
2019-05-03,1799.0
2019-05-07,1816.0
2019-05-08,1797.0
2019-05-09,1799.0
2019-05-10,1808.0
2019-05-13,1809.0
2019-05-14,1844.5
2019-05-15,1855.0
2019-05-16,1860.0
2019-05-17,1837.0
2019-05-20,1797.5
2019-05-21,1796.0
2019-05-22,1779.0
2019-05-23,1797.5
2019-05-24,1800.0
2019-05-28,1807.0
2019-05-29,1795.0
2019-05-30,1782.0
2019-05-31,1794.5
2019-06-03,1777.0
2019-06-04,1786.0
2019-06-05,1771.0
2019-06-06,1776.0
2019-06-07,1764.0
2019-06-10,1775.0
2019-06-11,1778.0
2019-06-12,1790.0
2019-06-13,1787.0
2019-06-14,1764.5
2019-06-17,1758.5
2019-06-18,1781.0
2019-06-19,1784.0
2019-06-20,1781.0
2019-06-21,1767.5
2019-06-24,1793.0
2019-06-25,1814.0
2019-06-26,1820.0
2019-06-27,1790.0
2019-06-28,1800.0
2019-07-01,1794.0
2019-07-02,1782.0
2019-07-03,1790.0
2019-07-04,1807.0
2019-07-05,1803.0
2019-07-08,1809.0
2019-07-09,1821.0
2019-07-10,1850.0
2019-07-11,1828.0
2019-07-12,1822.0
2019-07-15,1842.0
2019-07-16,1850.0
2019-07-17,1847.0
2019-07-18,1854.0
2019-07-19,1848.0
2019-07-22,1816.0
2019-07-23,1816.0
2019-07-24,1826.0
2019-07-25,1826.0
2019-07-26,1802.0
2019-07-29,1811.0
2019-07-30,1803.0
2019-07-31,1799.0
2019-08-01,1780.0
2019-08-02,1770.0
2019-08-05,1763.0
2019-08-06,1759.0
2019-08-07,1745.0
2019-08-08,1778.0
2019-08-09,1771.0
2019-08-12,1770.0
2019-08-13,1785.0
2019-08-14,1775.0
2019-08-15,1782.0
2019-08-16,1792.0
2019-08-19,1794.0
2019-08-20,1782.0
2019-08-21,1779.0
2019-08-22,1766.0
2019-08-23,1770.0
2019-08-27,1761.0
2019-08-28,1746.0
2019-08-29,1753.0
2019-08-30,1753.0
2019-09-02,1749.0
2019-09-03,1753.0
2019-09-04,1775.0
2019-09-05,1784.0
2019-09-06,1783.0
2019-09-09,1799.0
2019-09-10,1820.0
2019-09-11,1825.0
2019-09-12,1803.0
2019-09-13,1810.0
2019-09-16,1793.0
2019-09-17,1792.0
2019-09-18,1785.5
2019-09-19,1800.0
2019-09-20,1795.0
2019-09-23,1785.0
2019-09-24,1762.5
2019-09-25,1752.0
2019-09-26,1737.0
2019-09-27,1735.0
2019-09-30,1721.5
2019-10-01,1740.0
2019-10-02,1705.0
2019-10-03,1718.0
2019-10-04,1719.0
2019-10-07,1746.0
2019-10-08,1751.5
2019-10-09,1744.0
2019-10-10,1753.0
2019-10-11,1722.0
2019-10-14,1720.0
2019-10-15,1728.0
2019-10-16,1728.0
2019-10-17,1727.0
2019-10-18,1738.0
2019-10-21,1729.0
2019-10-22,1719.0
2019-10-23,1730.0
2019-10-24,1724.0
2019-10-25,1728.0
2019-10-28,1737.0
2019-10-29,1754.0
2019-10-30,1760.0
2019-10-31,1755.0
2019-11-01,1786.0
2019-11-04,1815.0
2019-11-05,1811.0
2019-11-06,1810.0
2019-11-07,1813.0
2019-11-08,1807.5
2019-11-11,1779.0
2019-11-12,1778.0
2019-11-13,1765.0
2019-11-14,1741.0
2019-11-15,1755.0
2019-11-18,1738.0
2019-11-19,1731.0
2019-11-20,1741.0
2019-11-21,1734.0
2019-11-22,1739.0
2019-11-25,1736.0
2019-11-26,1753.0
2019-11-27,1764.0
2019-11-28,1752.0
2019-11-29,1770.0
2019-12-02,1790.0
2019-12-03,1766.0
2019-12-04,1758.0
2019-12-05,1747.0
2019-12-06,1765.0
2019-12-09,1757.0
2019-12-10,1755.0
2019-12-11,1760.0
2019-12-12,1775.0
2019-12-13,1768.0
2019-12-16,1778.0
2019-12-17,1764.0
2019-12-18,1777.0
2019-12-19,1797.0
2019-12-20,1800.0
2019-12-23,1804.0
2019-12-24,1814.0
2019-12-27,1825.0
2019-12-30,1827.0
2019-12-31,1810.0
2020-01-02,1804.5
2020-01-03,1824.0
2020-01-06,1833.0
2020-01-07,1816.0
2020-01-08,1800.5
2020-01-09,1803.5
2020-01-10,1806.0
2020-01-13,1798.0
2020-01-14,1809.0
2020-01-15,1801.0
2020-01-16,1812.0
2020-01-17,1805.0
2020-01-20,1812.0
2020-01-21,1824.5
2020-01-22,1811.0
2020-01-23,1795.0
2020-01-24,1781.0
2020-01-27,1764.0
2020-01-28,1752.0
2020-01-29,1737.0
2020-01-30,1731.0
2020-01-31,1722.0
2020-02-03,1686.5
2020-02-04,1686.0
2020-02-05,1717.0
2020-02-06,1737.0
2020-02-07,1726.0
2020-02-10,1702.0
2020-02-11,1734.0
2020-02-12,1737.0
2020-02-13,1748.0
2020-02-14,1722.0
2020-02-17,1721.0
2020-02-18,1720.0
2020-02-19,1720.0
2020-02-20,1711.0
2020-02-21,1713.5
2020-02-24,1699.0
2020-02-25,1703.0
2020-02-26,1696.0
2020-02-27,1690.0
2020-02-28,1694.5
2020-03-02,1717.0
2020-03-03,1722.0
2020-03-04,1726.0
2020-03-05,1720.0
2020-03-06,1685.0
2020-03-09,1687.0
2020-03-10,1697.0
2020-03-11,1675.0
2020-03-12,1656.0
2020-03-13,1680.5
2020-03-16,1675.0
2020-03-17,1651.5
2020-03-18,1650.0
2020-03-19,1630.0
2020-03-20,1582.0
2020-03-23,1561.0
2020-03-24,1547.5
2020-03-25,1537.5
2020-03-26,1536.0
2020-03-27,1545.5
2020-03-30,1530.5
2020-03-31,1526.0
2020-04-01,1499.5
2020-04-02,1491.0
2020-04-03,1481.5
2020-04-06,1472.0
2020-04-07,1477.5
2020-04-08,1465.5
2020-04-09,1479.5
2020-04-14,1503.5
2020-04-15,1507.5
2020-04-16,1512.5
2020-04-17,1507.0
2020-04-20,1503.0
2020-04-21,1490.5
2020-04-22,1515.0
2020-04-23,1510.0
2020-04-24,1514.0
2020-04-27,1507.0
2020-04-28,1504.5
2020-04-29,1506.0
2020-04-30,1494.5
2020-05-01,1487.0
2020-05-04,1483.0
2020-05-05,1484.5
2020-05-06,1479.5
2020-05-07,1485.0
2020-05-11,1497.5
2020-05-12,1477.5
2020-05-13,1480.0
2020-05-14,1475.0
2020-05-15,1462.0
2020-05-18,1496.0
2020-05-19,1492.0
2020-05-20,1512.5
2020-05-21,1521.0
2020-05-22,1506.5
2020-05-26,1519.5
2020-05-27,1525.0
2020-05-28,1537.0
2020-05-29,1548.0
2020-06-01,1537.0
2020-06-02,1547.0
2020-06-03,1568.5
2020-06-04,1570.5
2020-06-05,1591.5
2020-06-08,1605.0
2020-06-09,1605.5
2020-06-10,1627.5
2020-06-11,1601.5
2020-06-12,1585.0
2020-06-15,1577.0
2020-06-16,1597.5
2020-06-17,1607.5
2020-06-18,1606.5
2020-06-19,1592.0
2020-06-22,1603.0
2020-06-23,1595.0
2020-06-24,1576.0
2020-06-25,1570.0
2020-06-26,1601.5
2020-06-29,1609.0
2020-06-30,1619.5
2020-07-01,1621.0
2020-07-02,1621.0
2020-07-03,1614.0
2020-07-06,1634.5
2020-07-07,1634.0
2020-07-08,1665.0
2020-07-09,1664.0
2020-07-10,1688.5
2020-07-13,1690.0
2020-07-14,1688.5
2020-07-15,1683.5
2020-07-16,1670.5
2020-07-17,1661.5
2020-07-20,1664.5
2020-07-21,1696.5
2020-07-22,1691.0
2020-07-23,1701.0
2020-07-24,1700.0
2020-07-27,1708.0
2020-07-28,1724.0
2020-07-29,1725.0
2020-07-30,1720.0
2020-07-31,1713.5
2020-08-03,1752.0
2020-08-04,1770.0
2020-08-05,1767.0
2020-08-06,1777.5
2020-08-07,1771.0
2020-08-10,1786.0
2020-08-11,1786.0
2020-08-12,1787.0
2020-08-13,1763.5
2020-08-14,1746.0
2020-08-17,1756.0
2020-08-18,1773.5
2020-08-19,1793.5
2020-08-20,1789.5
2020-08-21,1765.0
2020-08-24,1770.5
2020-08-25,1775.5
2020-08-26,1780.0
2020-08-27,1781.0
2020-08-28,1800.0
2020-09-01,1816.5
2020-09-02,1786.0
2020-09-03,1780.0
2020-09-04,1786.5
2020-09-07,1797.5
2020-09-08,1792.0
2020-09-09,1784.0
2020-09-10,1789.5
2020-09-11,1775.0
2020-09-14,1800.5
2020-09-15,1789.5
2020-09-16,1795.5
2020-09-17,1781.0
2020-09-18,1792.5
2020-09-21,1779.5
2020-09-22,1776.5
2020-09-23,1754.5
2020-09-24,1740.0
2020-09-25,1748.5
2020-09-28,1775.0
2020-09-29,1783.0
2020-09-30,1765.0
2020-10-01,1739.5
2020-10-02,1768.0
2020-10-05,1776.0
2020-10-06,1765.0
2020-10-07,1783.5
2020-10-08,1804.5
2020-10-09,1841.5
2020-10-12,1855.5
2020-10-13,1858.0
2020-10-14,1852.0
2020-10-15,1852.0
2020-10-16,1870.5
2020-10-19,1853.5
2020-10-20,1834.5
2020-10-21,1843.5
2020-10-22,1846.5
2020-10-23,1842.5
2020-10-26,1827.5
2020-10-27,1822.0
2020-10-28,1809.5
2020-10-29,1803.0
2020-10-30,1848.5
2020-11-02,1866.0
2020-11-03,1905.5
2020-11-04,1908.5
2020-11-05,1897.5
2020-11-06,1901.5
2020-11-09,1893.5
2020-11-10,1908.0
2020-11-11,1918.0
2020-11-12,1930.0
2020-11-13,1932.0
2020-11-16,1951.0
2020-11-17,1977.5
2020-11-18,1998.0
2020-11-19,1992.5
2020-11-20,1993.0
2020-11-23,1973.5
2020-11-24,1986.5
2020-11-25,1970.0
2020-11-26,1976.0
2020-11-27,1998.5
2020-11-30,2045.0
2020-12-01,2064.5
2020-12-02,2055.0
2020-12-03,2028.0
2020-12-04,2044.0
2020-12-07,2017.0
2020-12-08,1990.0
2020-12-09,2035.0
2020-12-10,2060.0
2020-12-11,2022.5
2020-12-14,2047.0
2020-12-15,2029.5
2020-12-16,2035.0
2020-12-17,2053.0
2020-12-18,2056.5
2020-12-21,2020.5
2020-12-22,1995.5
2020-12-23,2006.0
2020-12-24,2030.0
2020-12-29,1991.0
2020-12-30,1999.5
2020-12-31,1979.5
2021-01-04,2031.5
2021-01-05,2040.5
2021-01-06,2038.5
2021-01-07,2036.5
2021-01-08,2021.5
2021-01-11,2009.5
2021-01-12,2019.5
2021-01-13,2013.0
2021-01-14,2005.5
2021-01-15,1991.0
2021-01-18,1972.0
2021-01-19,1964.0
2021-01-20,1980.5
2021-01-21,1997.5
2021-01-22,1994.5
2021-01-25,2012.0
2021-01-26,2020.0
2021-01-27,1992.0
2021-01-28,1984.5
2021-01-29,1977.5
2021-02-01,1969.0
2021-02-02,1972.5
2021-02-03,1973.5
2021-02-04,1993.5
2021-02-05,2015.5
2021-02-08,2028.0
2021-02-09,2054.0
2021-02-10,2079.0
2021-02-11,2079.5
2021-02-12,2089.5
2021-02-15,2083.5
2021-02-16,2086.5
2021-02-17,2115.0
2021-02-18,2137.5
2021-02-19,2131.5
2021-02-22,2166.5
2021-02-23,2147.0
2021-02-24,2184.5
2021-02-25,2235.0
2021-02-26,2154.5
2021-03-01,2129.5
2021-03-02,2211.5
2021-03-03,2200.0
2021-03-04,2153.5
2021-03-05,2176.0
2021-03-08,2171.0
2021-03-09,2168.5
2021-03-10,2168.0
2021-03-11,2178.0
2021-03-12,2171.0
2021-03-15,2218.0
2021-03-16,2202.5
2021-03-17,2227.5
2021-03-18,2216.0
2021-03-19,2265.5
2021-03-22,2272.0
2021-03-23,2219.5
2021-03-24,2258.0
2021-03-25,2246.0
2021-03-26,2298.0
2021-03-29,2266.0
2021-03-30,2231.0
2021-03-31,2212.0
2021-04-01,2225.5
2021-04-06,2268.0
2021-04-07,2260.0
2021-04-08,2282.5
2021-04-09,2264.0
2021-04-12,2262.0
2021-04-13,2293.0
2021-04-14,2323.5
2021-04-15,2339.0
2021-04-16,2315.0
2021-04-19,2330.0
2021-04-20,2309.5
2021-04-21,2364.5
2021-04-22,2363.0
2021-04-23,2364.5
2021-04-26,2403.5
2021-04-27,2396.0
2021-04-28,2399.5
2021-04-29,2417.0
2021-04-30,2397.0
2021-05-04,2428.0
2021-05-05,2444.5
2021-05-06,2488.5
2021-05-07,2540.0
2021-05-10,2531.0
2021-05-11,2521.0
2021-05-12,2480.5
2021-05-13,2451.5
2021-05-14,2463.0
2021-05-17,2499.0
2021-05-18,2478.0
2021-05-19,2415.0
2021-05-20,2396.0
2021-05-21,2370.0
2021-05-24,2387.0
2021-05-25,2372.0
2021-05-26,2402.0
2021-05-27,2481.0
2021-05-28,2483.0
2021-06-01,2469.0
2021-06-02,2444.0
2021-06-03,2405.0
2021-06-04,2455.0
2021-06-07,2426.0
2021-06-08,2452.5
2021-06-09,2458.5
2021-06-10,2476.0
2021-06-11,2464.5
2021-06-14,2494.0
2021-06-15,2467.0
2021-06-16,2469.5
2021-06-17,2400.0
2021-06-18,2385.0
2021-06-21,2403.5
2021-06-22,2425.0
2021-06-23,2439.5
2021-06-24,2440.0
2021-06-25,2486.0
2021-06-28,2490.0
2021-06-29,2551.5
2021-06-30,2523.5
2021-07-01,2512.0
2021-07-02,2562.0
2021-07-05,2556.0
2021-07-06,2530.0
2021-07-07,2499.5
2021-07-08,2442.0
2021-07-09,2501.5
2021-07-12,2489.5
2021-07-13,2535.5
2021-07-14,2525.0
2021-07-15,2518.0
2021-07-16,2488.5
2021-07-19,2425.5
2021-07-20,2465.5
2021-07-21,2453.5
2021-07-22,2483.0
2021-07-23,2502.5
2021-07-26,2519.0
2021-07-27,2490.0
2021-07-28,2537.0
2021-07-29,2591.5
2021-07-30,2590.0
2021-08-02,2615.0
2021-08-03,2586.0
2021-08-04,2566.5
2021-08-05,2588.0
2021-08-06,2578.0
2021-08-09,2549.0
2021-08-10,2574.5
2021-08-11,2585.5
2021-08-12,2582.5
2021-08-13,2600.0
2021-08-16,2602.0
2021-08-17,2599.5
2021-08-18,2555.0
2021-08-19,2545.5
2021-08-20,2546.5
2021-08-23,2602.0
2021-08-24,2615.0
2021-08-25,2617.5
2021-08-26,2619.5
2021-08-27,2649.5
2021-08-31,2718.0
2021-09-01,2690.0
2021-09-02,2695.0
2021-09-03,2727.0
2021-09-06,2773.0
2021-09-07,2757.0
2021-09-08,2794.0
2021-09-09,2839.5
2021-09-10,2924.0
2021-09-13,2896.5
2021-09-14,2831.0
2021-09-15,2893.0
2021-09-16,2879.5
2021-09-17,2885.5
2021-09-20,2863.0
2021-09-21,2846.0
2021-09-22,2935.0
2021-09-23,2949.5
2021-09-24,2915.5
2021-09-27,2883.5
2021-09-28,2944.5
2021-09-29,2911.5
2021-09-30,2858.5
2021-10-01,2857.0
2021-10-04,2916.0
2021-10-05,2921.0
2021-10-06,2897.0
2021-10-07,2946.0
2021-10-08,2966.0
2021-10-11,3064.0
2021-10-12,3068.0
2021-10-13,3068.0
2021-10-14,3117.0
2021-10-15,3171.5
2021-10-18,3167.5
2021-10-19,3112.0
2021-10-20,3069.5
2021-10-21,2910.5
2021-10-22,2868.0
2021-10-25,2875.5
2021-10-26,2829.0
2021-10-27,2686.0
2021-10-28,2746.5
2021-10-29,2716.5
2021-11-01,2719.5
2021-11-02,2692.5
2021-11-03,2656.0
2021-11-04,2554.5
2021-11-05,2556.5
2021-11-08,2605.0
2021-11-09,2556.5
2021-11-10,2578.0
2021-11-11,2660.0
2021-11-12,2700.0
2021-11-15,2657.0
2021-11-16,2574.5
2021-11-17,2616.5
2021-11-18,2616.0
2021-11-19,2679.5
2021-11-22,2689.5
2021-11-23,2668.5
2021-11-24,2704.0
2021-11-25,2717.5
2021-11-26,2615.0
2021-11-29,2630.0
2021-11-30,2625.0
2021-12-01,2664.5
2021-12-02,2600.0
2021-12-03,2623.0
2021-12-06,2588.0
2021-12-07,2628.5
2021-12-08,2627.0
2021-12-09,2626.5
2021-12-10,2606.5
2021-12-13,2654.0
2021-12-14,2628.5
2021-12-15,2597.0
2021-12-16,2667.0
2021-12-17,2724.5
2021-12-20,2671.0
2021-12-21,2754.0
2021-12-22,2824.5
2021-12-23,2846.0
2021-12-24,2837.0
2021-12-29,2810.5
2021-12-30,2818.0
2021-12-31,2807.5
2022-01-04,2839.0
2022-01-05,2922.0
2022-01-06,2921.5
2022-01-07,2914.5
2022-01-10,2931.5
2022-01-11,2970.0
2022-01-12,2982.5
2022-01-13,2952.0
2022-01-14,2976.5
2022-01-17,2997.0
2022-01-18,3024.5
2022-01-19,3050.5
2022-01-20,3111.0
2022-01-21,3040.5
2022-01-24,3028.5
2022-01-25,3092.0
2022-01-26,3094.0
2022-01-27,3098.5
2022-01-28,3082.5
2022-01-31,3021.0
2022-02-01,3032.5
2022-02-02,2986.0
2022-02-03,3050.0
2022-02-04,3074.0
2022-02-07,3132.0
2022-02-08,3183.0
2022-02-09,3266.0
2022-02-10,3250.5
2022-02-11,3136.5
2022-02-14,3214.5
2022-02-15,3208.0
2022-02-16,3256.0
2022-02-17,3268.0
2022-02-18,3262.5
2022-02-21,3279.5
2022-02-22,3303.0
2022-02-23,3292.5
2022-02-24,3394.5
2022-02-25,3357.5
2022-02-28,3368.5
2022-03-01,3478.0
2022-03-02,3569.0
2022-03-03,3716.5
2022-03-04,3849.0
2022-03-07,3740.0
2022-03-08,3498.0
2022-03-09,3341.0
2022-03-10,3427.5
2022-03-11,3483.0
2022-03-14,3319.5
2022-03-15,3277.5
2022-03-16,3258.5
2022-03-17,3384.5
2022-03-18,3381.0
2022-03-21,3521.0
2022-03-22,3504.5
2022-03-23,3653.0
2022-03-24,3623.5
2022-03-25,3605.0
2022-03-28,3614.0
2022-03-29,3436.0
2022-03-30,3551.0
2022-03-31,3491.0
2022-04-01,3450.0
2022-04-04,3447.0
2022-04-05,3465.0
2022-04-06,3441.0
2022-04-07,3385.0
2022-04-08,3374.5
2022-04-11,3248.0
2022-04-12,3267.0
2022-04-13,3236.0
2022-04-14,3285.5
2022-04-19,3261.0
2022-04-20,3269.0
2022-04-21,3298.0
2022-04-22,3245.5
2022-04-25,3090.5
2022-04-26,3064.5
2022-04-27,3093.5
2022-04-28,3031.5
2022-04-29,3052.5
2022-05-03,2911.0
2022-05-04,2953.0
2022-05-05,2916.0
2022-05-06,2842.0
2022-05-09,2755.0
2022-05-10,2753.5
2022-05-11,2778.0
2022-05-12,2742.0
2022-05-13,2788.0
2022-05-16,2832.0
2022-05-17,2890.5
2022-05-18,2857.5
2022-05-19,2906.5
2022-05-20,2946.0
2022-05-23,2956.0
2022-05-24,2901.5
2022-05-25,2874.0
2022-05-26,2865.0
2022-05-27,2871.5
2022-05-30,2888.5
2022-05-31,2787.0
2022-06-01,2726.0
2022-06-06,2782.5
2022-06-07,2778.5
2022-06-08,2819.0
2022-06-09,2761.0
2022-06-10,2680.0
2022-06-13,2628.0
2022-06-14,2570.0
2022-06-15,2592.5
2022-06-16,2504.5
2022-06-17,2498.0
2022-06-20,2527.0
2022-06-21,2533.5
2022-06-22,2479.5
2022-06-23,2477.5
2022-06-24,2456.0
2022-06-27,2495.5
2022-06-28,2491.0
2022-06-29,2471.0
2022-06-30,2445.5
2022-07-01,2444.0
2022-07-04,2464.0
2022-07-05,2392.0
2022-07-06,2409.5
2022-07-07,2442.5
2022-07-08,2436.5
2022-07-11,2379.5
2022-07-12,2360.0
2022-07-13,2355.5
2022-07-14,2336.5
2022-07-15,2343.0
2022-07-18,2426.5
2022-07-19,2389.0
2022-07-20,2430.0
2022-07-21,2420.5
2022-07-22,2475.5
2022-07-25,2408.5
2022-07-26,2421.5
2022-07-27,2422.5
2022-07-28,2456.0
2022-07-29,2488.5
2022-08-01,2430.5
2022-08-02,2414.5
2022-08-03,2378.0
2022-08-04,2403.0
2022-08-05,2416.0
2022-08-08,2445.5
2022-08-09,2490.5
2022-08-10,2489.5
2022-08-11,2520.5
2022-08-12,2434.5
2022-08-15,2390.0
2022-08-16,2392.0
2022-08-17,2411.0
2022-08-18,2403.0
2022-08-19,2386.0
2022-08-22,2390.5
2022-08-23,2424.0
2022-08-24,2430.0
2022-08-25,2433.5
2022-08-26,2493.5
2022-08-30,2391.0
2022-08-31,2359.0
2022-09-01,2295.0
2022-09-02,2295.5
2022-09-05,2285.5
2022-09-06,2260.5
2022-09-07,2235.0
2022-09-08,2267.5
2022-09-09,2286.0
2022-09-12,2283.0
2022-09-13,2313.0
2022-09-14,2270.5
2022-09-15,2307.5
2022-09-16,2277.0
2022-09-19,2251.0
2022-09-20,2245.5
2022-09-21,2202.5
2022-09-22,2228.5
2022-09-23,2165.0
2022-09-26,2139.5
2022-09-27,2114.0
2022-09-28,2124.0
2022-09-29,2197.0
2022-09-30,2162.0
2022-10-03,2219.5
2022-10-04,2348.0
2022-10-05,2352.0
2022-10-06,2347.0
2022-10-07,2299.0
2022-10-10,2260.0
2022-10-11,2236.0
2022-10-12,2305.0
2022-10-13,2359.5
2022-10-14,2306.0
2022-10-17,2229.0
2022-10-18,2193.0
2022-10-19,2170.5
2022-10-20,2209.5
2022-10-21,2206.0
2022-10-24,2175.0
2022-10-25,2215.0
2022-10-26,2335.0
2022-10-27,2287.5
2022-10-28,2211.5
2022-10-31,2222.0
2022-11-01,2242.5
2022-11-02,2251.0
2022-11-03,2264.0
2022-11-04,2355.5
2022-11-07,2337.0
2022-11-08,2372.0
2022-11-09,2319.0
2022-11-10,2327.0
2022-11-11,2463.5
2022-11-14,2452.5
2022-11-15,2435.0
2022-11-16,2412.0
2022-11-17,2391.0
2022-11-18,2430.0
2022-11-21,2379.0
2022-11-22,2429.0
2022-11-23,2397.0
2022-11-24,2367.5
2022-11-25,2362.5
2022-11-28,2362.5
2022-11-29,2379.5
2022-11-30,2477.5
2022-12-01,2485.0
2022-12-02,2545.5
2022-12-05,2522.5
2022-12-06,2508.5
2022-12-07,2485.5
2022-12-08,2503.0
2022-12-09,2480.5
2022-12-12,2414.0
2022-12-13,2461.0
2022-12-14,2444.0
2022-12-15,2384.0
2022-12-16,2375.0
2022-12-19,2361.0
2022-12-20,2372.5
2022-12-21,2391.5
2022-12-22,2406.0
2022-12-23,2389.5
2022-12-28,2381.0
2022-12-29,2405.0
2022-12-30,2378.0
2023-01-03,2311.0
2023-01-04,2266.5
2023-01-05,2255.5
2023-01-06,2295.5
2023-01-09,2438.5
2023-01-10,2463.5
2023-01-11,2510.0
2023-01-12,2548.5
2023-01-13,2595.0
2023-01-16,2621.0
2023-01-17,2618.5
2023-01-18,2638.0
2023-01-19,2587.5
2023-01-20,2610.5
2023-01-23,2636.5
2023-01-24,2650.5
2023-01-25,2658.5
2023-01-26,2639.0
2023-01-27,2627.0
2023-01-30,2589.5
2023-01-31,2644.0
2023-02-01,2631.5
2023-02-02,2617.0
2023-02-03,2569.5
2023-02-06,2533.5
2023-02-07,2524.5
2023-02-08,2481.0
2023-02-09,2499.0
2023-02-10,2440.5
2023-02-13,2412.5
2023-02-14,2408.0
2023-02-15,2384.5
2023-02-16,2394.0
2023-02-17,2387.5
2023-02-20,2457.5
2023-02-21,2467.5
2023-02-22,2418.0
2023-02-23,2396.0
2023-02-24,2335.5
2023-02-27,2363.0
2023-02-28,2373.0
2023-03-01,2431.5
2023-03-02,2399.5
2023-03-03,2405.0
2023-03-06,2382.0
2023-03-07,2350.0
2023-03-08,2354.0
2023-03-09,2328.0
2023-03-10,2313.0
2023-03-13,2333.5
2023-03-14,2352.5
2023-03-15,2277.0
2023-03-16,2267.5
2023-03-17,2274.0
2023-03-20,2274.5
2023-03-21,2266.5
2023-03-22,2286.5
2023-03-23,2326.0
2023-03-24,2337.0
2023-03-27,2363.5
2023-03-28,2389.0
2023-03-29,2380.0
2023-03-30,2386.0
2023-03-31,2413.0
2023-04-03,2397.5
2023-04-04,2370.5
2023-04-05,2333.5
2023-04-06,2333.5
2023-04-11,2302.5
2023-04-12,2325.0
2023-04-13,2367.0
2023-04-14,2385.5
2023-04-17,2378.5
2023-04-18,2437.0
2023-04-19,2445.0
2023-04-20,2421.0
2023-04-21,2396.5
2023-04-24,2381.0
2023-04-25,2335.5
2023-04-26,2327.0
2023-04-27,2319.0
2023-04-28,2356.0
2023-05-02,2366.5
2023-05-03,2321.0
2023-05-04,2287.0
2023-05-05,2318.5
2023-05-09,2320.0
2023-05-10,2268.0
2023-05-11,2211.0
2023-05-12,2231.5
2023-05-15,2259.5
2023-05-16,2259.5
2023-05-17,2296.5
2023-05-18,2283.5
2023-05-19,2283.5
2023-05-22,2263.5
2023-05-23,2227.0
2023-05-24,2205.0
2023-05-25,2231.0
2023-05-26,2237.5
2023-05-30,2224.0
2023-05-31,2246.0
2023-06-01,2282.5
2023-06-02,2263.5
2023-06-05,2244.0
2023-06-06,2210.0
2023-06-07,2219.0
2023-06-08,2254.5
2023-06-09,2268.0
2023-06-12,2228.0
2023-06-13,2232.0
2023-06-14,2253.5
2023-06-15,2249.5
2023-06-16,2271.0
2023-06-19,2241.0
2023-06-20,2230.0
2023-06-21,2223.0
2023-06-22,2201.0
2023-06-23,2174.5
2023-06-26,2148.5
2023-06-27,2195.0
2023-06-28,2173.5
2023-06-29,2160.0
2023-06-30,2151.5
2023-07-03,2157.5
2023-07-04,2167.5
2023-07-05,2142.5
2023-07-06,2129.0
2023-07-07,2145.5
2023-07-10,2147.0
2023-07-11,2168.5
2023-07-12,2236.0
2023-07-13,2278.0
2023-07-14,2276.5
2023-07-17,2255.0
2023-07-18,2203.5
2023-07-19,2190.5
2023-07-20,2201.0
2023-07-21,2204.5
2023-07-24,2209.0
2023-07-25,2240.0
2023-07-26,2213.0
2023-07-27,2205.0
2023-07-28,2222.0
2023-07-31,2282.5
2023-08-01,2255.5
2023-08-02,2209.0
2023-08-03,2230.0
2023-08-04,2232.5
2023-08-07,2230.0
2023-08-08,2200.5
2023-08-09,2195.0
2023-08-10,2204.0
2023-08-11,2175.5
2023-08-14,2146.0
2023-08-15,2142.5
2023-08-16,2143.0
2023-08-17,2145.5
2023-08-18,2137.0
2023-08-21,2144.0
2023-08-22,2177.0
2023-08-23,2179.5
2023-08-24,2157.5
2023-08-25,2150.5
2023-08-29,2168.5
2023-08-30,2201.5
2023-08-31,2208.0
2023-09-01,2237.0
2023-09-04,2212.5
2023-09-05,2193.0
2023-09-06,2193.5
2023-09-07,2196.0
2023-09-08,2183.5
2023-09-11,2205.5
2023-09-12,2196.5
2023-09-13,2217.5
2023-09-14,2224.5
2023-09-15,2190.0
2023-09-18,2220.0
2023-09-19,2215.5
2023-09-20,2256.0
2023-09-21,2212.0
2023-09-22,2240.5
2023-09-25,2233.5
2023-09-26,2243.5
2023-09-27,2238.0
2023-09-28,2277.5
2023-09-29,2347.0
2023-10-02,2321.0
2023-10-03,2290.0
2023-10-04,2246.5
2023-10-05,2232.0
2023-10-06,2239.5
2023-10-09,2241.5
2023-10-10,2212.5
2023-10-11,2214.0
2023-10-12,2200.0
2023-10-13,2199.5
2023-10-16,2180.5
2023-10-17,2177.0
2023-10-18,2182.0
2023-10-19,2185.0
2023-10-20,2181.5
2023-10-23,2176.0
2023-10-24,2191.0
2023-10-25,2219.0
2023-10-26,2197.5
2023-10-27,2220.0
2023-10-30,2266.5
2023-10-31,2251.5
2023-11-01,2236.5
2023-11-02,2227.5
2023-11-03,2254.0
2023-11-06,2287.5
2023-11-07,2265.0
2023-11-08,2263.5
2023-11-09,2242.5
2023-11-10,2215.0
2023-11-13,2223.5
2023-11-14,2231.0
2023-11-15,2232.5
2023-11-16,2215.5
2023-11-17,2207.0
2023-11-20,2245.5
2023-11-21,2258.5
2023-11-22,2218.5
2023-11-23,2224.5
2023-11-24,2216.0
2023-11-27,2210.5
2023-11-28,2217.0
2023-11-29,2214.0
2023-11-30,2193.0
2023-12-01,2209.0
2023-12-04,2182.0
2023-12-05,2160.0
2023-12-06,2148.5
2023-12-07,2132.5
2023-12-08,2134.0
2023-12-11,2117.0
2023-12-12,2121.0
2023-12-13,2140.0
2023-12-14,2210.0
2023-12-15,2247.5
2023-12-18,2283.0
2023-12-19,2262.5
2023-12-20,2241.0
2023-12-21,2244.0
2023-12-22,2326.0
2023-12-27,2387.0
2023-12-28,2378.0
2023-12-29,2384.0
2024-01-02,2335.5
2024-01-03,2312.5
2024-01-04,2281.0
2024-01-05,2273.5
2024-01-08,2236.5
2024-01-09,2249.5
2024-01-10,2232.5
2024-01-11,2235.0
2024-01-12,2219.5
2024-01-15,2204.5
2024-01-16,2214.0
2024-01-17,2178.0
2024-01-18,2163.5
2024-01-19,2166.0
2024-01-22,2159.0
2024-01-23,2228.0
2024-01-24,2229.5
2024-01-25,2238.5
2024-01-26,2274.5
2024-01-29,2264.5
2024-01-30,2274.5
2024-01-31,2280.0
2024-02-01,2247.0
2024-02-02,2233.5
2024-02-05,2212.5
2024-02-06,2230.5
2024-02-07,2222.0
2024-02-08,2221.5
2024-02-09,2216.0
2024-02-12,2227.0
2024-02-13,2225.5
2024-02-14,2235.5
2024-02-15,2224.5
2024-02-16,2218.0
2024-02-19,2197.0
2024-02-20,2193.5
2024-02-21,2219.5
2024-02-22,2198.0
2024-02-23,2180.0
2024-02-26,2180.0
2024-02-27,2191.5
2024-02-28,2190.5
2024-02-29,2228.0
2024-03-01,2245.0
2024-03-04,2234.0
2024-03-05,2228.5
2024-03-06,2235.0
2024-03-07,2253.0
2024-03-08,2240.0
2024-03-11,2259.0
2024-03-12,2265.0
2024-03-13,2264.0
2024-03-14,2251.5
2024-03-15,2274.5
2024-03-18,2277.5
2024-03-19,2269.0
2024-03-20,2273.0
2024-03-21,2301.5
2024-03-22,2309.0
2024-03-25,2326.0
2024-03-26,2303.5
2024-03-27,2298.5
2024-03-28,2337.0
2024-04-02,2380.0
2024-04-03,2429.0
2024-04-04,2444.5
2024-04-05,2450.5
2024-04-08,2460.5
2024-04-09,2460.0
2024-04-10,2456.0
2024-04-11,2454.0
2024-04-12,2494.0
2024-04-15,2555.0
2024-04-16,2561.5
2024-04-17,2587.0
2024-04-18,2614.5
2024-04-19,2669.0
2024-04-22,2670.5
2024-04-23,2579.0
2024-04-24,2603.0
2024-04-25,2563.5
2024-04-26,2569.5
2024-04-29,2590.0
2024-04-30,2591.5
2024-05-01,2577.5
2024-05-02,2528.0
2024-05-03,2551.5
2024-05-07,2569.5
2024-05-08,2549.0
2024-05-09,2561.5
2024-05-10,2529.5
2024-05-13,2542.0
2024-05-14,2551.0
2024-05-15,2598.5
2024-05-16,2586.5
2024-05-17,2612.0
2024-05-20,2630.0
2024-05-21,2725.5
2024-05-22,2636.5
2024-05-23,2621.5
2024-05-24,2662.0
2024-05-28,2729.5
2024-05-29,2767.5
2024-05-30,2703.5
2024-05-31,2652.5
2024-06-03,2661.5
2024-06-04,2663.5
2024-06-05,2622.0
2024-06-06,2647.5
2024-06-07,2578.0
2024-06-10,2572.0
2024-06-11,2533.5
2024-06-12,2575.5
2024-06-13,2557.0
2024-06-14,2517.5
2024-06-17,2501.5
2024-06-18,2486.5
2024-06-19,2499.0
2024-06-20,2521.5
2024-06-21,2513.5
2024-06-24,2503.0
2024-06-25,2496.0
2024-06-26,2512.0
2024-06-27,2492.5
2024-06-28,2524.5
2024-07-01,2515.5
2024-07-02,2522.5
2024-07-03,2548.0
2024-07-04,2522.5
2024-07-05,2535.5
2024-07-08,2531.5
2024-07-09,2496.5
2024-07-10,2483.5
2024-07-11,2476.5
2024-07-12,2481.0
2024-07-15,2461.5
2024-07-16,2406.0
2024-07-17,2402.0
2024-07-18,2385.0
2024-07-19,2351.5
2024-07-22,2299.5
2024-07-23,2295.0
2024-07-24,2300.5
2024-07-25,2270.5
2024-07-26,2289.0
2024-07-29,2250.5
2024-07-30,2224.5
2024-07-31,2290.5
2024-08-01,2296.0
2024-08-02,2263.5
2024-08-05,2250.0
2024-08-06,2296.0
2024-08-07,2288.0
2024-08-08,2274.0
2024-08-09,2301.5
2024-08-12,2305.5
2024-08-13,2332.0
2024-08-14,2335.5
2024-08-15,2363.5
2024-08-16,2365.5
2024-08-19,2445.5
2024-08-20,2502.0
2024-08-21,2487.0
2024-08-22,2480.0
2024-08-23,2542.0
2024-08-27,2549.5
2024-08-28,2496.0
2024-08-29,2457.5
2024-08-30,2447.0
2024-09-02,2424.0
2024-09-03,2407.5
2024-09-04,2396.5
2024-09-05,2378.5
2024-09-06,2342.0
2024-09-09,2350.5
2024-09-10,2336.5
2024-09-11,2370.5
2024-09-12,2415.5
2024-09-13,2471.0
2024-09-16,2528.5
2024-09-17,2524.0
2024-09-18,2536.5
2024-09-19,2539.5
2024-09-20,2485.0
2024-09-23,2494.5
2024-09-24,2556.0
2024-09-25,2538.5
2024-09-26,2611.5
2024-09-27,2646.5
2024-09-30,2611.5
2024-10-01,2648.0
2024-10-02,2678.5
2024-10-03,2629.0
2024-10-04,2653.0
2024-10-07,2658.0
2024-10-08,2571.0
2024-10-09,2541.0
2024-10-10,2586.0
2024-10-11,2632.5
2024-10-14,2594.0
2024-10-15,2570.5
2024-10-16,2584.0
2024-10-17,2553.5
2024-10-18,2612.0
2024-10-21,2595.5
2024-10-22,2633.5
2024-10-23,2669.5
2024-10-24,2650.0
2024-10-25,2677.5
2024-10-28,2645.5
2024-10-29,2659.0
2024-10-30,2616.0
2024-10-31,2617.5
2024-11-01,2600.0
2024-11-04,2620.0
2024-11-05,2660.0
2024-11-06,2615.5
2024-11-07,2694.5
2024-11-08,2620.5
2024-11-11,2586.5
2024-11-12,2563.0
2024-11-13,2530.5
2024-11-14,2516.5
2024-11-15,2649.5
2024-11-18,2607.5
2024-11-19,2644.5
2024-11-20,2644.0
2024-11-21,2631.5
2024-11-22,2624.0
2024-11-25,2652.0
2024-11-26,2612.5
2024-11-27,2595.5
2024-11-28,2599.0
2024-11-29,2594.0
2024-12-02,2590.0
2024-12-03,2609.5
2024-12-04,2646.5
2024-12-05,2639.0
2024-12-06,2603.5
2024-12-09,2588.0
2024-12-10,2608.5
2024-12-11,2601.0
2024-12-12,2599.5
2024-12-13,2605.0
2024-12-16,2566.5
2024-12-17,2542.5
2024-12-18,2528.5
2024-12-19,2507.0
2024-12-20,2534.5
2024-12-23,2527.0
2024-12-24,2565.0
2024-12-27,2558.0
2024-12-30,2551.0
2024-12-31,2551.5
2025-01-02,2529.0
2025-01-03,2493.5
2025-01-06,2490.0
2025-01-07,2517.5
2025-01-08,2498.5
2025-01-09,2539.0
2025-01-10,2571.5
2025-01-13,2578.5
2025-01-14,2560.0
2025-01-15,2601.5
2025-01-16,2636.5
2025-01-17,2684.5
2025-01-20,2691.5
2025-01-21,2646.0
2025-01-22,2634.0
2025-01-23,2623.5
2025-01-24,2641.0
2025-01-27,2602.5
2025-01-28,2572.5
2025-01-29,2619.5
2025-01-30,2626.5
2025-01-31,2594.0
2025-02-03,2623.0
2025-02-04,2637.5
2025-02-05,2616.0
2025-02-06,2619.0
2025-02-07,2628.0
2025-02-10,2658.5
2025-02-11,2644.0
2025-02-12,2621.0
2025-02-13,2603.5
2025-02-14,2637.5
2025-02-17,2645.0
2025-02-18,2668.5
2025-02-19,2687.0
2025-02-20,2727.5
2025-02-21,2688.0
2025-02-24,2655.5
2025-02-25,2638.5
2025-02-26,2632.5
2025-02-27,2632.5
2025-02-28,2605.5
2025-03-03,2611.0
2025-03-04,2616.5
2025-03-05,2658.5
2025-03-06,2697.0
2025-03-07,2705.5
2025-03-10,2694.0
2025-03-11,2703.0
2025-03-12,2702.5
2025-03-13,2703.0
2025-03-14,2681.5
2025-03-17,2687.0
2025-03-18,2654.5
2025-03-19,2671.0
2025-03-20,2659.5
2025-03-21,2622.5
2025-03-24,2615.5
2025-03-25,2609.5
2025-03-26,2607.0
2025-03-27,2562.5
2025-03-28,2547.5
2025-03-31,2533.0
2025-04-01,2507.0
2025-04-02,2490.5
2025-04-03,2448.0
2025-04-04,2378.5
2025-04-07,2370.5
2025-04-08,2349.0
2025-04-09,2316.0
2025-04-10,2370.0
2025-04-11,2396.5
2025-04-14,2374.0
2025-04-15,2375.0
2025-04-16,2382.0
2025-04-17,2365.5
2025-04-22,2380.0
2025-04-23,2432.0
2025-04-24,2449.0
2025-04-25,2428.0
2025-04-28,2434.0
2025-04-29,2465.5
2025-04-30,2399.5
2025-05-01,2416.0
2025-05-02,2431.5
2025-05-06,2427.0
2025-05-07,2382.5
2025-05-08,2412.5
2025-05-09,2417.5
2025-05-12,2480.0
2025-05-13,2490.0
2025-05-14,2528.5
2025-05-15,2489.0
2025-05-16,2481.5
2025-05-19,2450.0
2025-05-20,2471.5
2025-05-21,2471.5
2025-05-22,2456.0
2025-05-23,2463.5
2025-05-27,2485.0
2025-05-28,2468.5
2025-05-29,2450.5
2025-05-30,2444.0
2025-06-02,2466.0
2025-06-03,2463.5
2025-06-04,2483.0
2025-06-05,2478.0
2025-06-06,2450.5
2025-06-09,2479.0
2025-06-10,2492.5
2025-06-11,2515.5
2025-06-12,2517.5
2025-06-13,2503.0
2025-06-16,2513.5
2025-06-17,2550.5
2025-06-18,2547.0
2025-06-19,2521.5
2025-06-20,2549.5
2025-06-23,2588.5
2025-06-24,2579.0
2025-06-25,2563.5
2025-06-26,2583.5
2025-06-27,2595.0
2025-06-30,2597.5
2025-07-01,2598.5
2025-07-02,2620.0
2025-07-03,2605.0
2025-07-04,2590.0
2025-07-07,2573.5
2025-07-08,2586.0
2025-07-09,2596.5
2025-07-10,2607.5
2025-07-11,2603.0
2025-07-14,2592.0
2025-07-15,2580.5
2025-07-16,2577.5
2025-07-17,2578.0
2025-07-18,2629.5
2025-07-21,2646.5
2025-07-22,2658.5
2025-07-23,2651.0
2025-07-24,2647.0
2025-07-25,2635.5
2025-07-28,2631.5
2025-07-29,2605.5
2025-07-30,2601.0
2025-07-31,2565.0
2025-08-01,2566.0
2025-08-04,2553.0
2025-08-05,2562.5
2025-08-06,2609.0
2025-08-07,2610.0
2025-08-08,2609.0
2025-08-11,2588.0
2025-08-12,2619.5
2025-08-13,2616.0
2025-08-14,2619.5
2025-08-15,2607.0
2025-08-18,2588.5
2025-08-19,2563.5
2025-08-20,2576.5
2025-08-21,2585.0
2025-08-22,2624.5
2025-08-26,2638.0
2025-08-27,2602.5
2025-08-28,2605.0
2025-08-29,2615.5
2025-09-01,2611.0
2025-09-02,2619.0
2025-09-03,2619.0
2025-09-04,2591.5
2025-09-05,2600.5
2025-09-08,2617.5
2025-09-09,2622.5
2025-09-10,2625.0
2025-09-11,2673.5
2025-09-12,2689.5
2025-09-15,2700.5
2025-09-16,2717.0
2025-09-17,2683.0
2025-09-18,2684.5
2025-09-19,2671.5
2025-09-22,2645.0
2025-09-23,2638.0
2025-09-24,2651.5
2025-09-25,2658.5
2025-09-26,2655.5
2025-09-29,2679.0
2025-09-30,2680.5
2025-10-01,2688.5
2025-10-02,2692.5
2025-10-03,2709.5
2025-10-06,2725.0
2025-10-07,2741.5
2025-10-08,2753.5
2025-10-09,2798.5
2025-10-10,2748.0
2025-10-13,2763.0
2025-10-14,2737.5
2025-10-15,2746.0
2025-10-16,2788.5
2025-10-17,2777.5
2025-10-20,2776.5
2025-10-21,2781.0
2025-10-22,2807.0
2025-10-23,2862.5
2025-10-24,2859.0
2025-10-27,2874.5
2025-10-28,2889.0
2025-10-29,2887.0
2025-10-30,2863.5
2025-10-31,2884.0
2025-11-03,2902.0
2025-11-04,2859.0
2025-11-05,2850.0
2025-11-06,2844.5
2025-11-07,2848.0
2025-11-10,2869.5
2025-11-11,2874.5
2025-11-12,2894.5
2025-11-13,2896.5
2025-11-14,2858.5
2025-11-17,2813.5
2025-11-18,2780.0
2025-11-19,2801.0
2025-11-20,2814.0
2025-11-21,2786.0
2025-11-24,2812.0
2025-11-25,2800.5
2025-11-26,2861.0
2025-11-27,2828.5
2025-11-28,2868.0
2025-12-01,2893.0
2025-12-02,2865.5
2025-12-03,2897.0
2025-12-04,2904.0
2025-12-05,2897.5
2025-12-08,2888.0
2025-12-09,2856.5
2025-12-10,2867.0
2025-12-11,2900.0
2025-12-12,2868.5
2025-12-15,2866.0
2025-12-16,2876.5
2025-12-17,2905.5
2025-12-18,2916.0
2025-12-19,2945.0
2025-12-22,2941.5
2025-12-23,2939.0
2025-12-24,2960.5
2025-12-29,2952.0
2025-12-30,2980.0
2025-12-31,2995.5
2026-01-02,3015.5
2026-01-05,3085.5
2026-01-06,3129.0
2026-01-07,3088.5
2026-01-08,3091.0
2026-01-09,3136.0
2026-01-12,3184.5
2026-01-13,3197.5
2026-01-14,3186.0
2026-01-15,3167.5
2026-01-16,3134.0
2026-01-19,3158.5
2026-01-20,3107.5
2026-01-21,3115.0
2026-01-22,3132.5
2026-01-23,3169.0
2026-01-26,3188.5
2026-01-27,3207.0
2026-01-28,3257.0
2026-01-29,3218.5
2026-01-30,3144.0
2026-02-02,3056.0
2026-02-03,3106.5
2026-02-04,3069.5
2026-02-05,3027.0
2026-02-06,3085.0
2026-02-09,3125.5
2026-02-10,3093.0
2026-02-11,3103.0
2026-02-12,3100.0
2026-02-13,3077.5
2026-02-16,3052.5
2026-02-17,3035.0
2026-02-18,3089.0
2026-02-19,3067.5
2026-02-20,3102.5
2026-02-23,3089.5
2026-02-24,3093.5
2026-02-25,3170.5
2026-02-26,3157.5
2026-02-27,3140.0
2026-03-02,3194.5
2026-03-03,3251.0
2026-03-04,3342.5
2026-03-05,3296.0
2026-03-06,3446.0
2026-03-09,3385.5
2026-03-10,3406.0
2026-03-11,3457.0
2026-03-12,3516.5
2026-03-13,3439.5
2026-03-16,3395.5
2026-03-17,3399.5
2026-03-18,3400.0
2026-03-19,3252.0
2026-03-20,3215.0
2026-03-23,3199.0
2026-03-24,3260.5
2026-03-25,3242.5
2026-03-26,3269.5
2026-03-27,3296.0
2026-03-30,3401.0
2026-03-31,3467.0
2026-04-01,3531.5
2026-04-02,3469.5
2026-04-07,3476.0
2026-04-08,3455.0
2026-04-09,3444.0
2026-04-10,3498.5
2026-04-13,3607.5
2026-04-14,3563.0
2026-04-15,3621.5
2026-04-16,3643.5
2026-04-17,3564.5
2026-04-20,3557.5
2026-04-21,3557.0
2026-04-22,3613.5
2026-04-23,3620.0
2026-04-24,3591.0
2026-04-27,3578.0
2026-04-28,3538.5
2026-04-29,3488.5
2026-04-30,3474.0
2026-05-01,3522.0
2026-05-05,3589.5
2026-05-06,3522.5
2026-05-07,3493.0
2026-05-08,3503.0
2026-05-11,3579.5
2026-05-12,3562.0
2026-05-13,3652.5
2026-05-14,3657.5
2026-05-15,3563.0
2026-05-18,3569.0
2026-05-19,3602.5
2026-05-20,3622.5
2026-05-21,3637.0
2026-05-22,3649.5
2026-05-26,3672.5
2026-05-27,3636.0
2026-05-28,3659.5
2026-05-29,3666.5
2026-06-01,3716.0
2026-06-02,3752.5
2026-06-03,3703.5
2026-06-04,3666.0
2026-06-05,3592.0
2026-06-08,3604.0
2026-06-09,3547.5
2026-06-10,3466.0
2026-06-11,3502.0
2026-06-12,3535.0
2026-06-15,3379.5
2026-06-16,3388.5
2026-06-17,3410.5
2026-06-18,3386.5
2026-06-19,3396.5
2026-06-22,3364.0
2026-06-23,3232.5
2026-06-24,3122.5
2026-06-25,3164.5
2026-06-26,3179.5
