date,lme_close
2014-06-02,6932.5
2014-06-03,6868.0
2014-06-04,6785.0
2014-06-05,6780.0
2014-06-06,6688.0
2014-06-09,6670.0
2014-06-10,6675.0
2014-06-11,6690.0
2014-06-12,6620.0
2014-06-13,6655.0
2014-06-16,6691.0
2014-06-17,6705.0
2014-06-18,6710.0
2014-06-19,6725.0
2014-06-20,6820.0
2014-06-23,6885.0
2014-06-24,6885.0
2014-06-25,6915.0
2014-06-26,6955.0
2014-06-27,6945.0
2014-06-30,7015.0
2014-07-01,7020.0
2014-07-02,7125.0
2014-07-03,7175.0
2014-07-04,7150.0
2014-07-07,7125.0
2014-07-08,7130.0
2014-07-09,7125.0
2014-07-10,7162.0
2014-07-11,7156.0
2014-07-14,7122.5
2014-07-15,7130.0
2014-07-16,7078.0
2014-07-17,7067.5
2014-07-18,6985.0
2014-07-21,7025.0
2014-07-22,7040.0
2014-07-23,7045.0
2014-07-24,7169.5
2014-07-25,7125.0
2014-07-28,7120.0
2014-07-29,7082.0
2014-07-30,7125.0
2014-07-31,7115.0
2014-08-01,7074.5
2014-08-04,7130.0
2014-08-05,7055.0
2014-08-06,6970.0
2014-08-07,6999.0
2014-08-08,6995.0
2014-08-11,6995.0
2014-08-12,6965.0
2014-08-13,6885.0
2014-08-14,6825.0
2014-08-15,6870.0
2014-08-18,6905.0
2014-08-19,6867.5
2014-08-20,7010.0
2014-08-21,7015.0
2014-08-22,7076.0
2014-08-26,7054.0
2014-08-27,7030.0
2014-08-28,6934.0
2014-08-29,6982.0
2014-09-01,6942.0
2014-09-02,6968.0
2014-09-03,6904.0
2014-09-04,6930.0
2014-09-05,6975.0
2014-09-08,6990.0
2014-09-09,6840.0
2014-09-10,6870.0
2014-09-11,6835.0
2014-09-12,6838.0
2014-09-15,6820.0
2014-09-16,6901.0
2014-09-17,6931.0
2014-09-18,6842.5
2014-09-19,6835.0
2014-09-22,6720.5
2014-09-23,6720.0
2014-09-24,6742.0
2014-09-25,6695.0
2014-09-26,6718.0
2014-09-29,6742.0
2014-09-30,6667.0
2014-10-01,6680.0
2014-10-02,6601.0
2014-10-03,6642.0
2014-10-06,6710.0
2014-10-07,6670.0
2014-10-08,6637.5
2014-10-09,6702.0
2014-10-10,6645.0
2014-10-13,6710.0
2014-10-14,6800.0
2014-10-15,6641.0
2014-10-16,6552.0
2014-10-17,6639.0
2014-10-20,6560.0
2014-10-21,6669.0
2014-10-22,6630.0
2014-10-23,6694.0
2014-10-24,6690.0
2014-10-27,6730.0
2014-10-28,6795.0
2014-10-29,6815.0
2014-10-30,6740.0
2014-10-31,6695.0
2014-11-03,6720.0
2014-11-04,6648.0
2014-11-05,6638.0
2014-11-06,6660.0
2014-11-07,6715.0
2014-11-10,6665.0
2014-11-11,6692.0
2014-11-12,6680.0
2014-11-13,6657.0
2014-11-14,6705.0
2014-11-17,6704.0
2014-11-18,6631.0
2014-11-19,6685.0
2014-11-20,6665.0
2014-11-21,6725.0
2014-11-24,6675.0
2014-11-25,6606.0
2014-11-26,6571.0
2014-11-27,6557.5
2014-11-28,6351.0
2014-12-01,6449.0
2014-12-02,6414.0
2014-12-03,6380.0
2014-12-04,6470.0
2014-12-05,6451.0
2014-12-08,6405.0
2014-12-09,6480.0
2014-12-10,6415.0
2014-12-11,6462.5
2014-12-12,6490.0
2014-12-15,6400.0
2014-12-16,6365.0
2014-12-17,6368.0
2014-12-18,6315.0
2014-12-19,6400.0
2014-12-22,6355.0
2014-12-23,6330.0
2014-12-24,6302.0
2014-12-29,6290.0
2014-12-30,6325.0
2014-12-31,6300.0
2015-01-02,6255.0
2015-01-05,6145.0
2015-01-06,6145.0
2015-01-07,6115.0
2015-01-08,6104.0
2015-01-09,6090.0
2015-01-12,6017.0
2015-01-13,5860.0
2015-01-14,5548.0
2015-01-15,5630.0
2015-01-16,5715.0
2015-01-19,5672.0
2015-01-20,5690.0
2015-01-21,5771.0
2015-01-22,5665.0
2015-01-23,5519.5
2015-01-26,5580.0
2015-01-27,5421.0
2015-01-28,5484.0
2015-01-29,5395.0
2015-01-30,5495.0
2015-02-02,5500.0
2015-02-03,5690.0
2015-02-04,5705.0
2015-02-05,5720.0
2015-02-06,5650.0
2015-02-09,5673.0
2015-02-10,5595.0
2015-02-11,5600.0
2015-02-12,5740.0
2015-02-13,5735.0
2015-02-16,5749.0
2015-02-17,5649.5
2015-02-18,5745.0
2015-02-19,5750.0
2015-02-20,5693.0
2015-02-23,5672.0
2015-02-24,5785.0
2015-02-25,5775.0
2015-02-26,5888.0
2015-02-27,5895.0
2015-03-02,5905.5
2015-03-03,5822.0
2015-03-04,5840.0
2015-03-05,5835.0
2015-03-06,5745.0
2015-03-09,5872.0
2015-03-10,5765.0
2015-03-11,5730.0
2015-03-12,5844.0
2015-03-13,5858.5
2015-03-16,5847.5
2015-03-17,5785.0
2015-03-18,5670.0
2015-03-19,5853.0
2015-03-20,6045.0
2015-03-23,6120.0
2015-03-24,6145.0
2015-03-25,6125.0
2015-03-26,6174.0
2015-03-27,6055.0
2015-03-30,6082.0
2015-03-31,6041.0
2015-04-01,6045.0
2015-04-02,5980.0
2015-04-07,6065.0
2015-04-08,6010.0
2015-04-09,5995.0
2015-04-10,6039.0
2015-04-13,5990.0
2015-04-14,5945.0
2015-04-15,5955.0
2015-04-16,6060.0
2015-04-17,6060.0
2015-04-20,5980.0
2015-04-21,5945.0
2015-04-22,5911.0
2015-04-23,5940.0
2015-04-24,6030.0
2015-04-27,6065.0
2015-04-28,6118.0
2015-04-29,6145.0
2015-04-30,6335.0
2015-05-01,6400.0
2015-05-05,6480.0
2015-05-06,6390.0
2015-05-07,6400.0
2015-05-08,6387.5
2015-05-11,6365.0
2015-05-12,6440.0
2015-05-13,6405.0
2015-05-14,6401.0
2015-05-15,6415.0
2015-05-18,6380.0
2015-05-19,6220.0
2015-05-20,6220.0
2015-05-21,6252.0
2015-05-22,6161.5
2015-05-26,6106.5
2015-05-27,6080.5
2015-05-28,6095.0
2015-05-29,6015.0
2015-06-01,6024.0
2015-06-02,6040.0
2015-06-03,6011.0
2015-06-04,5915.0
2015-06-05,5937.0
2015-06-08,5948.0
2015-06-09,5965.0
2015-06-10,6030.0
2015-06-11,5880.0
2015-06-12,5912.0
2015-06-15,5815.0
2015-06-16,5750.0
2015-06-17,5745.0
2015-06-18,5755.0
2015-06-19,5659.0
2015-06-22,5654.0
2015-06-23,5780.0
2015-06-24,5739.0
2015-06-25,5770.0
2015-06-26,5755.0
2015-06-29,5790.0
2015-06-30,5765.0
2015-07-01,5775.0
2015-07-02,5795.0
2015-07-03,5759.0
2015-07-06,5590.0
2015-07-07,5339.5
2015-07-08,5520.0
2015-07-09,5630.0
2015-07-10,5590.0
2015-07-13,5591.0
2015-07-14,5565.0
2015-07-15,5531.0
2015-07-16,5560.0
2015-07-17,5480.0
2015-07-20,5480.0
2015-07-21,5455.0
2015-07-22,5361.0
2015-07-23,5272.5
2015-07-24,5263.0
2015-07-27,5188.0
2015-07-28,5297.5
2015-07-29,5328.0
2015-07-30,5260.0
2015-07-31,5230.0
2015-08-03,5220.0
2015-08-04,5235.0
2015-08-05,5178.0
2015-08-06,5185.0
2015-08-07,5173.0
2015-08-10,5309.0
2015-08-11,5125.0
2015-08-12,5189.5
2015-08-13,5185.0
2015-08-14,5165.0
2015-08-17,5115.0
2015-08-18,5035.0
2015-08-19,4995.0
2015-08-20,5119.0
2015-08-21,5055.0
2015-08-24,4951.0
2015-08-25,5065.0
2015-08-26,4935.0
2015-08-27,5140.0
2015-08-28,5135.0
2015-09-01,5069.0
2015-09-02,5120.0
2015-09-03,5246.0
2015-09-04,5120.0
2015-09-07,5148.0
2015-09-08,5345.0
2015-09-09,5365.0
2015-09-10,5398.0
2015-09-11,5370.0
2015-09-14,5309.0
2015-09-15,5347.0
2015-09-16,5379.0
2015-09-17,5390.0
2015-09-18,5254.0
2015-09-21,5269.0
2015-09-22,5078.0
2015-09-23,5057.0
2015-09-24,5051.0
2015-09-25,5023.0
2015-09-28,4965.0
2015-09-29,4970.0
2015-09-30,5160.0
2015-10-01,5095.0
2015-10-02,5100.0
2015-10-05,5177.0
2015-10-06,5185.0
2015-10-07,5187.0
2015-10-08,5135.0
2015-10-09,5295.0
2015-10-12,5315.0
2015-10-13,5273.0
2015-10-14,5299.0
2015-10-15,5308.0
2015-10-16,5285.0
2015-10-19,5206.0
2015-10-20,5201.0
2015-10-21,5175.0
2015-10-22,5232.5
2015-10-23,5176.0
2015-10-26,5191.0
2015-10-27,5220.0
2015-10-28,5204.0
2015-10-29,5130.0
2015-10-30,5112.0
2015-11-02,5125.0
2015-11-03,5125.0
2015-11-04,5134.0
2015-11-05,5011.0
2015-11-06,4987.0
2015-11-09,4964.0
2015-11-10,4925.5
2015-11-11,4943.0
2015-11-12,4823.5
2015-11-13,4825.0
2015-11-16,4690.0
2015-11-17,4684.0
2015-11-18,4611.0
2015-11-19,4630.5
2015-11-20,4580.0
2015-11-23,4490.0
2015-11-24,4608.0
2015-11-25,4549.0
2015-11-26,4636.0
2015-11-27,4573.0
2015-11-30,4586.0
2015-12-01,4632.0
2015-12-02,4563.0
2015-12-03,4556.0
2015-12-04,4612.0
2015-12-07,4557.0
2015-12-08,4588.0
2015-12-09,4580.0
2015-12-10,4590.0
2015-12-11,4703.0
2015-12-14,4672.0
2015-12-15,4565.0
2015-12-16,4609.0
2015-12-17,4545.0
2015-12-18,4685.0
2015-12-21,4738.0
2015-12-22,4665.5
2015-12-23,4720.0
2015-12-24,4692.0
2015-12-29,4729.0
2015-12-30,4735.0
2015-12-31,4705.0
2016-01-04,4609.5
2016-01-05,4645.0
2016-01-06,4620.0
2016-01-07,4524.0
2016-01-08,4485.0
2016-01-11,4387.0
2016-01-12,4352.0
2016-01-13,4392.0
2016-01-14,4415.5
2016-01-15,4331.0
2016-01-18,4377.0
2016-01-19,4408.0
2016-01-20,4359.0
2016-01-21,4430.0
2016-01-22,4443.0
2016-01-25,4417.0
2016-01-26,4539.0
2016-01-27,4590.0
2016-01-28,4530.0
2016-01-29,4561.0
2016-02-01,4560.0
2016-02-02,4549.0
2016-02-03,4635.0
2016-02-04,4687.0
2016-02-05,4630.0
2016-02-08,4610.5
2016-02-09,4509.0
2016-02-10,4444.0
2016-02-11,4445.0
2016-02-12,4500.0
2016-02-15,4562.0
2016-02-16,4557.0
2016-02-17,4589.0
2016-02-18,4575.5
2016-02-19,4621.0
2016-02-22,4694.0
2016-02-23,4645.0
2016-02-24,4642.0
2016-02-25,4601.0
2016-02-26,4706.0
2016-02-29,4695.0
2016-03-01,4716.0
2016-03-02,4790.0
2016-03-03,4855.0
2016-03-04,5027.5
2016-03-07,5000.0
2016-03-08,4868.0
2016-03-09,4935.0
2016-03-10,4890.0
2016-03-11,4970.0
2016-03-14,4946.0
2016-03-15,4949.0
2016-03-16,4935.0
2016-03-17,5069.5
2016-03-18,5042.0
2016-03-21,5064.0
2016-03-22,5065.0
2016-03-23,4949.5
2016-03-24,4945.0
2016-03-29,4890.5
2016-03-30,4873.0
2016-03-31,4847.0
2016-04-01,4835.0
2016-04-04,4760.5
2016-04-05,4775.0
2016-04-06,4786.0
2016-04-07,4650.5
2016-04-08,4650.0
2016-04-11,4663.5
2016-04-12,4766.5
2016-04-13,4830.0
2016-04-14,4831.0
2016-04-15,4807.5
2016-04-18,4827.0
2016-04-19,4936.0
2016-04-20,4981.0
2016-04-21,4997.0
2016-04-22,5031.0
2016-04-25,4998.0
2016-04-26,4962.0
2016-04-27,4903.0
2016-04-28,4942.0
2016-04-29,5050.0
2016-05-03,4920.0
2016-05-04,4867.0
2016-05-05,4785.0
2016-05-06,4810.0
2016-05-09,4686.0
2016-05-10,4680.0
2016-05-11,4708.0
2016-05-12,4613.0
2016-05-13,4627.5
2016-05-16,4645.0
2016-05-17,4657.0
2016-05-18,4612.5
2016-05-19,4580.0
2016-05-20,4578.0
2016-05-23,4562.0
2016-05-24,4601.0
2016-05-25,4654.0
2016-05-26,4661.0
2016-05-27,4695.0
2016-05-31,4671.0
2016-06-01,4617.0
2016-06-02,4597.0
2016-06-03,4688.0
2016-06-06,4688.0
2016-06-07,4567.0
2016-06-08,4578.0
2016-06-09,4515.0
2016-06-10,4510.0
2016-06-13,4557.0
2016-06-14,4510.5
2016-06-15,4639.5
2016-06-16,4535.0
2016-06-17,4552.0
2016-06-20,4644.0
2016-06-21,4670.0
2016-06-22,4701.0
2016-06-23,4780.0
2016-06-24,4698.0
2016-06-27,4710.0
2016-06-28,4818.0
2016-06-29,4838.0
2016-06-30,4845.0
2016-07-01,4911.0
2016-07-04,4893.0
2016-07-05,4817.0
2016-07-06,4750.0
2016-07-07,4687.0
2016-07-08,4710.5
2016-07-11,4749.0
2016-07-12,4869.0
2016-07-13,4938.0
2016-07-14,4941.0
2016-07-15,4918.0
2016-07-18,4939.0
2016-07-19,4984.0
2016-07-20,4966.0
2016-07-21,4976.0
2016-07-22,4920.0
2016-07-25,4899.0
2016-07-26,4930.0
2016-07-27,4850.0
2016-07-28,4896.5
2016-07-29,4925.0
2016-08-01,4882.0
2016-08-02,4892.0
2016-08-03,4875.0
2016-08-04,4831.0
2016-08-05,4789.0
2016-08-08,4810.0
2016-08-09,4779.0
2016-08-10,4821.0
2016-08-11,4848.0
2016-08-12,4761.0
2016-08-15,4767.0
2016-08-16,4811.0
2016-08-17,4774.0
2016-08-18,4809.0
2016-08-19,4798.0
2016-08-22,4748.5
2016-08-23,4710.0
2016-08-24,4632.0
2016-08-25,4626.0
2016-08-26,4615.0
2016-08-30,4607.0
2016-08-31,4617.0
2016-09-01,4630.0
2016-09-02,4627.0
2016-09-05,4626.0
2016-09-06,4620.0
2016-09-07,4650.0
2016-09-08,4664.0
2016-09-09,4633.0
2016-09-12,4648.0
2016-09-13,4650.0
2016-09-14,4771.5
2016-09-15,4781.0
2016-09-16,4788.0
2016-09-19,4776.0
2016-09-20,4793.0
2016-09-21,4763.0
2016-09-22,4853.0
2016-09-23,4855.0
2016-09-26,4841.0
2016-09-27,4787.0
2016-09-28,4818.0
2016-09-29,4841.0
2016-09-30,4865.0
2016-10-03,4819.0
2016-10-04,4805.0
2016-10-05,4799.5
2016-10-06,4756.0
2016-10-07,4778.0
2016-10-10,4848.5
2016-10-11,4812.0
2016-10-12,4814.0
2016-10-13,4712.0
2016-10-14,4675.5
2016-10-17,4675.0
2016-10-18,4681.0
2016-10-19,4671.0
2016-10-20,4652.0
2016-10-21,4635.0
2016-10-24,4638.0
2016-10-25,4735.0
2016-10-26,4740.0
2016-10-27,4790.0
2016-10-28,4843.0
2016-10-31,4853.0
2016-11-01,4920.0
2016-11-02,4920.0
2016-11-03,4960.0
2016-11-04,4991.0
2016-11-07,5098.0
2016-11-08,5235.5
2016-11-09,5413.0
2016-11-10,5601.0
2016-11-11,5549.0
2016-11-14,5559.0
2016-11-15,5525.0
2016-11-16,5433.0
2016-11-17,5495.5
2016-11-18,5423.0
2016-11-21,5559.0
2016-11-22,5613.0
2016-11-23,5740.0
2016-11-24,5868.0
2016-11-25,5879.0
2016-11-28,5881.0
2016-11-29,5705.0
2016-11-30,5825.0
2016-12-01,5791.0
2016-12-02,5760.0
2016-12-05,5950.0
2016-12-06,5884.0
2016-12-07,5785.0
2016-12-08,5782.0
2016-12-09,5826.0
2016-12-12,5768.0
2016-12-13,5690.0
2016-12-14,5722.0
2016-12-15,5732.0
2016-12-16,5635.5
2016-12-19,5496.0
2016-12-20,5502.0
2016-12-21,5515.0
2016-12-22,5518.0
2016-12-23,5469.0
2016-12-28,5545.0
2016-12-29,5487.0
2016-12-30,5535.5
2017-01-03,5500.0
2017-01-04,5644.0
2017-01-05,5580.0
2017-01-06,5590.0
2017-01-09,5591.0
2017-01-10,5758.0
2017-01-11,5714.0
2017-01-12,5842.0
2017-01-13,5909.0
2017-01-16,5865.0
2017-01-17,5754.0
2017-01-18,5769.0
2017-01-19,5739.5
2017-01-20,5748.0
2017-01-23,5795.0
2017-01-24,5943.0
2017-01-25,5942.0
2017-01-26,5857.0
2017-01-27,5899.0
2017-01-30,5820.0
2017-01-31,5991.0
2017-02-01,5945.0
2017-02-02,5886.0
2017-02-03,5772.0
2017-02-06,5846.0
2017-02-07,5795.0
2017-02-08,5895.0
2017-02-09,5822.0
2017-02-10,6090.0
2017-02-13,6106.0
2017-02-14,6021.0
2017-02-15,6067.0
2017-02-16,6000.0
2017-02-17,5960.0
2017-02-20,6070.0
2017-02-21,6060.0
2017-02-22,6040.0
2017-02-23,5859.0
2017-02-24,5928.0
2017-02-27,5934.0
2017-02-28,5973.0
2017-03-01,6016.0
2017-03-02,5930.0
2017-03-03,5917.0
2017-03-06,5858.0
2017-03-07,5773.0
2017-03-08,5765.5
2017-03-09,5690.0
2017-03-10,5732.0
2017-03-13,5796.0
2017-03-14,5820.0
2017-03-15,5864.0
2017-03-16,5909.0
2017-03-17,5935.0
2017-03-20,5880.0
2017-03-21,5776.0
2017-03-22,5808.0
2017-03-23,5825.0
2017-03-24,5804.0
2017-03-27,5760.0
2017-03-28,5873.0
2017-03-29,5907.0
2017-03-30,5956.0
2017-03-31,5837.5
2017-04-03,5753.0
2017-04-04,5779.5
2017-04-05,5895.0
2017-04-06,5858.0
2017-04-07,5834.0
2017-04-10,5747.0
2017-04-11,5767.0
2017-04-12,5628.0
2017-04-13,5692.0
2017-04-18,5572.0
2017-04-19,5556.0
2017-04-20,5623.0
2017-04-21,5623.0
2017-04-24,5655.0
2017-04-25,5706.0
2017-04-26,5715.0
2017-04-27,5692.0
2017-04-28,5735.5
2017-05-02,5802.0
2017-05-03,5600.0
2017-05-04,5543.0
2017-05-05,5585.0
2017-05-08,5486.0
2017-05-09,5512.0
2017-05-10,5500.5
2017-05-11,5543.0
2017-05-12,5559.5
2017-05-15,5613.0
2017-05-16,5611.0
2017-05-17,5610.0
2017-05-18,5580.0
2017-05-19,5682.0
2017-05-22,5703.0
2017-05-23,5714.0
2017-05-24,5682.0
2017-05-25,5724.0
2017-05-26,5657.5
2017-05-30,5656.0
2017-05-31,5682.0
2017-06-01,5699.0
2017-06-02,5665.0
2017-06-05,5628.0
2017-06-06,5616.0
2017-06-07,5621.0
2017-06-08,5729.5
2017-06-09,5804.0
2017-06-12,5772.0
2017-06-13,5717.0
2017-06-14,5699.0
2017-06-15,5661.0
2017-06-16,5663.0
2017-06-19,5724.0
2017-06-20,5657.0
2017-06-21,5742.0
2017-06-22,5742.0
2017-06-23,5800.5
2017-06-26,5794.5
2017-06-27,5858.0
2017-06-28,5881.0
2017-06-29,5940.0
2017-06-30,5937.0
2017-07-03,5928.0
2017-07-04,5892.0
2017-07-05,5841.0
2017-07-06,5851.0
2017-07-07,5828.0
2017-07-10,5824.0
2017-07-11,5875.0
2017-07-12,5905.0
2017-07-13,5876.0
2017-07-14,5926.0
2017-07-17,5996.0
2017-07-18,6007.0
2017-07-19,5966.5
2017-07-20,5958.5
2017-07-21,6004.0
2017-07-24,6027.0
2017-07-25,6225.0
2017-07-26,6329.0
2017-07-27,6330.0
2017-07-28,6325.0
2017-07-31,6369.0
2017-08-01,6345.0
2017-08-02,6352.0
2017-08-03,6352.0
2017-08-04,6372.0
2017-08-07,6414.0
2017-08-08,6480.0
2017-08-09,6455.0
2017-08-10,6423.0
2017-08-11,6411.0
2017-08-14,6397.0
2017-08-15,6379.0
2017-08-16,6532.0
2017-08-17,6490.0
2017-08-18,6486.0
2017-08-21,6586.0
2017-08-22,6580.0
2017-08-23,6565.0
2017-08-24,6696.0
2017-08-25,6666.0
2017-08-29,6791.5
2017-08-30,6769.0
2017-08-31,6788.0
2017-09-01,6835.0
2017-09-04,6917.0
2017-09-05,6900.0
2017-09-06,6901.0
2017-09-07,6898.5
2017-09-08,6693.0
2017-09-11,6748.0
2017-09-12,6668.0
2017-09-13,6553.0
2017-09-14,6498.0
2017-09-15,6507.0
2017-09-18,6527.0
2017-09-19,6539.0
2017-09-20,6526.0
2017-09-21,6456.0
2017-09-22,6457.0
2017-09-25,6450.0
2017-09-26,6413.0
2017-09-27,6437.0
2017-09-28,6522.0
2017-09-29,6481.0
2017-10-02,6493.0
2017-10-03,6520.0
2017-10-04,6521.0
2017-10-05,6700.0
2017-10-06,6666.5
2017-10-09,6666.0
2017-10-10,6760.0
2017-10-11,6800.0
2017-10-12,6887.0
2017-10-13,6882.0
2017-10-16,7134.5
2017-10-17,7027.0
2017-10-18,6990.0
2017-10-19,6967.0
2017-10-20,6952.0
2017-10-23,7004.0
2017-10-24,7035.5
2017-10-25,7010.0
2017-10-26,6986.0
2017-10-27,6830.0
2017-10-30,6867.0
2017-10-31,6839.0
2017-11-01,6930.0
2017-11-02,6929.0
2017-11-03,6895.0
2017-11-06,6970.0
2017-11-07,6826.0
2017-11-08,6855.0
2017-11-09,6808.0
2017-11-10,6786.0
2017-11-13,6895.0
2017-11-14,6759.0
2017-11-15,6773.0
2017-11-16,6737.0
2017-11-17,6777.0
2017-11-20,6828.0
2017-11-21,6909.0
2017-11-22,6954.0
2017-11-23,6963.0
2017-11-24,7002.0
2017-11-27,6942.0
2017-11-28,6805.0
2017-11-29,6760.0
2017-11-30,6762.0
2017-12-01,6833.0
2017-12-04,6826.0
2017-12-05,6543.0
2017-12-06,6550.0
2017-12-07,6564.0
2017-12-08,6571.0
2017-12-11,6670.0
2017-12-12,6663.0
2017-12-13,6729.0
2017-12-14,6793.0
2017-12-15,6886.0
2017-12-18,6905.0
2017-12-19,6942.0
2017-12-20,7044.0
2017-12-21,7086.0
2017-12-22,7125.0
2017-12-27,7240.0
2017-12-28,7289.0
2017-12-29,7247.0
2018-01-02,7205.0
2018-01-03,7147.0
2018-01-04,7188.5
2018-01-05,7121.0
2018-01-08,7125.0
2018-01-09,7102.0
2018-01-10,7153.0
2018-01-11,7140.5
2018-01-12,7110.0
2018-01-15,7210.0
2018-01-16,7078.0
2018-01-17,7034.0
2018-01-18,7076.0
2018-01-19,7041.0
2018-01-22,7068.0
2018-01-23,6923.0
2018-01-24,7150.0
2018-01-25,7138.0
2018-01-26,7085.0
2018-01-29,7085.0
2018-01-30,7050.0
2018-01-31,7118.0
2018-02-01,7119.0
2018-02-02,7045.0
2018-02-05,7169.0
2018-02-06,7076.0
2018-02-07,6880.0
2018-02-08,6845.0
2018-02-09,6755.0
2018-02-12,6831.0
2018-02-13,6988.0
2018-02-14,7163.0
2018-02-15,7182.0
2018-02-16,7233.0
2018-02-19,7118.0
2018-02-20,7090.0
2018-02-21,7119.0
2018-02-22,7162.0
2018-02-23,7095.0
2018-02-26,7110.0
2018-02-27,7021.0
2018-02-28,6931.0
2018-03-01,6922.0
2018-03-02,6898.0
2018-03-05,6910.0
2018-03-06,7004.0
2018-03-07,6950.0
2018-03-08,6833.0
2018-03-09,6962.0
2018-03-12,6913.0
2018-03-13,6945.0
2018-03-14,6988.5
2018-03-15,6920.0
2018-03-16,6888.0
2018-03-19,6854.0
2018-03-20,6755.0
2018-03-21,6793.0
2018-03-22,6695.0
2018-03-23,6660.0
2018-03-26,6602.0
2018-03-27,6649.0
2018-03-28,6665.0
2018-03-29,6714.0
2018-04-03,6796.0
2018-04-04,6724.0
2018-04-05,6816.0
2018-04-06,6769.0
2018-04-09,6830.0
2018-04-10,6945.0
2018-04-11,6950.0
2018-04-12,6821.0
2018-04-13,6830.0
2018-04-16,6910.5
2018-04-17,6877.0
2018-04-18,7022.0
2018-04-19,6984.0
2018-04-20,6992.0
2018-04-23,6943.5
2018-04-24,7013.0
2018-04-25,7008.0
2018-04-26,6965.0
2018-04-27,6797.0
2018-04-30,6807.0
2018-05-01,6745.0
2018-05-02,6820.0
2018-05-03,6827.0
2018-05-04,6826.0
2018-05-08,6745.0
2018-05-09,6810.0
2018-05-10,6917.0
2018-05-11,6942.0
2018-05-14,6885.0
2018-05-15,6808.0
2018-05-16,6826.0
2018-05-17,6879.0
2018-05-18,6855.0
2018-05-21,6879.0
2018-05-22,6979.0
2018-05-23,6867.0
2018-05-24,6880.0
2018-05-25,6885.0
2018-05-29,6860.0
2018-05-30,6840.0
2018-05-31,6852.0
2018-06-01,6896.0
2018-06-04,6975.0
2018-06-05,7099.0
2018-06-06,7220.0
2018-06-07,7332.0
2018-06-08,7312.0
2018-06-11,7255.0
2018-06-12,7222.0
2018-06-13,7257.0
2018-06-14,7177.0
2018-06-15,7020.0
2018-06-18,6964.0
2018-06-19,6840.0
2018-06-20,6773.0
2018-06-21,6786.0
2018-06-22,6789.0
2018-06-25,6755.0
2018-06-26,6713.0
2018-06-27,6692.5
2018-06-28,6623.0
2018-06-29,6626.0
2018-07-02,6523.0
2018-07-03,6491.0
2018-07-04,6386.0
2018-07-05,6345.0
2018-07-06,6282.0
2018-07-09,6390.0
2018-07-10,6332.5
2018-07-11,6145.0
2018-07-12,6228.0
2018-07-13,6237.0
2018-07-16,6192.0
2018-07-17,6152.0
2018-07-18,6150.0
2018-07-19,6065.0
2018-07-20,6147.5
2018-07-23,6130.0
2018-07-24,6295.0
2018-07-25,6290.0
2018-07-26,6291.0
2018-07-27,6297.0
2018-07-30,6250.0
2018-07-31,6300.0
2018-08-01,6172.0
2018-08-02,6139.5
2018-08-03,6206.0
2018-08-06,6133.0
2018-08-07,6175.0
2018-08-08,6173.0
2018-08-09,6225.0
2018-08-10,6190.0
2018-08-13,6153.5
2018-08-14,6044.0
2018-08-15,5801.0
2018-08-16,5938.0
2018-08-17,5926.0
2018-08-20,5991.5
2018-08-21,6045.0
2018-08-22,6005.0
2018-08-23,5986.5
2018-08-24,6105.0
2018-08-28,6147.0
2018-08-29,6086.0
2018-08-30,6066.0
2018-08-31,5975.0
2018-09-03,5967.0
2018-09-04,5815.0
2018-09-05,5871.0
2018-09-06,5927.5
2018-09-07,5933.0
2018-09-10,5910.0
2018-09-11,5859.0
2018-09-12,5997.0
2018-09-13,6033.0
2018-09-14,5973.0
2018-09-17,5945.0
2018-09-18,6086.0
2018-09-19,6121.0
2018-09-20,6082.0
2018-09-21,6363.0
2018-09-24,6353.0
2018-09-25,6318.0
2018-09-26,6282.0
2018-09-27,6187.0
2018-09-28,6258.0
2018-10-01,6249.0
2018-10-02,6280.0
2018-10-03,6267.0
2018-10-04,6290.0
2018-10-05,6173.0
2018-10-08,6178.0
2018-10-09,6292.0
2018-10-10,6239.0
2018-10-11,6242.0
2018-10-12,6302.0
2018-10-15,6301.0
2018-10-16,6215.0
2018-10-17,6219.0
2018-10-18,6157.0
2018-10-19,6220.0
2018-10-22,6242.0
2018-10-23,6196.0
2018-10-24,6179.0
2018-10-25,6226.0
2018-10-26,6160.0
2018-10-29,6160.0
2018-10-30,6032.0
2018-10-31,5992.0
2018-11-01,6090.0
2018-11-02,6283.0
2018-11-05,6191.0
2018-11-06,6158.0
2018-11-07,6153.0
2018-11-08,6155.0
2018-11-09,6056.0
2018-11-12,6049.0
2018-11-13,6073.0
2018-11-14,6090.0
2018-11-15,6184.0
2018-11-16,6205.0
2018-11-19,6259.0
2018-11-20,6184.0
2018-11-21,6235.0
2018-11-22,6255.0
2018-11-23,6207.0
2018-11-26,6189.0
2018-11-27,6121.5
2018-11-28,6200.0
2018-11-29,6212.0
2018-11-30,6198.5
2018-12-03,6295.0
2018-12-04,6209.0
2018-12-05,6175.0
2018-12-06,6070.0
2018-12-07,6145.0
2018-12-10,6089.0
2018-12-11,6168.0
2018-12-12,6140.0
2018-12-13,6155.0
2018-12-14,6131.5
2018-12-17,6123.0
2018-12-18,5970.0
2018-12-19,6015.0
2018-12-20,6000.0
2018-12-21,5991.0
2018-12-24,5955.5
2018-12-27,5986.5
2018-12-28,5997.0
2018-12-31,5965.0
2019-01-02,5842.0
2019-01-03,5736.0
2019-01-04,5918.0
2019-01-07,5923.0
2019-01-08,5906.0
2019-01-09,5958.0
2019-01-10,5930.0
2019-01-11,5942.0
2019-01-14,5897.0
2019-01-15,5920.0
2019-01-16,5970.0
2019-01-17,5992.0
2019-01-18,6052.0
2019-01-21,5981.0
2019-01-22,5935.0
2019-01-23,5951.5
2019-01-24,5922.0
2019-01-25,6056.0
2019-01-28,6002.0
2019-01-29,6050.0
2019-01-30,6136.0
2019-01-31,6169.0
2019-02-01,6139.0
2019-02-04,6168.0
2019-02-05,6233.0
2019-02-06,6279.0
2019-02-07,6246.0
2019-02-08,6210.0
2019-02-11,6150.0
2019-02-12,6106.0
2019-02-13,6125.0
2019-02-14,6137.0
2019-02-15,6188.0
2019-02-18,6275.0
2019-02-19,6319.0
2019-02-20,6405.0
2019-02-21,6380.0
2019-02-22,6478.0
2019-02-25,6480.0
2019-02-26,6493.0
2019-02-27,6506.5
2019-02-28,6509.0
2019-03-01,6478.0
2019-03-04,6409.0
2019-03-05,6478.0
2019-03-06,6468.0
2019-03-07,6423.5
2019-03-08,6395.0
2019-03-11,6407.0
2019-03-12,6472.0
2019-03-13,6472.5
2019-03-14,6404.0
2019-03-15,6431.0
2019-03-18,6425.0
2019-03-19,6459.0
2019-03-20,6457.0
2019-03-21,6421.0
2019-03-22,6312.0
2019-03-25,6340.0
2019-03-26,6330.0
2019-03-27,6335.0
2019-03-28,6360.0
2019-03-29,6482.5
2019-04-01,6471.0
2019-04-02,6426.5
2019-04-03,6492.0
2019-04-04,6451.0
2019-04-05,6401.0
2019-04-08,6475.0
2019-04-09,6487.0
2019-04-10,6464.0
2019-04-11,6408.0
2019-04-12,6484.0
2019-04-15,6480.0
2019-04-16,6495.0
2019-04-17,6556.0
2019-04-18,6476.0
2019-04-23,6407.0
2019-04-24,6448.0
2019-04-25,6365.0
2019-04-26,6400.0
2019-04-29,6396.0
2019-04-30,6415.0
2019-05-01,6235.0
2019-05-02,6167.0
2019-05-03,6236.0
2019-05-07,6180.0
2019-05-08,6148.0
2019-05-09,6102.0
2019-05-10,6126.0
2019-05-13,6011.0
2019-05-14,6027.0
2019-05-15,6085.0
2019-05-16,6100.0
2019-05-17,6056.0
2019-05-20,6029.0
2019-05-21,5996.0
2019-05-22,5928.0
2019-05-23,5926.0
2019-05-24,5955.0
2019-05-28,5960.0
2019-05-29,5883.0
2019-05-30,5852.0
2019-05-31,5830.0
2019-06-03,5842.0
2019-06-04,5879.0
2019-06-05,5807.0
2019-06-06,5808.0
2019-06-07,5799.0
2019-06-10,5874.0
2019-06-11,5876.0
2019-06-12,5852.0
2019-06-13,5858.0
2019-06-14,5822.0
2019-06-17,5845.0
2019-06-18,5949.0
2019-06-19,5918.0
2019-06-20,5973.0
2019-06-21,5971.0
2019-06-24,5960.0
2019-06-25,6042.0
2019-06-26,5988.0
2019-06-27,5989.0
2019-06-28,5993.0
2019-07-01,5954.5
2019-07-02,5887.0
2019-07-03,5918.0
2019-07-04,5920.0
2019-07-05,5902.0
2019-07-08,5892.0
2019-07-09,5822.0
2019-07-10,5940.0
2019-07-11,5955.0
2019-07-12,5935.0
2019-07-15,5983.0
2019-07-16,6012.0
2019-07-17,5980.0
2019-07-18,5983.0
2019-07-19,6065.0
2019-07-22,6017.5
2019-07-23,5968.0
2019-07-24,5999.0
2019-07-25,6007.0
2019-07-26,5963.0
2019-07-29,6018.0
2019-07-30,5948.0
2019-07-31,5927.0
2019-08-01,5899.0
2019-08-02,5729.5
2019-08-05,5685.0
2019-08-06,5683.0
2019-08-07,5705.0
2019-08-08,5798.0
2019-08-09,5755.0
2019-08-12,5742.0
2019-08-13,5828.5
2019-08-14,5765.0
2019-08-15,5751.0
2019-08-16,5744.0
2019-08-19,5774.0
2019-08-20,5711.0
2019-08-21,5732.0
2019-08-22,5683.0
2019-08-23,5633.0
2019-08-27,5683.0
2019-08-28,5690.0
2019-08-29,5726.5
2019-08-30,5652.0
2019-09-02,5620.0
2019-09-03,5610.0
2019-09-04,5748.0
2019-09-05,5845.0
2019-09-06,5833.0
2019-09-09,5815.0
2019-09-10,5825.0
2019-09-11,5772.5
2019-09-12,5833.0
2019-09-13,5974.5
2019-09-16,5870.0
2019-09-17,5821.0
2019-09-18,5814.0
2019-09-19,5788.0
2019-09-20,5798.0
2019-09-23,5778.0
2019-09-24,5780.0
2019-09-25,5787.0
2019-09-26,5722.0
2019-09-27,5767.0
2019-09-30,5725.0
2019-10-01,5686.0
2019-10-02,5678.0
2019-10-03,5662.0
2019-10-04,5643.0
2019-10-07,5722.0
2019-10-08,5675.5
2019-10-09,5684.0
2019-10-10,5781.0
2019-10-11,5796.0
2019-10-14,5818.0
2019-10-15,5773.0
2019-10-16,5730.0
2019-10-17,5739.0
2019-10-18,5806.0
2019-10-21,5828.0
2019-10-22,5818.0
2019-10-23,5881.0
2019-10-24,5880.0
2019-10-25,5925.0
2019-10-28,5908.0
2019-10-29,5927.5
2019-10-30,5908.0
2019-10-31,5797.0
2019-11-01,5850.0
2019-11-04,5877.0
2019-11-05,5940.0
2019-11-06,5907.0
2019-11-07,5974.0
2019-11-08,5923.0
2019-11-11,5878.5
2019-11-12,5869.0
2019-11-13,5835.0
2019-11-14,5812.0
2019-11-15,5849.0
2019-11-18,5830.0
2019-11-19,5875.0
2019-11-20,5875.0
2019-11-21,5829.0
2019-11-22,5855.0
2019-11-25,5868.0
2019-11-26,5924.0
2019-11-27,5945.0
2019-11-28,5892.0
2019-11-29,5864.0
2019-12-02,5883.0
2019-12-03,5815.0
2019-12-04,5885.0
2019-12-05,5888.0
2019-12-06,5990.0
2019-12-09,6075.0
2019-12-10,6100.0
2019-12-11,6156.0
2019-12-12,6156.0
2019-12-13,6130.0
2019-12-16,6199.0
2019-12-17,6200.0
2019-12-18,6174.5
2019-12-19,6215.0
2019-12-20,6175.0
2019-12-23,6190.0
2019-12-24,6215.0
2019-12-27,6214.0
2019-12-30,6219.0
2019-12-31,6174.0
2020-01-02,6188.0
2020-01-03,6129.5
2020-01-06,6138.5
2020-01-07,6149.0
2020-01-08,6178.0
2020-01-09,6180.0
2020-01-10,6198.0
2020-01-13,6290.0
2020-01-14,6302.0
2020-01-15,6287.0
2020-01-16,6277.5
2020-01-17,6273.0
2020-01-20,6259.0
2020-01-21,6160.0
2020-01-22,6106.0
2020-01-23,5987.0
2020-01-24,5926.0
2020-01-27,5743.0
2020-01-28,5703.0
2020-01-29,5641.0
2020-01-30,5587.5
2020-01-31,5567.0
2020-02-03,5525.0
2020-02-04,5618.0
2020-02-05,5722.0
2020-02-06,5735.0
2020-02-07,5663.0
2020-02-10,5667.0
2020-02-11,5745.0
2020-02-12,5764.0
2020-02-13,5790.0
2020-02-14,5760.0
2020-02-17,5812.0
2020-02-18,5773.0
2020-02-19,5770.0
2020-02-20,5728.0
2020-02-21,5765.0
2020-02-24,5689.0
2020-02-25,5685.0
2020-02-26,5670.0
2020-02-27,5616.0
2020-02-28,5635.0
2020-03-02,5700.0
2020-03-03,5666.5
2020-03-04,5684.0
2020-03-05,5674.0
2020-03-06,5607.0
2020-03-09,5535.0
2020-03-10,5566.0
2020-03-11,5529.0
2020-03-12,5440.0
2020-03-13,5460.0
2020-03-16,5290.5
2020-03-17,5144.0
2020-03-18,4745.0
2020-03-19,4825.0
2020-03-20,4810.0
2020-03-23,4630.0
2020-03-24,4814.0
2020-03-25,4855.0
2020-03-26,4804.0
2020-03-27,4790.5
2020-03-30,4769.5
2020-03-31,4951.0
2020-04-01,4800.0
2020-04-02,4897.0
2020-04-03,4839.5
2020-04-06,4884.0
2020-04-07,5040.0
2020-04-08,5002.5
2020-04-09,5019.5
2020-04-14,5163.0
2020-04-15,5111.5
2020-04-16,5140.0
2020-04-17,5211.0
2020-04-20,5183.5
2020-04-21,5030.0
2020-04-22,5131.5
2020-04-23,5160.5
2020-04-24,5139.5
2020-04-27,5197.0
2020-04-28,5223.0
2020-04-29,5261.0
2020-04-30,5188.5
2020-05-01,5110.0
2020-05-04,5123.0
2020-05-05,5158.0
2020-05-06,5198.0
2020-05-07,5274.0
2020-05-11,5257.0
2020-05-12,5256.5
2020-05-13,5224.0
2020-05-14,5202.0
2020-05-15,5181.5
2020-05-18,5317.5
2020-05-19,5355.0
2020-05-20,5442.5
2020-05-21,5390.5
2020-05-22,5288.5
2020-05-26,5362.0
2020-05-27,5259.5
2020-05-28,5332.5
2020-05-29,5376.5
2020-06-01,5484.0
2020-06-02,5528.5
2020-06-03,5524.5
2020-06-04,5533.0
2020-06-05,5690.0
2020-06-08,5699.5
2020-06-09,5774.0
2020-06-10,5907.0
2020-06-11,5764.5
2020-06-12,5784.5
2020-06-15,5707.5
2020-06-16,5728.5
2020-06-17,5770.0
2020-06-18,5805.0
2020-06-19,5849.5
2020-06-22,5880.5
2020-06-23,5905.0
2020-06-24,5865.0
2020-06-25,5893.0
2020-06-26,5957.0
2020-06-29,5961.5
2020-06-30,6015.0
2020-07-01,6061.0
2020-07-02,6073.0
2020-07-03,6017.0
2020-07-06,6128.5
2020-07-07,6188.0
2020-07-08,6232.0
2020-07-09,6300.0
2020-07-10,6412.0
2020-07-13,6571.0
2020-07-14,6498.5
2020-07-15,6386.0
2020-07-16,6436.5
2020-07-17,6448.0
2020-07-20,6487.5
2020-07-21,6534.5
2020-07-22,6486.0
2020-07-23,6544.5
2020-07-24,6415.0
2020-07-27,6420.5
2020-07-28,6477.0
2020-07-29,6474.0
2020-07-30,6430.5
2020-07-31,6413.0
2020-08-03,6490.0
2020-08-04,6453.0
2020-08-05,6494.5
2020-08-06,6478.5
2020-08-07,6308.0
2020-08-10,6396.5
2020-08-11,6386.0
2020-08-12,6432.5
2020-08-13,6256.0
2020-08-14,6366.5
2020-08-17,6446.0
2020-08-18,6567.5
2020-08-19,6685.0
2020-08-20,6601.5
2020-08-21,6490.0
2020-08-24,6516.0
2020-08-25,6529.0
2020-08-26,6594.0
2020-08-27,6621.0
2020-08-28,6667.0
2020-09-01,6687.5
2020-09-02,6697.0
2020-09-03,6563.5
2020-09-04,6710.0
2020-09-07,6789.0
2020-09-08,6668.0
2020-09-09,6734.0
2020-09-10,6668.5
2020-09-11,6739.0
2020-09-14,6796.0
2020-09-15,6761.5
2020-09-16,6777.0
2020-09-17,6780.5
2020-09-18,6812.5
2020-09-21,6691.5
2020-09-22,6780.0
2020-09-23,6604.5
2020-09-24,6523.5
2020-09-25,6545.0
2020-09-28,6572.0
2020-09-29,6579.0
2020-09-30,6672.0
2020-10-01,6387.0
2020-10-02,6553.0
2020-10-05,6528.5
2020-10-06,6530.0
2020-10-07,6679.0
2020-10-08,6683.0
2020-10-09,6763.0
2020-10-12,6737.5
2020-10-13,6692.0
2020-10-14,6716.0
2020-10-15,6749.0
2020-10-16,6740.0
2020-10-19,6779.5
2020-10-20,6899.0
2020-10-21,6991.5
2020-10-22,6922.5
2020-10-23,6867.5
2020-10-26,6781.0
2020-10-27,6798.0
2020-10-28,6748.0
2020-10-29,6729.5
2020-10-30,6718.5
2020-11-02,6762.0
2020-11-03,6816.0
2020-11-04,6837.5
2020-11-05,6852.5
2020-11-06,6946.5
2020-11-09,6916.0
2020-11-10,6932.0
2020-11-11,6885.0
2020-11-12,6934.0
2020-11-13,6982.5
2020-11-16,7108.0
2020-11-17,7068.0
2020-11-18,7088.5
2020-11-19,7093.0
2020-11-20,7277.5
2020-11-23,7177.5
2020-11-24,7293.0
2020-11-25,7300.0
2020-11-26,7402.5
2020-11-27,7499.5
2020-11-30,7580.0
2020-12-01,7694.5
2020-12-02,7673.0
2020-12-03,7674.5
2020-12-04,7760.5
2020-12-07,7710.0
2020-12-08,7699.0
2020-12-09,7723.0
2020-12-10,7878.0
2020-12-11,7772.5
2020-12-14,7751.0
2020-12-15,7782.5
2020-12-16,7836.0
2020-12-17,7920.0
2020-12-18,7985.0
2020-12-21,7846.5
2020-12-22,7746.5
2020-12-23,7843.5
2020-12-24,7787.5
2020-12-29,7859.5
2020-12-30,7847.5
2020-12-31,7766.0
2021-01-04,7860.5
2021-01-05,8002.0
2021-01-06,8037.5
2021-01-07,8179.0
2021-01-08,8131.0
2021-01-11,7864.0
2021-01-12,7975.5
2021-01-13,8009.0
2021-01-14,8048.5
2021-01-15,7949.0
2021-01-18,7971.5
2021-01-19,7954.0
2021-01-20,8044.5
2021-01-21,8021.5
2021-01-22,7997.5
2021-01-25,7969.0
2021-01-26,8008.5
2021-01-27,7825.0
2021-01-28,7873.0
2021-01-29,7856.0
2021-02-01,7798.5
2021-02-02,7777.0
2021-02-03,7842.5
2021-02-04,7823.0
2021-02-05,7912.5
2021-02-08,8037.0
2021-02-09,8147.5
2021-02-10,8299.5
2021-02-11,8280.5
2021-02-12,8332.0
2021-02-15,8393.5
2021-02-16,8405.5
2021-02-17,8390.0
2021-02-18,8553.0
2021-02-19,8909.5
2021-02-22,9097.0
2021-02-23,9206.5
2021-02-24,9308.5
2021-02-25,9412.5
2021-02-26,9077.0
2021-03-01,9044.0
2021-03-02,9170.5
2021-03-03,9101.5
2021-03-04,8907.5
2021-03-05,8895.5
2021-03-08,8998.5
2021-03-09,8779.5
2021-03-10,8861.5
2021-03-11,9057.5
2021-03-12,9085.0
2021-03-15,9144.5
2021-03-16,8960.5
2021-03-17,9065.5
2021-03-18,9055.5
2021-03-19,9057.0
2021-03-22,9108.5
2021-03-23,8980.0
2021-03-24,8977.5
2021-03-25,8779.5
2021-03-26,8962.0
2021-03-29,8865.0
2021-03-30,8773.5
2021-03-31,8785.5
2021-04-01,8790.0
2021-04-06,9047.0
2021-04-07,8915.5
2021-04-08,9008.0
2021-04-09,8926.5
2021-04-12,8861.0
2021-04-13,8899.5
2021-04-14,9074.5
2021-04-15,9284.0
2021-04-16,9211.0
2021-04-19,9376.0
2021-04-20,9322.0
2021-04-21,9445.0
2021-04-22,9401.0
2021-04-23,9551.5
2021-04-26,9751.0
2021-04-27,9855.5
2021-04-28,9876.0
2021-04-29,9885.0
2021-04-30,9825.0
2021-05-04,9966.0
2021-05-05,9949.5
2021-05-06,10092.0
2021-05-07,10417.0
2021-05-10,10382.0
2021-05-11,10460.0
2021-05-12,10445.5
2021-05-13,10342.0
2021-05-14,10240.5
2021-05-17,10373.0
2021-05-18,10405.0
2021-05-19,10001.5
2021-05-20,10048.0
2021-05-21,9881.5
2021-05-24,9947.0
2021-05-25,9918.0
2021-05-26,9979.0
2021-05-27,10221.0
2021-05-28,10258.0
2021-06-01,10245.0
2021-06-02,10147.5
2021-06-03,9788.5
2021-06-04,9955.0
2021-06-07,9900.5
2021-06-08,9964.0
2021-06-09,9978.5
2021-06-10,9890.0
2021-06-11,10003.5
2021-06-14,9971.5
2021-06-15,9569.5
2021-06-16,9667.0
2021-06-17,9315.5
2021-06-18,9145.5
2021-06-21,9180.0
2021-06-22,9301.0
2021-06-23,9482.5
2021-06-24,9419.0
2021-06-25,9413.5
2021-06-28,9388.0
2021-06-29,9334.5
2021-06-30,9374.5
2021-07-01,9322.0
2021-07-02,9376.5
2021-07-05,9511.0
2021-07-06,9312.0
2021-07-07,9455.0
2021-07-08,9323.0
2021-07-09,9519.5
2021-07-12,9409.0
2021-07-13,9412.5
2021-07-14,9342.5
2021-07-15,9486.5
2021-07-16,9427.0
2021-07-19,9222.0
2021-07-20,9336.0
2021-07-21,9347.0
2021-07-22,9441.5
2021-07-23,9516.0
2021-07-26,9809.5
2021-07-27,9758.5
2021-07-28,9686.0
2021-07-29,9823.5
2021-07-30,9728.0
2021-08-02,9700.5
2021-08-03,9541.5
2021-08-04,9466.0
2021-08-05,9491.5
2021-08-06,9468.0
2021-08-09,9369.5
2021-08-10,9520.5
2021-08-11,9512.0
2021-08-12,9467.5
2021-08-13,9570.0
2021-08-16,9442.0
2021-08-17,9247.5
2021-08-18,9042.5
2021-08-19,8894.0
2021-08-20,9037.0
2021-08-23,9273.5
2021-08-24,9376.0
2021-08-25,9356.0
2021-08-26,9299.5
2021-08-27,9410.0
2021-08-31,9520.0
2021-09-01,9335.5
2021-09-02,9376.5
2021-09-03,9431.0
2021-09-06,9450.5
2021-09-07,9350.5
2021-09-08,9249.0
2021-09-09,9387.5
2021-09-10,9694.5
2021-09-13,9562.5
2021-09-14,9442.0
2021-09-15,9627.0
2021-09-16,9366.5
2021-09-17,9312.0
2021-09-20,9033.0
2021-09-21,8975.5
2021-09-22,9286.0
2021-09-23,9273.5
2021-09-24,9332.5
2021-09-27,9362.0
2021-09-28,9269.0
2021-09-29,9155.0
2021-09-30,8936.5
2021-10-01,9128.0
2021-10-04,9250.5
2021-10-05,9174.0
2021-10-06,9045.5
2021-10-07,9280.0
2021-10-08,9361.0
2021-10-11,9543.0
2021-10-12,9465.0
2021-10-13,9651.0
2021-10-14,9984.0
2021-10-15,10281.0
2021-10-18,10196.0
2021-10-19,10149.5
2021-10-20,10185.5
2021-10-21,9831.5
2021-10-22,9704.0
2021-10-25,9867.5
2021-10-26,9788.5
2021-10-27,9548.0
2021-10-28,9666.5
2021-10-29,9496.0
2021-11-01,9555.0
2021-11-02,9495.5
2021-11-03,9458.5
2021-11-04,9439.0
2021-11-05,9518.0
2021-11-08,9637.5
2021-11-09,9553.0
2021-11-10,9533.0
2021-11-11,9633.5
2021-11-12,9711.0
2021-11-15,9673.0
2021-11-16,9561.0
2021-11-17,9406.5
2021-11-18,9441.5
2021-11-19,9646.5
2021-11-22,9726.5
2021-11-23,9710.5
2021-11-24,9835.0
2021-11-25,9801.5
2021-11-26,9460.0
2021-11-29,9577.5
2021-11-30,9442.5
2021-12-01,9444.0
2021-12-02,9496.0
2021-12-03,9418.0
2021-12-06,9505.0
2021-12-07,9595.0
2021-12-08,9652.5
2021-12-09,9534.5
2021-12-10,9506.5
2021-12-13,9447.5
2021-12-14,9412.0
2021-12-15,9199.5
2021-12-16,9507.5
2021-12-17,9437.5
2021-12-20,9446.5
2021-12-21,9534.0
2021-12-22,9607.0
2021-12-23,9612.0
2021-12-24,9568.0
2021-12-29,9680.5
2021-12-30,9691.5
2021-12-31,9720.5
2022-01-04,9768.0
2022-01-05,9698.0
2022-01-06,9531.0
2022-01-07,9647.0
2022-01-10,9563.5
2022-01-11,9719.5
2022-01-12,10064.0
2022-01-13,9958.5
2022-01-14,9719.5
2022-01-17,9731.0
2022-01-18,9676.0
2022-01-19,9841.5
2022-01-20,9990.0
2022-01-21,9941.0
2022-01-24,9728.0
2022-01-25,9801.0
2022-01-26,9916.5
2022-01-27,9782.0
2022-01-28,9507.5
2022-01-31,9506.0
2022-02-01,9696.5
2022-02-02,9839.5
2022-02-03,9832.5
2022-02-04,9841.5
2022-02-07,9777.5
2022-02-08,9781.0
2022-02-09,10059.0
2022-02-10,10254.0
2022-02-11,9860.5
2022-02-14,9920.0
2022-02-15,9968.5
2022-02-16,9992.5
2022-02-17,9929.0
2022-02-18,9956.0
2022-02-21,9898.0
2022-02-22,9915.0
2022-02-23,9866.0
2022-02-24,9864.0
2022-02-25,9873.0
2022-02-28,9883.5
2022-03-01,10061.5
2022-03-02,10166.0
2022-03-03,10351.0
2022-03-04,10674.0
2022-03-07,10281.5
2022-03-08,10209.0
2022-03-09,10001.5
2022-03-10,10117.0
2022-03-11,10183.5
2022-03-14,9935.0
2022-03-15,9904.0
2022-03-16,10054.0
2022-03-17,10243.0
2022-03-18,10331.0
2022-03-21,10295.0
2022-03-22,10268.0
2022-03-23,10438.5
2022-03-24,10349.5
2022-03-25,10267.0
2022-03-28,10341.0
2022-03-29,10316.5
2022-03-30,10367.5
2022-03-31,10375.0
2022-04-01,10353.5
2022-04-04,10469.0
2022-04-05,10455.0
2022-04-06,10305.0
2022-04-07,10311.5
2022-04-08,10323.5
2022-04-11,10200.5
2022-04-12,10342.5
2022-04-13,10299.0
2022-04-14,10315.0
2022-04-19,10304.5
2022-04-20,10223.0
2022-04-21,10285.0
2022-04-22,10110.0
2022-04-25,9769.0
2022-04-26,9860.0
2022-04-27,9856.0
2022-04-28,9697.0
2022-04-29,9769.5
2022-05-03,9410.0
2022-05-04,9473.5
2022-05-05,9489.5
2022-05-06,9414.5
2022-05-09,9237.5
2022-05-10,9228.5
2022-05-11,9340.0
2022-05-12,9090.0
2022-05-13,9159.0
2022-05-16,9238.5
2022-05-17,9366.0
2022-05-18,9235.0
2022-05-19,9415.5
2022-05-20,9422.0
2022-05-23,9548.0
2022-05-24,9453.5
2022-05-25,9373.0
2022-05-26,9353.0
2022-05-27,9459.0
2022-05-30,9543.0
2022-05-31,9447.5
2022-06-01,9499.5
2022-06-06,9745.0
2022-06-07,9699.0
2022-06-08,9730.0
2022-06-09,9615.0
2022-06-10,9447.5
2022-06-13,9294.0
2022-06-14,9230.5
2022-06-15,9230.0
2022-06-16,9074.5
2022-06-17,8961.5
2022-06-20,8977.5
2022-06-21,8995.0
2022-06-22,8773.0
2022-06-23,8409.0
2022-06-24,8381.0
2022-06-27,8417.5
2022-06-28,8365.5
2022-06-29,8401.0
2022-06-30,8258.0
2022-07-01,8048.0
2022-07-04,8006.0
2022-07-05,7670.0
2022-07-06,7520.5
2022-07-07,7822.5
2022-07-08,7805.5
2022-07-11,7584.5
2022-07-12,7354.0
2022-07-13,7325.5
2022-07-14,7170.0
2022-07-15,7190.5
2022-07-18,7426.5
2022-07-19,7277.5
2022-07-20,7378.0
2022-07-21,7322.0
2022-07-22,7452.5
2022-07-25,7479.0
2022-07-26,7536.5
2022-07-27,7637.0
2022-07-28,7762.0
2022-07-29,7917.5
2022-08-01,7819.5
2022-08-02,7806.5
2022-08-03,7677.5
2022-08-04,7727.5
2022-08-05,7870.5
2022-08-08,7987.5
2022-08-09,7983.0
2022-08-10,8085.5
2022-08-11,8173.0
2022-08-12,8091.5
2022-08-15,7980.0
2022-08-16,7979.0
2022-08-17,7924.5
2022-08-18,8031.5
2022-08-19,8078.5
2022-08-22,8027.0
2022-08-23,8120.0
2022-08-24,8034.5
2022-08-25,8129.0
2022-08-26,8160.5
2022-08-30,7864.0
2022-08-31,7801.5
2022-09-01,7597.0
2022-09-02,7633.0
2022-09-05,7653.5
2022-09-06,7683.0
2022-09-07,7622.5
2022-09-08,7810.5
2022-09-09,7856.5
2022-09-12,7955.5
2022-09-13,7868.5
2022-09-14,7803.0
2022-09-15,7729.5
2022-09-16,7762.0
2022-09-19,7753.5
2022-09-20,7758.0
2022-09-21,7690.0
2022-09-22,7680.0
2022-09-23,7433.0
2022-09-26,7341.5
2022-09-27,7353.0
2022-09-28,7422.0
2022-09-29,7542.0
2022-09-30,7560.0
2022-10-03,7508.0
2022-10-04,7718.0
2022-10-05,7679.5
2022-10-06,7607.5
2022-10-07,7457.5
2022-10-10,7578.5
2022-10-11,7596.0
2022-10-12,7545.0
2022-10-13,7573.0
2022-10-14,7538.5
2022-10-17,7562.5
2022-10-18,7421.0
2022-10-19,7386.5
2022-10-20,7560.5
2022-10-21,7624.0
2022-10-24,7556.0
2022-10-25,7523.0
2022-10-26,7792.0
2022-10-27,7764.5
2022-10-28,7550.0
2022-10-31,7450.0
2022-11-01,7652.0
2022-11-02,7626.5
2022-11-03,7561.0
2022-11-04,8099.0
2022-11-07,7914.5
2022-11-08,8115.5
2022-11-09,8104.5
2022-11-10,8271.5
2022-11-11,8492.5
2022-11-14,8375.0
2022-11-15,8376.5
2022-11-16,8293.5
2022-11-17,8110.0
2022-11-18,8076.0
2022-11-21,7880.5
2022-11-22,8013.0
2022-11-23,8005.0
2022-11-24,8041.0
2022-11-25,8008.0
2022-11-28,7959.0
2022-11-29,8037.5
2022-11-30,8239.0
2022-12-01,8336.0
2022-12-02,8450.0
2022-12-05,8391.0
2022-12-06,8421.5
2022-12-07,8456.5
2022-12-08,8543.0
2022-12-09,8543.0
2022-12-12,8374.0
2022-12-13,8497.0
2022-12-14,8516.5
2022-12-15,8293.5
2022-12-16,8266.5
2022-12-19,8320.0
2022-12-20,8354.5
2022-12-21,8393.5
2022-12-22,8310.5
2022-12-23,8349.5
2022-12-28,8443.0
2022-12-29,8418.0
2022-12-30,8372.0
2023-01-03,8321.5
2023-01-04,8252.0
2023-01-05,8374.5
2023-01-06,8589.5
2023-01-09,8859.5
2023-01-10,8912.0
2023-01-11,9124.5
2023-01-12,9187.0
2023-01-13,9185.5
2023-01-16,9104.5
2023-01-17,9287.0
2023-01-18,9323.5
2023-01-19,9305.5
2023-01-20,9324.0
2023-01-23,9356.0
2023-01-24,9314.5
2023-01-25,9314.5
2023-01-26,9329.5
2023-01-27,9263.5
2023-01-30,9210.0
2023-01-31,9222.5
2023-02-01,9087.0
2023-02-02,9052.5
2023-02-03,8980.5
2023-02-06,8871.5
2023-02-07,8925.0
2023-02-08,8892.5
2023-02-09,8983.0
2023-02-10,8857.5
2023-02-13,8938.0
2023-02-14,8946.5
2023-02-15,8857.5
2023-02-16,9023.0
2023-02-17,8987.5
2023-02-20,9141.5
2023-02-21,9200.5
2023-02-22,9112.0
2023-02-23,8904.0
2023-02-24,8716.5
2023-02-27,8802.0
2023-02-28,8961.0
2023-03-01,9100.5
2023-03-02,8958.5
2023-03-03,8983.5
2023-03-06,8920.5
2023-03-07,8763.5
2023-03-08,8910.5
2023-03-09,8853.0
2023-03-10,8867.0
2023-03-13,8931.0
2023-03-14,8833.5
2023-03-15,8504.5
2023-03-16,8518.0
2023-03-17,8580.0
2023-03-20,8697.5
2023-03-21,8757.5
2023-03-22,8888.5
2023-03-23,9031.0
2023-03-24,8921.5
2023-03-27,8964.0
2023-03-28,8978.0
2023-03-29,9002.5
2023-03-30,9001.0
2023-03-31,8993.0
2023-04-03,8917.0
2023-04-04,8751.0
2023-04-05,8782.0
2023-04-06,8800.0
2023-04-11,8854.5
2023-04-12,8916.5
2023-04-13,9058.5
2023-04-14,9023.5
2023-04-17,8964.5
2023-04-18,9012.5
2023-04-19,8965.5
2023-04-20,8881.0
2023-04-21,8794.5
2023-04-24,8730.5
2023-04-25,8528.0
2023-04-26,8552.5
2023-04-27,8586.5
2023-04-28,8595.5
2023-05-02,8514.0
2023-05-03,8468.5
2023-05-04,8493.5
2023-05-05,8581.5
2023-05-09,8591.5
2023-05-10,8475.0
2023-05-11,8163.5
2023-05-12,8253.0
2023-05-15,8272.5
2023-05-16,8121.5
2023-05-17,8302.0
2023-05-18,8172.5
2023-05-19,8251.5
2023-05-22,8127.5
2023-05-23,8102.0
2023-05-24,7901.5
2023-05-25,7962.5
2023-05-26,8135.0
2023-05-30,8123.0
2023-05-31,8089.0
2023-06-01,8243.5
2023-06-02,8237.0
2023-06-05,8335.0
2023-06-06,8339.0
2023-06-07,8293.5
2023-06-08,8347.5
2023-06-09,8371.5
2023-06-12,8310.5
2023-06-13,8460.0
2023-06-14,8509.0
2023-06-15,8558.0
2023-06-16,8566.5
2023-06-19,8540.0
2023-06-20,8548.0
2023-06-21,8602.5
2023-06-22,8574.0
2023-06-23,8390.5
2023-06-26,8391.0
2023-06-27,8363.0
2023-06-28,8255.0
2023-06-29,8177.5
2023-06-30,8315.5
2023-07-03,8398.0
2023-07-04,8359.5
2023-07-05,8319.0
2023-07-06,8261.5
2023-07-07,8370.5
2023-07-10,8372.5
2023-07-11,8322.5
2023-07-12,8499.5
2023-07-13,8694.0
2023-07-14,8673.5
2023-07-17,8491.0
2023-07-18,8473.0
2023-07-19,8429.0
2023-07-20,8485.5
2023-07-21,8452.0
2023-07-24,8517.0
2023-07-25,8673.5
2023-07-26,8617.5
2023-07-27,8569.0
2023-07-28,8662.5
2023-07-31,8831.5
2023-08-01,8631.0
2023-08-02,8509.5
2023-08-03,8611.0
2023-08-04,8573.0
2023-08-07,8485.0
2023-08-08,8347.5
2023-08-09,8397.5
2023-08-10,8386.0
2023-08-11,8294.5
2023-08-14,8291.5
2023-08-15,8199.5
2023-08-16,8167.0
2023-08-17,8235.5
2023-08-18,8240.5
2023-08-21,8274.5
2023-08-22,8362.5
2023-08-23,8452.0
2023-08-24,8359.5
2023-08-25,8355.5
2023-08-29,8448.5
2023-08-30,8472.5
2023-08-31,8422.5
2023-09-01,8500.5
2023-09-04,8452.0
2023-09-05,8487.0
2023-09-06,8371.5
2023-09-07,8321.0
2023-09-08,8242.5
2023-09-11,8402.0
2023-09-12,8391.0
2023-09-13,8417.0
2023-09-14,8417.5
2023-09-15,8405.5
2023-09-18,8359.5
2023-09-19,8292.5
2023-09-20,8345.5
2023-09-21,8194.0
2023-09-22,8222.0
2023-09-25,8145.5
2023-09-26,8091.0
2023-09-27,8114.0
2023-09-28,8217.5
2023-09-29,8270.5
2023-10-02,8053.0
2023-10-03,8006.5
2023-10-04,7949.5
2023-10-05,7899.0
2023-10-06,8046.0
2023-10-09,8104.0
2023-10-10,8022.5
2023-10-11,8024.0
2023-10-12,7991.0
2023-10-13,7949.0
2023-10-16,7976.5
2023-10-17,7970.5
2023-10-18,7972.5
2023-10-19,7993.0
2023-10-20,7948.5
2023-10-23,7972.0
2023-10-24,8051.5
2023-10-25,8032.0
2023-10-26,7985.5
2023-10-27,8099.0
2023-10-30,8140.5
2023-10-31,8110.5
2023-11-01,8109.5
2023-11-02,8143.0
2023-11-03,8175.5
2023-11-06,8238.0
2023-11-07,8186.5
2023-11-08,8142.0
2023-11-09,8147.0
2023-11-10,8035.5
2023-11-13,8167.0
2023-11-14,8235.0
2023-11-15,8265.5
2023-11-16,8220.0
2023-11-17,8267.0
2023-11-20,8430.5
2023-11-21,8449.0
2023-11-22,8353.5
2023-11-23,8409.5
2023-11-24,8428.5
2023-11-27,8364.0
2023-11-28,8473.0
2023-11-29,8415.5
2023-11-30,8464.5
2023-12-01,8610.5
2023-12-04,8443.0
2023-12-05,8334.5
2023-12-06,8286.0
2023-12-07,8342.0
2023-12-08,8448.5
2023-12-11,8341.0
2023-12-12,8355.0
2023-12-13,8330.0
2023-12-14,8551.5
2023-12-15,8549.0
2023-12-18,8482.5
2023-12-19,8593.5
2023-12-20,8582.5
2023-12-21,8595.5
2023-12-22,8573.5
2023-12-27,8690.5
2023-12-28,8624.5
2023-12-29,8559.0
2024-01-02,8544.5
2024-01-03,8517.0
2024-01-04,8466.5
2024-01-05,8463.0
2024-01-08,8448.0
2024-01-09,8369.5
2024-01-10,8370.5
2024-01-11,8355.0
2024-01-12,8339.0
2024-01-15,8381.0
2024-01-16,8354.5
2024-01-17,8268.0
2024-01-18,8310.0
2024-01-19,8351.0
2024-01-22,8345.5
2024-01-23,8405.0
2024-01-24,8562.5
2024-01-25,8568.5
2024-01-26,8545.5
2024-01-29,8558.0
2024-01-30,8615.0
2024-01-31,8608.5
2024-02-01,8534.5
2024-02-02,8482.0
2024-02-05,8359.5
2024-02-06,8402.0
2024-02-07,8312.0
2024-02-08,8193.5
2024-02-09,8169.0
2024-02-12,8235.0
2024-02-13,8260.0
2024-02-14,8197.0
2024-02-15,8314.0
2024-02-16,8489.0
2024-02-19,8434.5
2024-02-20,8500.0
2024-02-21,8542.0
2024-02-22,8584.5
2024-02-23,8567.5
2024-02-26,8466.0
2024-02-27,8474.0
2024-02-28,8448.5
2024-02-29,8493.5
2024-03-01,8503.5
2024-03-04,8542.5
2024-03-05,8491.5
2024-03-06,8577.0
2024-03-07,8640.5
2024-03-08,8579.5
2024-03-11,8653.0
2024-03-12,8657.0
2024-03-13,8927.0
2024-03-14,8887.5
2024-03-15,9072.0
2024-03-18,9089.0
2024-03-19,8976.5
2024-03-20,8928.0
2024-03-21,8950.5
2024-03-22,8866.5
2024-03-25,8873.0
2024-03-26,8862.0
2024-03-27,8849.5
2024-03-28,8867.0
2024-04-02,8991.0
2024-04-03,9262.5
2024-04-04,9359.0
2024-04-05,9329.5
2024-04-08,9411.5
2024-04-09,9417.5
2024-04-10,9374.0
2024-04-11,9342.0
2024-04-12,9457.5
2024-04-15,9576.0
2024-04-16,9468.0
2024-04-17,9582.5
2024-04-18,9734.5
2024-04-19,9876.0
2024-04-22,9829.5
2024-04-23,9706.5
2024-04-24,9773.5
2024-04-25,9865.0
2024-04-26,9965.5
2024-04-29,10135.5
2024-04-30,9991.0
2024-05-01,9895.5
2024-05-02,9765.5
2024-05-03,9910.0
2024-05-07,10029.5
2024-05-08,9904.0
2024-05-09,9904.5
2024-05-10,10004.0
2024-05-13,10185.5
2024-05-14,10114.0
2024-05-15,10219.0
2024-05-16,10424.0
2024-05-17,10668.0
2024-05-20,10889.0
2024-05-21,10859.0
2024-05-22,10419.0
2024-05-23,10417.5
2024-05-24,10324.0
2024-05-28,10501.5
2024-05-29,10456.5
2024-05-30,10135.0
2024-05-31,10040.0
2024-06-03,10143.0
2024-06-04,9945.0
2024-06-05,9925.5
2024-06-06,10149.0
2024-06-07,9762.5
2024-06-10,9899.0
2024-06-11,9759.0
2024-06-12,9944.5
2024-06-13,9794.5
2024-06-14,9741.5
2024-06-17,9665.5
2024-06-18,9671.5
2024-06-19,9786.0
2024-06-20,9858.0
2024-06-21,9682.5
2024-06-24,9661.0
2024-06-25,9571.0
2024-06-26,9540.0
2024-06-27,9515.5
2024-06-28,9599.0
2024-07-01,9630.0
2024-07-02,9672.5
2024-07-03,9868.0
2024-07-04,9882.5
2024-07-05,9944.0
2024-07-08,9915.0
2024-07-09,9869.0
2024-07-10,9905.0
2024-07-11,9786.5
2024-07-12,9877.0
2024-07-15,9806.0
2024-07-16,9663.5
2024-07-17,9635.0
2024-07-18,9386.0
2024-07-19,9310.0
2024-07-22,9216.5
2024-07-23,9166.0
2024-07-24,9104.0
2024-07-25,9122.0
2024-07-26,9111.0
2024-07-29,9026.0
2024-07-30,8972.0
2024-07-31,9225.0
2024-08-01,9052.5
2024-08-02,9055.5
2024-08-05,8888.5
2024-08-06,8928.5
2024-08-07,8769.5
2024-08-08,8794.5
2024-08-09,8866.5
2024-08-12,9026.5
2024-08-13,8958.5
2024-08-14,8968.5
2024-08-15,9148.5
2024-08-16,9115.5
2024-08-19,9252.0
2024-08-20,9204.0
2024-08-21,9260.0
2024-08-22,9130.5
2024-08-23,9288.5
2024-08-27,9448.0
2024-08-28,9260.5
2024-08-29,9244.0
2024-08-30,9235.0
2024-09-02,9183.0
2024-09-03,8954.5
2024-09-04,8960.0
2024-09-05,9092.0
2024-09-06,8996.0
2024-09-09,9097.0
2024-09-10,9026.0
2024-09-11,9090.5
2024-09-12,9215.5
2024-09-13,9308.0
2024-09-16,9390.0
2024-09-17,9370.0
2024-09-18,9400.5
2024-09-19,9515.0
2024-09-20,9476.5
2024-09-23,9548.5
2024-09-24,9796.0
2024-09-25,9813.0
2024-09-26,10080.5
2024-09-27,9982.5
2024-09-30,9829.0
2024-10-01,9979.0
2024-10-02,10084.5
2024-10-03,9866.0
2024-10-04,9943.5
2024-10-07,9929.5
2024-10-08,9742.5
2024-10-09,9675.0
2024-10-10,9723.0
2024-10-11,9791.5
2024-10-14,9659.5
2024-10-15,9530.5
2024-10-16,9558.5
2024-10-17,9516.0
2024-10-18,9625.5
2024-10-21,9559.0
2024-10-22,9583.0
2024-10-23,9521.5
2024-10-24,9507.0
2024-10-25,9602.5
2024-10-28,9541.5
2024-10-29,9530.5
2024-10-30,9538.0
2024-10-31,9506.0
2024-11-01,9570.5
2024-11-04,9696.5
2024-11-05,9738.5
2024-11-06,9343.0
2024-11-07,9664.0
2024-11-08,9443.5
2024-11-11,9331.5
2024-11-12,9142.0
2024-11-13,9047.0
2024-11-14,8990.0
2024-11-15,9002.5
2024-11-18,9072.5
2024-11-19,9087.5
2024-11-20,9089.5
2024-11-21,9008.5
2024-11-22,8968.0
2024-11-25,9045.5
2024-11-26,9000.5
2024-11-27,9020.0
2024-11-28,9002.0
2024-11-29,9010.5
2024-12-02,8992.5
2024-12-03,9111.5
2024-12-04,9083.0
2024-12-05,9074.5
2024-12-06,9122.5
2024-12-09,9232.0
2024-12-10,9216.5
2024-12-11,9192.0
2024-12-12,9091.5
2024-12-13,9052.5
2024-12-16,9062.5
2024-12-17,8989.5
2024-12-18,9028.5
2024-12-19,8883.0
2024-12-20,8941.0
2024-12-23,8912.0
2024-12-24,8950.5
2024-12-27,8982.0
2024-12-30,8910.0
2024-12-31,8768.0
2025-01-02,8802.5
2025-01-03,8876.5
2025-01-06,9003.0
2025-01-07,9003.0
2025-01-08,9031.5
2025-01-09,9078.5
2025-01-10,9091.5
2025-01-13,9094.5
2025-01-14,9154.0
2025-01-15,9167.5
2025-01-16,9230.5
2025-01-17,9190.0
2025-01-20,9275.0
2025-01-21,9284.5
2025-01-22,9223.5
2025-01-23,9232.0
2025-01-24,9276.0
2025-01-27,9095.0
2025-01-28,8987.0
2025-01-29,9068.0
2025-01-30,9128.5
2025-01-31,9048.0
2025-02-03,9099.0
2025-02-04,9150.5
2025-02-05,9240.0
2025-02-06,9276.5
2025-02-07,9407.5
2025-02-10,9447.5
2025-02-11,9358.0
2025-02-12,9454.5
2025-02-13,9485.0
2025-02-14,9477.0
2025-02-17,9395.5
2025-02-18,9472.0
2025-02-19,9466.5
2025-02-20,9563.5
2025-02-21,9559.0
2025-02-24,9494.5
2025-02-25,9401.5
2025-02-26,9460.0
2025-02-27,9389.5
2025-02-28,9358.0
2025-03-03,9419.0
2025-03-04,9343.0
2025-03-05,9585.0
2025-03-06,9734.0
2025-03-07,9613.5
2025-03-10,9528.5
2025-03-11,9662.5
2025-03-12,9770.0
2025-03-13,9783.5
2025-03-14,9780.5
2025-03-17,9861.5
2025-03-18,9904.5
2025-03-19,9987.5
2025-03-20,9936.5
2025-03-21,9855.5
2025-03-24,9956.0
2025-03-25,10112.0
2025-03-26,9927.0
2025-03-27,9846.5
2025-03-28,9794.5
2025-03-31,9710.0
2025-04-01,9693.0
2025-04-02,9700.5
2025-04-03,9366.5
2025-04-04,8780.0
2025-04-07,8732.0
2025-04-08,8655.5
2025-04-09,8613.0
2025-04-10,8988.0
2025-04-11,9154.5
2025-04-14,9187.0
2025-04-15,9164.0
2025-04-16,9203.5
2025-04-17,9188.5
2025-04-22,9369.0
2025-04-23,9382.5
2025-04-24,9392.5
2025-04-25,9374.0
2025-04-28,9378.0
2025-04-29,9440.0
2025-04-30,9125.0
2025-05-01,9206.0
2025-05-02,9365.5
2025-05-06,9538.0
2025-05-07,9419.5
2025-05-08,9431.5
2025-05-09,9445.5
2025-05-12,9520.5
2025-05-13,9599.5
2025-05-14,9606.5
2025-05-15,9577.0
2025-05-16,9447.5
2025-05-19,9523.5
2025-05-20,9519.5
2025-05-21,9533.5
2025-05-22,9500.5
2025-05-23,9610.0
2025-05-27,9596.5
2025-05-28,9565.0
2025-05-29,9568.0
2025-05-30,9498.0
2025-06-02,9616.5
2025-06-03,9634.0
2025-06-04,9621.5
2025-06-05,9739.5
2025-06-06,9693.0
2025-06-09,9793.0
2025-06-10,9756.5
2025-06-11,9648.0
2025-06-12,9702.0
2025-06-13,9645.0
2025-06-16,9703.0
2025-06-17,9669.0
2025-06-18,9655.5
2025-06-19,9615.0
2025-06-20,9633.5
2025-06-23,9667.5
2025-06-24,9669.0
2025-06-25,9712.5
2025-06-26,9899.5
2025-06-27,9878.0
2025-06-30,9869.0
2025-07-01,9934.0
2025-07-02,10013.0
2025-07-03,9954.5
2025-07-04,9864.5
2025-07-07,9829.5
2025-07-08,9790.5
2025-07-09,9630.5
2025-07-10,9700.5
2025-07-11,9660.5
2025-07-14,9619.0
2025-07-15,9645.5
2025-07-16,9635.0
2025-07-17,9666.5
2025-07-18,9778.5
2025-07-21,9860.0
2025-07-22,9919.5
2025-07-23,9930.5
2025-07-24,9877.0
2025-07-25,9769.5
2025-07-28,9793.0
2025-07-29,9798.0
2025-07-30,9698.5
2025-07-31,9611.0
2025-08-01,9630.5
2025-08-04,9687.0
2025-08-05,9638.5
2025-08-06,9676.0
2025-08-07,9684.5
2025-08-08,9762.0
2025-08-11,9731.5
2025-08-12,9840.5
2025-08-13,9803.0
2025-08-14,9766.0
2025-08-15,9773.5
2025-08-18,9733.0
2025-08-19,9692.0
2025-08-20,9720.5
2025-08-21,9724.5
2025-08-22,9796.5
2025-08-26,9837.0
2025-08-27,9755.5
2025-08-28,9818.0
2025-08-29,9902.0
2025-09-01,9884.0
2025-09-02,9980.5
2025-09-03,9975.5
2025-09-04,9898.0
2025-09-05,9897.5
2025-09-08,9915.0
2025-09-09,9914.0
2025-09-10,10013.0
2025-09-11,10051.5
2025-09-12,10067.5
2025-09-15,10186.5
2025-09-16,10126.5
2025-09-17,9996.0
2025-09-18,9940.0
2025-09-19,9989.0
2025-09-22,9972.5
2025-09-23,9974.5
2025-09-24,10336.5
2025-09-25,10259.5
2025-09-26,10181.5
2025-09-29,10414.0
2025-09-30,10268.5
2025-10-01,10379.0
2025-10-02,10490.5
2025-10-03,10715.5
2025-10-06,10654.5
2025-10-07,10761.0
2025-10-08,10669.0
2025-10-09,10867.5
2025-10-10,10518.0
2025-10-13,10820.5
2025-10-14,10578.0
2025-10-15,10641.0
2025-10-16,10647.0
2025-10-17,10604.5
2025-10-20,10691.5
2025-10-21,10623.5
2025-10-22,10663.0
2025-10-23,10854.5
2025-10-24,10962.5
2025-10-27,11029.0
2025-10-28,11038.5
2025-10-29,11183.5
2025-10-30,10917.0
2025-10-31,10887.5
2025-11-03,10855.0
2025-11-04,10663.5
2025-11-05,10697.5
2025-11-06,10682.5
2025-11-07,10716.5
2025-11-10,10796.0
2025-11-11,10827.0
2025-11-12,10944.0
2025-11-13,10956.0
2025-11-14,10852.0
2025-11-17,10778.5
2025-11-18,10719.5
2025-11-19,10752.5
2025-11-20,10738.5
2025-11-21,10777.5
2025-11-24,10773.0
2025-11-25,10818.0
2025-11-26,10975.0
2025-11-27,10939.5
2025-11-28,11189.0
2025-12-01,11252.0
2025-12-02,11145.0
2025-12-03,11487.5
2025-12-04,11450.0
2025-12-05,11620.5
2025-12-08,11635.5
2025-12-09,11487.0
2025-12-10,11556.5
2025-12-11,11872.0
2025-12-12,11515.0
2025-12-15,11655.5
2025-12-16,11592.0
2025-12-17,11737.0
2025-12-18,11778.0
2025-12-19,11881.5
2025-12-22,11925.0
2025-12-23,12060.5
2025-12-24,12162.5
2025-12-29,12222.0
2025-12-30,12558.5
2025-12-31,12423.0
2026-01-02,12469.5
2026-01-05,12991.5
2026-01-06,13238.0
2026-01-07,12899.5
2026-01-08,12720.5
2026-01-09,12998.0
2026-01-12,13209.5
2026-01-13,13164.0
2026-01-14,13188.5
2026-01-15,13106.0
2026-01-16,12803.0
2026-01-19,12965.5
2026-01-20,12753.5
2026-01-21,12810.0
2026-01-22,12755.5
2026-01-23,13115.0
2026-01-26,13199.0
2026-01-27,13006.5
2026-01-28,13086.5
2026-01-29,13618.0
2026-01-30,13157.5
2026-02-02,12891.5
2026-02-03,13478.0
2026-02-04,13044.5
2026-02-05,12903.0
2026-02-06,12994.0
2026-02-09,13176.5
2026-02-10,13108.0
2026-02-11,13166.5
2026-02-12,12875.5
2026-02-13,12881.0
2026-02-16,12850.5
2026-02-17,12619.5
2026-02-18,12911.5
2026-02-19,12809.0
2026-02-20,12964.0
2026-02-23,12868.5
2026-02-24,13166.5
2026-02-25,13322.5
2026-02-26,13304.5
2026-02-27,13343.5
2026-03-02,13108.0
2026-03-03,12955.0
2026-03-04,13057.5
2026-03-05,12902.0
2026-03-06,12862.0
2026-03-09,12954.0
2026-03-10,13140.0
2026-03-11,13042.0
2026-03-12,12999.5
2026-03-13,12780.5
2026-03-16,12855.5
2026-03-17,12775.0
2026-03-18,12395.5
2026-03-19,12146.5
2026-03-20,11929.5
2026-03-23,12167.0
2026-03-24,12100.5
2026-03-25,12321.5
2026-03-26,12147.0
2026-03-27,12195.0
2026-03-30,12223.5
2026-03-31,12335.5
2026-04-01,12434.5
2026-04-02,12359.5
2026-04-07,12313.0
2026-04-08,12709.0
2026-04-09,12681.5
2026-04-10,12845.5
2026-04-13,13053.5
2026-04-14,13284.5
2026-04-15,13247.5
2026-04-16,13270.5
2026-04-17,13347.0
2026-04-20,13275.0
2026-04-21,13230.5
2026-04-22,13433.0
2026-04-23,13355.5
2026-04-24,13309.5
2026-04-27,13213.0
2026-04-28,13036.5
2026-04-29,13004.5
2026-04-30,12987.0
2026-05-01,12996.5
2026-05-05,13134.5
2026-05-06,13392.0
2026-05-07,13393.0
2026-05-08,13573.0
2026-05-11,13943.0
2026-05-12,14021.0
2026-05-13,14153.0
2026-05-14,13938.5
2026-05-15,13555.0
2026-05-18,13587.5
2026-05-19,13411.0
2026-05-20,13655.5
2026-05-21,13515.5
2026-05-22,13667.5
2026-05-26,13623.5
2026-05-27,13531.0
2026-05-28,13701.5
2026-05-29,13636.0
2026-06-01,13832.0
2026-06-02,14040.5
2026-06-03,13825.0
2026-06-04,13932.0
2026-06-05,13519.5
2026-06-08,13615.5
2026-06-09,13615.0
2026-06-10,13515.5
2026-06-11,13482.5
2026-06-12,13698.0
2026-06-15,13745.0
2026-06-16,13774.0
2026-06-17,13814.5
2026-06-18,13690.5
2026-06-19,13595.0
2026-06-22,13649.0
2026-06-23,13371.0
2026-06-24,13086.5
2026-06-25,13270.0
2026-06-26,13357.5
2026-06-29,13278.5
2026-06-30,13375.0
