date,lme_al_stocks
2014-06-27,145.89
2014-06-30,145.11
2014-07-02,145.11
2014-07-04,144.65
2014-07-07,144.28
2014-07-08,144.07
2014-07-09,143.87
2014-07-10,143.63
2014-07-11,142.86
2014-07-14,142.18
2014-07-15,142.66
2014-07-16,142.66
2014-07-17,142.42
2014-07-18,142.18
2014-07-21,141.84
2014-07-22,141.65
2014-07-23,141.46
2014-07-24,141.22
2014-07-25,140.79
2014-07-29,140.44
2014-07-30,140.26
2014-07-31,140.03
2014-08-01,139.61
2014-08-04,139.39
2014-08-05,139.22
2014-08-06,139.04
2014-08-07,138.79
2014-08-08,138.54
2014-08-12,138.01
2014-08-13,137.85
2014-08-14,137.62
2014-08-15,137.09
2014-08-19,136.88
2014-08-20,136.74
2014-08-21,136.56
2014-08-22,136.39
2014-08-25,136.06
2014-08-26,136.06
2014-08-27,135.96
2014-08-28,135.85
2014-08-29,135.68
2014-09-01,135.34
2014-09-02,135.24
2014-09-03,135.14
2014-09-04,134.78
2014-09-08,134.34
2014-09-09,134.34
2014-09-10,134.15
2014-09-11,133.97
2014-09-12,133.37
2014-09-16,133.29
2014-09-18,133.08
2014-09-19,132.87
2014-09-22,132.33
2014-09-23,132.33
2014-09-24,132.24
2014-09-25,132.03
2014-09-26,131.8
2014-09-29,131.33
2014-09-30,131.21
2014-10-01,131.09
2014-10-02,130.85
2014-10-03,130.6
2014-10-06,130.11
2014-10-07,129.98
2014-10-08,129.84
2014-10-09,129.61
2014-10-10,129.38
2014-10-13,128.9
2014-10-14,128.76
2014-10-15,128.61
2014-10-16,128.35
2014-10-17,128.09
2014-10-20,127.66
2014-10-21,127.52
2014-10-22,127.39
2014-10-23,127.03
2014-10-24,126.94
2014-10-27,126.52
2014-10-28,126.39
2014-10-29,126.26
2014-10-30,126.04
2014-10-31,125.82
2014-11-03,125.4
2014-11-04,125.28
2014-11-05,125.17
2014-11-06,124.96
2014-11-07,124.74
2014-11-10,124.31
2014-11-11,124.1
2014-11-12,124.1
2014-11-13,123.91
2014-11-14,123.73
2014-11-17,123.37
2014-11-18,123.27
2014-11-19,123.17
2014-11-20,123.0
2014-11-21,122.83
2014-11-24,122.46
2014-11-25,122.38
2014-11-26,122.31
2014-11-27,122.14
2014-11-28,121.97
2014-12-01,121.58
2014-12-02,121.44
2014-12-03,121.44
2014-12-04,121.26
2014-12-05,121.09
2014-12-08,120.68
2014-12-09,120.61
2014-12-10,120.55
2014-12-11,120.37
2014-12-12,120.19
2014-12-15,119.75
2014-12-16,119.69
2014-12-17,119.63
2014-12-18,119.43
2014-12-19,119.23
2014-12-22,118.71
2014-12-23,118.64
2014-12-24,118.58
2014-12-25,118.43
2014-12-26,118.43
2014-12-29,118.36
2014-12-30,118.28
2014-12-31,118.21
2015-01-02,118.11
2015-01-05,117.93
2015-01-06,117.86
2015-01-07,117.78
2015-01-08,117.67
2015-01-09,117.56
2015-01-12,117.37
2015-01-13,117.3
2015-01-14,117.23
2015-01-15,117.11
2015-01-16,117.0
2015-01-20,116.69
2015-01-21,116.61
2015-01-22,116.48
2015-01-23,116.35
2015-01-26,116.11
2015-01-27,116.02
2015-01-28,115.94
2015-01-29,115.8
2015-01-30,115.66
2015-02-02,115.4
2015-02-03,115.32
2015-02-04,115.24
2015-02-05,115.1
2015-02-06,114.96
2015-02-09,114.68
2015-02-10,114.61
2015-02-11,114.54
2015-02-12,114.39
2015-02-13,114.25
2015-02-16,113.95
2015-02-17,113.88
2015-02-19,113.66
2015-02-23,113.2
2015-02-24,113.12
2015-02-25,113.05
2015-02-26,112.74
2015-03-02,112.41
2015-03-03,112.35
2015-03-04,112.29
2015-03-06,111.99
2015-03-09,111.63
2015-03-10,111.58
2015-03-11,111.53
2015-03-12,111.37
2015-03-13,111.22
2015-03-16,110.86
2015-03-17,110.82
2015-03-20,110.5
2015-03-23,110.14
2015-03-24,110.12
2015-03-25,110.09
2015-03-26,109.97
2015-03-27,109.85
2015-03-30,109.62
2015-03-31,109.59
2015-04-01,109.56
2015-04-02,109.53
2015-04-06,109.12
2015-04-07,109.12
2015-04-08,109.1
2015-04-09,108.98
2015-04-10,108.87
2015-04-13,108.59
2015-04-14,108.57
2015-04-15,108.55
2015-04-16,108.45
2015-04-17,108.35
2015-04-20,108.08
2015-04-21,108.06
2015-04-22,108.04
2015-04-23,107.95
2015-04-24,107.88
2015-04-27,107.65
2015-04-28,107.66
2015-04-29,107.67
2015-04-30,107.59
2015-05-01,107.52
2015-05-04,107.31
2015-05-05,107.33
2015-05-06,107.33
2015-05-07,107.35
2015-05-08,107.3
2015-05-11,107.12
2015-05-12,107.13
2015-05-14,107.08
2015-05-15,107.01
2015-05-18,106.8
2015-05-19,106.81
2015-05-20,106.82
2015-05-21,106.76
2015-05-22,106.7
2015-05-26,106.48
2015-05-27,106.5
2015-05-28,106.52
2015-05-29,106.46
2015-06-01,106.25
2015-06-02,106.26
2015-06-03,106.28
2015-06-04,106.23
2015-06-05,106.18
2015-06-08,105.97
2015-06-09,106.0
2015-06-10,106.02
2015-06-11,105.97
2015-06-12,105.92
2015-06-15,105.7
2015-06-16,105.72
2015-06-17,105.74
2015-06-18,105.67
2015-06-19,105.61
2015-06-22,105.39
2015-06-23,105.42
2015-06-24,105.44
2015-06-25,105.32
2015-06-26,105.35
2015-07-01,105.14
2015-07-02,105.14
2015-07-06,104.93
2015-07-07,104.96
2015-07-08,104.99
2015-07-09,104.95
2015-07-10,104.92
2015-07-13,104.73
2015-07-14,104.76
2015-07-15,104.8
2015-07-16,104.76
2015-07-17,104.72
2015-07-20,104.5
2015-07-21,104.54
2015-07-22,104.58
2015-07-23,104.53
2015-07-24,104.48
2015-07-27,104.24
2015-07-28,104.28
2015-07-29,104.32
2015-07-30,104.26
2015-07-31,104.21
2015-08-03,103.97
2015-08-04,104.01
2015-08-05,104.06
2015-08-06,104.01
2015-08-07,103.96
2015-08-10,103.7
2015-08-11,103.75
2015-08-12,103.79
2015-08-13,103.74
2015-08-14,103.69
2015-08-17,103.42
2015-08-18,103.47
2015-08-19,103.53
2015-08-20,103.47
2015-08-21,103.42
2015-08-24,103.15
2015-08-25,103.2
2015-08-26,103.26
2015-08-27,103.32
2015-08-28,103.27
2015-08-31,102.99
2015-09-01,102.99
2015-09-02,103.05
2015-09-03,103.0
2015-09-04,102.95
2015-09-08,102.73
2015-09-09,102.8
2015-09-10,102.75
2015-09-11,102.7
2015-09-14,102.41
2015-09-15,102.48
2015-09-16,102.56
2015-09-17,102.51
2015-09-18,102.47
2015-09-21,102.16
2015-09-22,102.24
2015-09-23,102.32
2015-09-24,102.28
2015-09-25,102.23
2015-09-28,101.91
2015-09-29,102.0
2015-09-30,102.09
2015-10-01,102.04
2015-10-02,102.0
2015-10-05,101.67
2015-10-06,101.77
2015-10-07,101.86
2015-10-08,101.82
2015-10-09,101.79
2015-10-12,101.5
2015-10-13,101.59
2015-10-14,101.69
2015-10-15,101.67
2015-10-16,101.64
2015-10-19,101.36
2015-10-20,101.47
2015-10-21,101.58
2015-10-22,101.58
2015-10-23,101.59
2015-10-26,101.42
2015-10-27,101.53
2015-10-28,101.64
2015-10-29,101.66
2015-11-02,101.49
2015-11-03,101.57
2015-11-04,101.64
2015-11-05,101.59
2015-11-06,101.54
2015-11-09,101.29
2015-11-10,101.34
2015-11-11,101.27
2015-11-12,101.21
2015-11-13,100.95
2015-11-16,100.98
2015-11-17,101.0
2015-11-18,100.93
2015-11-19,100.86
2015-11-20,100.57
2015-11-23,100.6
2015-11-24,100.63
2015-11-25,100.55
2015-11-26,100.47
2015-11-27,100.17
2015-11-30,100.2
2015-12-01,100.24
2015-12-02,100.17
2015-12-03,100.1
2015-12-04,99.88
2015-12-07,99.92
2015-12-08,99.95
2015-12-09,99.92
2015-12-10,99.89
2015-12-11,99.72
2015-12-14,99.76
2015-12-15,99.81
2015-12-16,99.79
2015-12-17,99.78
2015-12-18,99.63
2015-12-21,99.69
2015-12-22,99.75
2015-12-23,99.75
2015-12-24,99.74
2015-12-25,99.67
2015-12-28,99.67
2015-12-29,99.74
2015-12-30,99.74
2015-12-31,99.73
2016-01-01,99.6
2016-01-04,99.67
2016-01-05,99.74
2016-01-06,99.74
2016-01-07,99.74
2016-01-08,99.6
2016-01-11,99.68
2016-01-12,99.75
2016-01-13,99.77
2016-01-14,99.79
2016-01-15,99.73
2016-01-18,99.81
2016-01-19,99.92
2016-01-20,100.0
2016-01-21,100.05
2016-01-22,100.01
2016-01-25,100.1
2016-01-26,100.19
2016-01-27,100.23
2016-01-28,100.28
2016-01-29,100.22
2016-02-01,100.32
2016-02-02,100.42
2016-02-03,100.47
2016-02-04,100.51
2016-02-05,100.47
2016-02-08,100.58
2016-02-09,100.69
2016-02-10,100.76
2016-02-11,100.83
2016-02-12,100.83
2016-02-15,100.95
2016-02-16,101.07
2016-02-17,101.15
2016-02-18,101.24
2016-02-19,101.26
2016-02-22,101.38
2016-02-23,101.51
2016-02-24,101.6
2016-02-25,101.69
2016-02-26,101.76
2016-02-29,101.88
2016-03-01,102.03
2016-03-02,102.18
2016-03-03,102.31
2016-03-04,102.4
2016-03-07,102.54
2016-03-08,102.7
2016-03-09,102.87
2016-03-10,103.02
2016-03-11,103.13
2016-03-14,103.29
2016-03-15,103.46
2016-03-16,103.63
2016-03-17,103.76
2016-03-18,103.79
2016-03-21,103.87
2016-03-22,103.97
2016-03-23,104.08
2016-03-24,104.17
2016-03-25,104.12
2016-03-28,104.1
2016-03-29,104.19
2016-03-30,104.28
2016-03-31,104.35
2016-04-01,104.46
2016-04-04,104.59
2016-04-05,104.67
2016-04-06,104.74
2016-04-07,104.87
2016-04-08,105.16
2016-04-11,105.3
2016-04-12,105.35
2016-04-13,105.37
2016-04-14,105.47
2016-04-15,105.72
2016-04-18,105.73
2016-04-19,105.75
2016-04-20,105.76
2016-04-21,105.77
2016-04-22,106.01
2016-04-25,106.1
2016-04-26,106.11
2016-04-27,106.13
2016-04-28,106.22
2016-04-29,106.44
2016-05-02,106.52
2016-05-03,106.54
2016-05-04,106.59
2016-05-05,106.63
2016-05-06,106.9
2016-05-09,107.01
2016-05-10,107.05
2016-05-11,107.09
2016-05-12,107.22
2016-05-13,107.5
2016-05-16,107.62
2016-05-17,107.66
2016-05-18,107.7
2016-05-19,107.82
2016-05-20,108.08
2016-05-23,108.18
2016-05-24,108.2
2016-05-25,108.22
2016-05-26,108.24
2016-05-27,108.51
2016-05-30,108.6
2016-05-31,108.62
2016-06-01,108.64
2016-06-02,108.74
2016-06-03,109.03
2016-06-06,109.13
2016-06-07,109.15
2016-06-08,109.17
2016-06-09,109.28
2016-06-10,109.57
2016-06-13,109.68
2016-06-14,109.7
2016-06-15,109.72
2016-06-16,109.83
2016-06-17,110.15
2016-06-20,110.29
2016-06-21,110.31
2016-06-22,110.34
2016-06-23,110.49
2016-06-24,110.97
2016-06-27,111.15
2016-06-28,111.17
2016-06-29,111.2
2016-06-30,111.38
2016-07-01,111.84
2016-07-04,112.02
2016-07-05,112.05
2016-07-06,112.08
2016-07-07,112.25
2016-07-08,112.71
2016-07-11,112.89
2016-07-12,112.92
2016-07-13,112.94
2016-07-14,113.12
2016-07-15,113.6
2016-07-18,113.78
2016-07-19,113.81
2016-07-20,113.85
2016-07-21,114.03
2016-07-22,114.53
2016-07-25,114.72
2016-07-26,114.76
2016-07-27,114.79
2016-07-28,114.97
2016-07-29,115.44
2016-08-01,115.62
2016-08-02,115.65
2016-08-03,115.67
2016-08-04,115.85
2016-08-05,116.35
2016-08-08,116.53
2016-08-09,116.56
2016-08-10,116.57
2016-08-11,116.75
2016-08-12,117.23
2016-08-15,117.4
2016-08-16,117.42
2016-08-17,117.44
2016-08-18,117.6
2016-08-19,117.92
2016-08-22,118.04
2016-08-23,118.07
2016-08-24,118.1
2016-08-25,118.13
2016-08-26,118.43
2016-08-29,118.52
2016-08-30,118.55
2016-08-31,118.59
2016-09-01,118.71
2016-09-02,119.01
2016-09-05,119.12
2016-09-06,119.15
2016-09-07,119.17
2016-09-08,119.29
2016-09-09,119.58
2016-09-12,119.69
2016-09-13,119.72
2016-09-14,119.75
2016-09-15,119.87
2016-09-16,120.16
2016-09-19,120.3
2016-09-20,120.33
2016-09-21,120.37
2016-09-22,120.5
2016-09-23,120.86
2016-09-26,121.03
2016-09-27,121.06
2016-09-28,121.09
2016-09-29,121.26
2016-09-30,121.76
2016-10-03,121.96
2016-10-04,121.99
2016-10-05,122.02
2016-10-06,122.23
2016-10-07,122.79
2016-10-10,123.02
2016-10-11,123.05
2016-10-12,123.08
2016-10-13,123.32
2016-10-14,123.97
2016-10-17,124.21
2016-10-18,124.25
2016-10-19,124.29
2016-10-20,124.54
2016-10-21,125.22
2016-10-24,125.48
2016-10-25,125.53
2016-10-26,125.59
2016-10-27,125.85
2016-10-28,126.52
2016-10-31,126.77
2016-11-01,126.83
2016-11-02,126.88
2016-11-03,127.13
2016-11-04,127.75
2016-11-07,127.99
2016-11-08,128.04
2016-11-09,128.09
2016-11-10,128.33
2016-11-11,128.95
2016-11-14,129.2
2016-11-15,129.26
2016-11-16,129.32
2016-11-17,129.57
2016-11-18,130.14
2016-11-21,130.35
2016-11-22,130.41
2016-11-23,130.46
2016-11-24,130.67
2016-11-25,131.19
2016-11-28,131.4
2016-11-29,131.46
2016-11-30,131.51
2016-12-01,131.73
2016-12-02,132.26
2016-12-05,132.47
2016-12-06,132.54
2016-12-07,132.6
2016-12-08,132.81
2016-12-09,133.34
2016-12-12,133.56
2016-12-13,133.63
2016-12-14,133.71
2016-12-15,133.94
2016-12-16,134.5
2016-12-19,134.76
2016-12-20,134.84
2016-12-21,134.94
2016-12-22,135.21
2016-12-23,135.68
2016-12-26,135.68
2016-12-27,135.68
2016-12-28,135.78
2016-12-29,136.08
2016-12-30,136.58
2017-01-02,136.8
2017-01-03,136.89
2017-01-04,136.98
2017-01-05,137.3
2017-01-06,138.05
2017-01-09,138.36
2017-01-10,138.47
2017-01-11,138.58
2017-01-12,138.91
2017-01-13,139.68
2017-01-16,140.04
2017-01-17,140.16
2017-01-18,140.29
2017-01-19,140.66
2017-01-20,141.54
2017-01-23,141.91
2017-01-24,142.02
2017-01-25,142.13
2017-01-26,142.51
2017-01-27,143.43
2017-01-30,143.82
2017-01-31,143.94
2017-02-01,144.06
2017-02-02,144.45
2017-02-03,145.38
2017-02-06,145.77
2017-02-07,145.9
2017-02-08,146.04
2017-02-09,146.44
2017-02-10,147.38
2017-02-13,147.79
2017-02-14,147.92
2017-02-15,148.04
2017-02-16,148.44
2017-02-17,149.39
2017-02-20,149.77
2017-02-21,149.87
2017-02-22,149.91
2017-02-23,150.23
2017-02-24,151.13
2017-02-27,151.41
2017-02-28,151.41
2017-03-01,151.41
2017-03-02,151.68
2017-03-03,152.5
2017-03-06,152.78
2017-03-07,152.79
2017-03-08,152.8
2017-03-09,153.09
2017-03-10,153.92
2017-03-13,154.21
2017-03-14,154.24
2017-03-15,154.27
2017-03-16,154.55
2017-03-17,155.28
2017-03-20,155.51
2017-03-21,155.48
2017-03-22,155.42
2017-03-23,155.59
2017-03-24,156.23
2017-03-27,156.42
2017-03-28,156.36
2017-03-29,156.29
2017-03-30,156.46
2017-03-31,157.12
2017-04-03,157.05
2017-04-04,156.99
2017-04-05,156.93
2017-04-06,156.87
2017-04-07,157.51
2017-04-10,157.7
2017-04-11,157.69
2017-04-12,157.7
2017-04-13,157.94
2017-04-14,158.62
2017-04-17,158.85
2017-04-18,158.87
2017-04-19,158.89
2017-04-20,159.15
2017-04-21,159.79
2017-04-24,160.01
2017-04-25,159.99
2017-04-26,159.97
2017-04-27,160.12
2017-04-28,160.62
2017-05-01,160.78
2017-05-02,160.78
2017-05-03,160.76
2017-05-04,160.75
2017-05-05,161.17
2017-05-08,161.3
2017-05-09,161.3
2017-05-10,161.3
2017-05-11,161.47
2017-05-12,161.97
2017-05-15,162.14
2017-05-16,162.15
2017-05-17,162.16
2017-05-18,162.34
2017-05-19,162.82
2017-05-22,162.99
2017-05-23,163.01
2017-05-24,163.04
2017-05-25,163.06
2017-05-26,163.56
2017-05-29,163.72
2017-05-30,163.75
2017-05-31,163.8
2017-06-01,163.99
2017-06-02,164.48
2017-06-05,164.67
2017-06-06,164.74
2017-06-07,164.8
2017-06-08,165.01
2017-06-09,165.49
2017-06-12,165.71
2017-06-13,165.78
2017-06-14,165.86
2017-06-15,166.09
2017-06-16,166.62
2017-06-19,166.84
2017-06-20,166.92
2017-06-21,167.01
2017-06-22,167.24
2017-06-23,167.8
2017-06-26,168.05
2017-06-27,168.15
2017-06-28,168.25
2017-06-29,168.5
2017-06-30,169.06
2017-07-03,169.31
2017-07-04,169.42
2017-07-05,169.53
2017-07-06,169.78
2017-07-07,170.32
2017-07-10,170.57
2017-07-11,170.68
2017-07-12,170.79
2017-07-13,171.03
2017-07-14,171.53
2017-07-17,171.76
2017-07-18,171.88
2017-07-19,171.99
2017-07-20,172.23
2017-07-21,172.69
2017-07-24,172.92
2017-07-25,173.05
2017-07-26,173.18
2017-07-27,173.4
2017-07-28,173.87
2017-07-31,174.09
2017-08-01,174.21
2017-08-02,174.33
2017-08-03,174.56
2017-08-04,174.99
2017-08-07,175.22
2017-08-08,175.35
2017-08-09,175.47
2017-08-10,175.7
2017-08-11,176.11
2017-08-14,176.34
2017-08-15,176.47
2017-08-16,176.62
2017-08-17,176.85
2017-08-18,177.24
2017-08-21,177.47
2017-08-22,177.65
2017-08-23,177.83
2017-08-24,178.08
2017-08-25,178.46
2017-08-28,178.52
2017-08-29,178.71
2017-08-30,178.91
2017-08-31,179.1
2017-09-01,179.45
2017-09-04,179.69
2017-09-05,179.9
2017-09-06,180.1
2017-09-07,180.34
2017-09-08,180.65
2017-09-11,180.89
2017-09-12,181.1
2017-09-13,181.3
2017-09-14,181.53
2017-09-15,181.71
2017-09-18,181.89
2017-09-19,182.07
2017-09-20,182.25
2017-09-21,182.39
2017-09-22,182.47
2017-09-25,182.57
2017-09-26,182.69
2017-09-27,182.82
2017-09-28,182.91
2017-09-29,182.91
2017-10-02,182.99
2017-10-03,183.12
2017-10-04,183.26
2017-10-05,183.35
2017-10-06,183.3
2017-10-09,183.38
2017-10-10,183.52
2017-10-11,183.65
2017-10-12,183.7
2017-10-13,183.58
2017-10-16,183.61
2017-10-17,183.75
2017-10-18,183.88
2017-10-19,183.91
2017-10-20,183.66
2017-10-23,183.66
2017-10-24,183.78
2017-10-25,183.89
2017-10-26,183.87
2017-10-27,183.63
2017-10-30,183.71
2017-10-31,183.84
2017-11-01,183.97
2017-11-02,184.13
2017-11-03,184.61
2017-11-06,184.97
2017-11-07,185.1
2017-11-09,185.59
2017-11-10,186.4
2017-11-13,186.76
2017-11-14,186.88
2017-11-15,187.0
2017-11-16,187.36
2017-11-17,188.17
2017-11-20,188.53
2017-11-21,188.65
2017-11-22,188.78
2017-11-23,189.12
2017-11-24,189.91
2017-11-27,190.26
2017-11-28,190.39
2017-11-29,190.52
2017-11-30,190.87
2017-12-01,191.64
2017-12-04,191.98
2017-12-05,192.09
2017-12-06,192.21
2017-12-07,192.54
2017-12-08,193.26
2017-12-11,193.57
2017-12-12,193.7
2017-12-13,193.83
2017-12-14,194.15
2017-12-15,194.78
2017-12-18,195.07
2017-12-19,195.2
2017-12-20,195.34
2017-12-21,195.62
2017-12-22,196.09
2017-12-25,196.09
2017-12-26,196.09
2017-12-27,196.19
2017-12-28,196.29
2017-12-29,196.68
2018-01-01,196.68
2018-01-02,196.78
2018-01-03,196.88
2018-01-04,197.08
2018-01-05,197.44
2018-01-08,197.63
2018-01-09,197.74
2018-01-10,197.85
2018-01-11,198.04
2018-01-12,198.36
2018-01-15,198.53
2018-01-16,198.63
2018-01-17,198.73
2018-01-18,198.9
2018-01-19,198.75
2018-01-22,198.85
2018-01-23,198.95
2018-01-24,199.05
2018-01-25,199.15
2018-01-26,199.2
2018-01-29,199.27
2018-01-30,199.38
2018-02-01,199.57
2018-02-02,199.56
2018-02-05,199.64
2018-02-06,199.77
2018-02-07,199.89
2018-02-08,199.91
2018-02-09,199.7
2018-02-12,199.71
2018-02-13,199.91
2018-02-14,200.12
2018-02-15,200.2
2018-02-16,199.91
2018-02-19,199.94
2018-02-20,200.2
2018-02-21,200.46
2018-02-22,200.55
2018-02-23,200.26
2018-02-26,200.27
2018-02-27,200.47
2018-02-28,200.38
2018-03-01,200.3
2018-03-02,199.62
2018-03-05,199.82
2018-03-06,200.03
2018-03-07,199.91
2018-03-08,199.76
2018-03-09,198.87
2018-03-12,199.05
2018-03-13,199.24
2018-03-14,199.05
2018-03-15,198.86
2018-03-16,198.26
2018-03-19,198.45
2018-03-20,198.64
2018-03-21,198.77
2018-03-22,198.91
2018-03-23,198.97
2018-03-26,199.16
2018-03-27,199.34
2018-03-28,199.5
2018-03-29,199.65
2018-03-30,199.79
2018-04-02,199.79
2018-04-03,199.96
2018-04-04,200.19
2018-04-05,200.43
2018-04-06,200.89
2018-04-09,201.05
2018-04-10,201.19
2018-04-11,201.47
2018-04-12,201.87
2018-04-13,203.01
2018-04-16,203.1
2018-04-17,203.21
2018-04-18,203.65
2018-04-19,204.05
2018-04-20,205.17
2018-04-23,205.18
2018-04-24,205.16
2018-04-25,205.53
2018-04-26,205.9
2018-04-27,207.05
2018-04-30,207.07
2018-05-01,207.1
2018-05-02,207.09
2018-05-03,207.41
2018-05-04,208.1
2018-05-07,208.1
2018-05-08,208.09
2018-05-09,208.33
2018-05-10,208.59
2018-05-11,209.35
2018-05-14,209.36
2018-05-15,209.37
2018-05-16,209.62
2018-05-17,210.04
2018-05-18,211.04
2018-05-21,211.18
2018-05-22,211.32
2018-05-23,211.82
2018-05-24,212.3
2018-05-25,213.54
2018-05-28,213.54
2018-05-29,213.67
2018-05-30,213.8
2018-05-31,214.3
2018-06-01,215.55
2018-06-04,215.68
2018-06-05,215.81
2018-06-06,216.32
2018-06-07,216.85
2018-06-08,218.14
2018-06-11,218.3
2018-06-12,218.47
2018-06-13,219.02
2018-06-14,219.57
2018-06-15,220.85
2018-06-18,221.01
2018-06-19,221.15
2018-06-20,221.65
2018-06-21,222.15
2018-06-22,223.41
2018-06-25,223.55
2018-06-26,223.69
2018-06-27,224.22
2018-06-28,224.75
2018-06-29,226.01
2018-07-02,226.18
2018-07-03,226.36
2018-07-04,226.9
2018-07-05,227.45
2018-07-06,228.78
2018-07-09,228.98
2018-07-10,229.19
2018-07-11,229.78
2018-07-12,230.37
2018-07-13,231.73
2018-07-16,231.96
2018-07-17,232.2
2018-07-18,232.84
2018-07-19,233.48
2018-07-20,234.82
2018-07-23,235.04
2018-07-24,235.2
2018-07-25,235.67
2018-07-26,236.05
2018-07-27,237.21
2018-07-30,237.22
2018-07-31,237.23
2018-08-01,237.64
2018-08-02,238.08
2018-08-03,239.34
2018-08-06,239.35
2018-08-07,239.37
2018-08-08,239.79
2018-08-09,240.23
2018-08-10,241.59
2018-08-13,241.6
2018-08-14,241.63
2018-08-15,242.13
2018-08-16,242.63
2018-08-17,243.98
2018-08-20,244.04
2018-08-21,244.11
2018-08-22,244.61
2018-08-23,245.11
2018-08-24,246.4
2018-08-27,246.4
2018-08-28,246.46
2018-08-29,246.52
2018-08-30,246.97
2018-08-31,248.21
2018-09-03,248.24
2018-09-04,248.26
2018-09-05,248.73
2018-09-06,249.19
2018-09-07,250.52
2018-09-10,250.53
2018-09-11,250.54
2018-09-12,250.99
2018-09-13,251.43
2018-09-14,252.66
2018-09-17,252.62
2018-09-18,252.59
2018-09-19,252.98
2018-09-20,253.35
2018-09-21,254.63
2018-09-24,254.6
2018-09-25,254.57
2018-09-26,254.96
2018-09-27,255.33
2018-09-28,256.57
2018-10-01,256.41
2018-10-02,256.24
2018-10-03,256.53
2018-10-04,256.81
2018-10-05,257.98
2018-10-08,257.83
2018-10-09,257.7
2018-10-10,258.01
2018-10-11,258.33
2018-10-12,259.55
2018-10-15,259.46
2018-10-16,259.39
2018-10-17,259.81
2018-10-18,260.22
2018-10-19,261.36
2018-10-22,261.32
2018-10-23,261.29
2018-10-24,261.64
2018-10-25,261.95
2018-10-26,262.9
2018-10-29,262.83
2018-10-30,262.77
2018-10-31,263.03
2018-11-01,263.28
2018-11-02,264.24
2018-11-05,264.18
2018-11-06,264.13
2018-11-07,264.42
2018-11-08,264.72
2018-11-09,265.73
2018-11-12,265.69
2018-11-13,265.65
2018-11-14,265.96
2018-11-15,266.23
2018-11-16,267.22
2018-11-19,267.21
2018-11-20,267.22
2018-11-21,267.62
2018-11-22,268.0
2018-11-23,269.2
2018-11-26,269.24
2018-11-27,269.29
2018-11-28,269.69
2018-11-29,270.1
2018-11-30,271.2
2018-12-03,271.26
2018-12-04,271.32
2018-12-05,271.71
2018-12-06,272.1
2018-12-07,273.1
2018-12-10,273.17
2018-12-11,273.26
2018-12-12,273.65
2018-12-13,274.02
2018-12-14,274.84
2018-12-17,275.05
2018-12-18,275.29
2018-12-19,275.76
2018-12-20,276.23
2018-12-21,276.98
2018-12-24,277.23
2018-12-25,277.42
2018-12-26,277.42
2018-12-27,277.42
2018-12-28,278.1
2018-12-31,278.3
2019-01-01,278.3
2019-01-02,278.51
2019-01-03,278.91
2019-01-04,279.65
2019-01-07,279.85
2019-01-08,280.06
2019-01-09,280.43
2019-01-10,280.79
2019-01-11,281.38
2019-01-14,281.61
2019-01-15,281.83
2019-01-16,282.14
2019-01-17,282.41
2019-01-18,282.78
2019-01-21,282.93
2019-01-22,283.01
2019-01-23,283.02
2019-01-24,282.91
2019-01-25,282.8
2019-01-28,282.36
2019-01-29,281.92
2019-01-30,281.58
2019-01-31,281.23
2019-02-01,280.97
2019-02-04,280.56
2019-02-05,280.06
2019-02-06,279.59
2019-02-07,279.0
2019-02-08,278.36
2019-02-11,277.77
2019-02-12,277.19
2019-02-13,276.59
2019-02-14,276.03
2019-02-15,275.64
2019-02-18,275.08
2019-02-19,274.57
2019-02-20,274.17
2019-02-21,273.79
2019-02-22,274.74
2019-02-25,274.2
2019-02-26,273.64
2019-02-27,273.68
2019-02-28,273.76
2019-03-01,275.15
2019-03-04,274.62
2019-03-05,274.08
2019-03-06,274.13
2019-03-07,274.15
2019-03-08,275.15
2019-03-11,274.64
2019-03-12,274.13
2019-03-13,274.1
2019-03-14,274.05
2019-03-15,274.83
2019-03-18,274.37
2019-03-19,274.14
2019-03-20,274.46
2019-03-21,274.91
2019-03-22,277.09
2019-03-25,276.82
2019-03-26,276.55
2019-03-27,277.13
2019-03-28,277.71
2019-03-29,280.15
2019-04-01,279.91
2019-04-02,279.68
2019-04-03,280.34
2019-04-04,280.98
2019-04-05,283.32
2019-04-08,283.12
2019-04-09,282.93
2019-04-10,283.49
2019-04-11,283.83
2019-04-12,284.56
2019-04-15,284.29
2019-04-16,284.03
2019-04-17,283.79
2019-04-18,283.97
2019-04-22,285.12
2019-04-23,284.81
2019-04-24,284.89
2019-04-25,285.21
2019-04-26,286.64
2019-04-29,286.41
2019-04-30,286.2
2019-05-01,286.04
2019-05-02,286.48
2019-05-03,287.97
2019-05-06,287.97
2019-05-07,287.8
2019-05-08,288.17
2019-05-09,288.48
2019-05-10,289.69
2019-05-13,289.45
2019-05-14,289.23
2019-05-15,289.45
2019-05-16,289.57
2019-05-17,290.38
2019-05-20,289.97
2019-05-21,289.58
2019-05-22,289.55
2019-05-23,289.53
2019-05-24,290.11
2019-05-27,290.11
2019-05-28,289.7
2019-05-29,289.32
2019-05-30,289.23
2019-06-03,289.27
2019-06-04,288.95
2019-06-05,288.86
2019-06-06,288.72
2019-06-07,288.8
2019-06-10,288.52
2019-06-11,288.26
2019-06-12,288.13
2019-06-13,288.0
2019-06-14,287.99
2019-06-17,287.74
2019-06-18,287.5
2019-06-19,287.33
2019-06-20,287.14
2019-06-21,286.89
2019-06-24,286.63
2019-06-25,286.35
2019-06-26,286.08
2019-06-27,285.82
2019-06-28,285.44
2019-07-01,285.22
2019-07-02,284.99
2019-07-03,284.71
2019-07-04,284.43
2019-07-05,283.95
2019-07-11,283.11
2019-07-12,282.66
2019-07-15,282.53
2019-07-16,282.44
2019-07-17,282.26
2019-07-18,282.08
2019-07-19,281.62
2019-07-22,281.57
2019-07-23,281.53
2019-07-24,281.34
2019-07-25,281.18
2019-07-26,280.78
2019-07-29,280.81
2019-07-30,280.86
2019-07-31,280.8
2019-08-01,280.72
2019-08-02,280.34
2019-08-05,280.35
2019-08-06,280.36
2019-08-07,280.18
2019-08-08,279.93
2019-08-09,279.28
2019-08-12,279.22
2019-08-13,279.18
2019-08-14,278.88
2019-08-15,278.61
2019-08-16,277.76
2019-08-19,277.72
2019-08-20,277.66
2019-08-21,277.3
2019-08-22,276.87
2019-08-23,275.66
2019-08-26,275.66
2019-08-27,275.59
2019-08-28,275.56
2019-08-29,275.13
2019-08-30,273.85
2019-09-02,273.86
2019-09-03,273.93
2019-09-04,273.57
2019-09-05,273.22
2019-09-06,271.97
2019-09-09,272.05
2019-09-10,272.14
2019-09-11,271.78
2019-09-12,271.43
2019-09-13,270.24
2019-09-16,270.34
2019-09-17,270.45
2019-09-18,270.16
2019-09-19,269.9
2019-09-20,269.21
2019-09-23,269.32
2019-09-24,269.44
2019-09-25,269.42
2019-09-26,269.41
2019-09-27,269.03
2019-09-30,269.18
2019-10-01,269.34
2019-10-02,269.32
2019-10-03,269.3
2019-10-04,268.82
2019-10-07,269.01
2019-10-08,269.21
2019-10-09,269.17
2019-10-10,269.13
2019-10-11,268.81
2019-10-14,269.04
2019-10-15,269.27
2019-10-16,269.32
2019-10-17,269.35
2019-10-18,268.97
2019-10-21,269.18
2019-10-22,269.39
2019-10-23,269.39
2019-10-24,269.45
2019-10-25,269.21
2019-10-28,269.42
2019-10-29,269.63
2019-10-30,269.67
2019-10-31,269.7
2019-11-01,269.34
2019-11-04,269.56
2019-11-05,269.77
2019-11-06,269.81
2019-11-07,269.86
2019-11-08,269.56
2019-11-11,269.79
2019-11-12,270.02
2019-11-13,270.11
2019-11-14,270.26
2019-11-15,270.12
2019-11-18,270.52
2019-11-19,270.84
2019-11-20,271.0
2019-11-21,271.15
2019-11-22,270.98
2019-11-25,271.35
2019-11-26,271.72
2019-11-27,271.94
2019-11-28,272.17
2019-11-29,272.06
2019-12-02,272.51
2019-12-03,272.97
2019-12-04,273.27
2019-12-05,273.61
2019-12-06,273.62
2019-12-09,274.11
2019-12-10,274.62
2019-12-11,274.99
2019-12-12,275.39
2019-12-13,275.46
2019-12-16,276.16
2019-12-17,276.8
2019-12-18,277.23
2019-12-19,277.66
2019-12-20,277.59
2019-12-23,277.86
2019-12-24,277.45
2019-12-25,277.45
2019-12-26,277.45
2019-12-27,276.76
2019-12-30,276.37
2019-12-31,275.95
2020-01-02,275.43
2020-01-03,274.69
2020-01-06,274.37
2020-01-07,274.05
2020-01-08,273.65
2020-01-09,272.97
2020-01-10,272.05
2020-01-13,271.51
2020-01-14,270.92
2020-01-15,270.13
2020-01-16,269.27
2020-01-17,268.21
2020-01-20,267.51
2020-01-21,266.84
2020-01-22,266.1
2020-01-23,265.56
2020-01-24,264.78
2020-01-27,264.38
2020-01-28,263.99
2020-01-29,263.55
2020-01-30,263.11
2020-01-31,262.43
2020-02-03,262.19
2020-02-04,261.98
2020-02-05,261.66
2020-02-06,261.35
2020-02-07,260.7
2020-02-10,260.55
2020-02-11,260.44
2020-02-12,260.1
2020-02-13,259.67
2020-02-14,258.56
2020-02-17,258.45
2020-02-18,258.38
2020-02-19,258.02
2020-02-20,257.54
2020-02-21,256.15
2020-02-24,256.12
2020-02-25,256.12
2020-02-26,255.78
2020-02-27,255.49
2020-02-28,254.9
2020-03-02,254.64
2020-03-03,254.7
2020-03-04,254.78
2020-03-05,254.56
2020-03-06,253.78
2020-03-09,253.62
2020-03-10,253.78
2020-03-11,253.95
2020-03-12,253.87
2020-03-13,253.23
2020-03-16,253.17
2020-03-17,253.39
2020-03-18,253.61
2020-03-19,253.58
2020-03-20,253.05
2020-03-23,253.06
2020-03-24,253.36
2020-03-25,253.67
2020-03-26,253.72
2020-03-27,253.37
2020-03-30,253.74
2020-03-31,254.12
2020-04-01,254.51
2020-04-02,254.93
2020-04-03,254.71
2020-04-06,254.94
2020-04-07,255.39
2020-04-08,255.85
2020-04-09,256.11
2020-04-10,255.55
2020-04-13,255.53
2020-04-14,256.02
2020-04-15,256.52
2020-04-16,256.99
2020-04-17,257.53
2020-04-20,258.23
2020-04-21,258.78
2020-04-22,259.34
2020-04-23,259.98
2020-04-24,260.99
2020-04-27,261.6
2020-04-28,262.11
2020-04-29,262.62
2020-04-30,263.21
2020-05-01,264.14
2020-05-04,264.81
2020-05-05,265.27
2020-05-06,265.72
2020-05-07,266.17
2020-05-08,266.64
2020-05-11,267.24
2020-05-12,267.65
2020-05-13,268.02
2020-05-14,268.54
2020-05-15,268.98
2020-05-18,269.2
2020-05-19,269.57
2020-05-20,269.98
2020-05-21,270.24
2020-05-22,270.21
2020-05-25,270.09
2020-05-26,270.5
2020-05-27,270.51
2020-05-28,270.94
2020-05-29,271.03
2020-06-01,271.36
2020-06-02,271.82
2020-06-03,272.3
2020-06-04,272.68
2020-06-05,272.71
2020-06-08,273.0
2020-06-09,273.5
2020-06-10,274.4
2020-06-11,274.71
2020-06-12,274.55
2020-06-15,274.85
2020-06-16,275.39
2020-06-17,275.93
2020-06-18,276.29
2020-06-19,276.41
2020-06-22,276.83
2020-06-23,277.41
2020-06-24,278.0
2020-06-25,278.47
2020-06-26,278.59
2020-06-29,279.03
2020-06-30,279.68
2020-07-01,280.33
2020-07-02,280.79
2020-07-03,280.72
2020-07-06,281.0
2020-07-07,281.55
2020-07-08,282.0
2020-07-09,282.08
2020-07-10,281.59
2020-07-13,281.77
2020-07-14,282.21
2020-07-15,282.65
2020-07-16,282.76
2020-07-17,282.06
2020-07-20,282.1
2020-07-21,282.5
2020-07-22,282.89
2020-07-23,283.01
2020-07-24,283.12
2020-07-27,283.59
2020-07-28,283.98
2020-07-29,284.38
2020-07-30,284.88
2020-07-31,285.56
2020-08-03,286.05
2020-08-04,286.47
2020-08-05,286.87
2020-08-06,287.37
2020-08-07,288.0
2020-08-10,288.48
2020-08-11,288.89
2020-08-12,289.31
2020-08-13,289.82
2020-08-14,290.29
2020-08-17,290.7
2020-08-18,291.14
2020-08-19,291.58
2020-08-20,292.04
2020-08-21,292.44
2020-08-24,292.89
2020-08-25,293.34
2020-08-26,293.77
2020-08-27,294.2
2020-08-28,294.67
2020-08-31,294.71
2020-09-01,295.14
2020-09-02,295.57
2020-09-03,296.04
2020-09-04,296.69
2020-09-07,297.21
2020-09-08,297.63
2020-09-09,298.06
2020-09-10,298.56
2020-09-11,299.18
2020-09-14,299.65
2020-09-15,299.96
2020-09-16,300.27
2020-09-17,300.74
2020-09-18,301.47
2020-09-21,301.91
2020-09-22,302.2
2020-09-23,302.5
2020-09-24,302.94
2020-09-25,303.8
2020-09-28,304.28
2020-09-29,304.55
2020-09-30,304.81
2020-10-01,305.42
2020-10-02,306.76
2020-10-05,307.39
2020-10-06,307.51
2020-10-07,307.62
2020-10-08,308.05
2020-10-09,309.03
2020-10-12,309.42
2020-10-13,309.57
2020-10-14,309.73
2020-10-15,310.13
2020-10-16,310.72
2020-10-19,311.11
2020-10-20,311.45
2020-10-21,311.83
2020-10-22,312.37
2020-10-23,313.18
2020-10-26,313.64
2020-10-27,313.92
2020-10-28,314.2
2020-10-29,314.69
2020-10-30,315.58
2020-11-02,316.08
2020-11-03,316.39
2020-11-04,316.71
2020-11-05,317.25
2020-11-06,318.16
2020-11-09,318.77
2020-11-10,319.22
2020-11-11,319.69
2020-11-12,320.33
2020-11-13,321.28
2020-11-16,321.92
2020-11-17,322.43
2020-11-18,322.9
2020-11-19,323.5
2020-11-20,324.18
2020-11-23,324.71
2020-11-24,325.19
2020-11-25,325.67
2020-11-26,326.21
2020-11-27,326.8
2020-11-30,327.3
2020-12-01,327.78
2020-12-02,328.15
2020-12-03,328.54
2020-12-04,328.97
2020-12-07,329.32
2020-12-08,329.68
2020-12-09,330.02
2020-12-10,330.4
2020-12-11,330.71
2020-12-14,331.02
2020-12-15,331.41
2020-12-16,331.8
2020-12-17,332.02
2020-12-18,331.67
2020-12-21,331.83
2020-12-22,332.24
2020-12-23,332.63
2020-12-24,332.8
2020-12-25,332.65
2020-12-28,332.5
2020-12-29,332.91
2020-12-30,333.34
2020-12-31,333.64
2021-01-01,333.31
2021-01-04,333.62
2021-01-05,334.12
2021-01-06,334.63
2021-01-07,334.99
2021-01-08,335.01
2021-01-11,335.37
2021-01-12,335.92
2021-01-13,336.49
2021-01-14,336.87
2021-01-15,336.97
2021-01-18,337.55
2021-01-19,338.25
2021-01-20,338.83
2021-01-21,339.33
2021-01-22,340.61
2021-01-25,341.6
2021-01-26,341.8
2021-01-27,342.01
2021-01-28,342.98
2021-01-29,345.47
2021-02-01,346.39
2021-02-02,346.58
2021-02-03,346.79
2021-02-04,347.76
2021-02-05,350.84
2021-02-08,352.14
2021-02-09,352.41
2021-02-10,352.69
2021-02-11,354.03
2021-02-12,357.38
2021-02-15,358.62
2021-02-16,358.82
2021-02-17,359.03
2021-02-18,360.29
2021-02-19,363.57
2021-02-22,364.89
2021-02-23,365.13
2021-02-24,365.37
2021-02-25,366.68
2021-02-26,370.17
2021-03-01,371.44
2021-03-02,371.62
2021-03-03,371.82
2021-03-04,373.09
2021-03-05,376.62
2021-03-08,377.91
2021-03-09,378.09
2021-03-10,378.29
2021-03-11,379.87
2021-03-12,383.77
2021-03-15,385.37
2021-03-16,385.62
2021-03-17,385.76
2021-03-18,386.83
2021-03-19,388.1
2021-03-22,387.84
2021-03-23,386.88
2021-03-24,385.91
2021-03-25,385.67
2021-03-26,386.69
2021-03-29,386.39
2021-03-30,385.5
2021-03-31,384.86
2021-04-01,384.87
2021-04-02,386.57
2021-04-05,387.11
2021-04-06,386.55
2021-04-07,386.05
2021-04-08,386.08
2021-04-09,387.26
2021-04-12,387.39
2021-04-13,386.93
2021-04-14,386.37
2021-04-15,386.44
2021-04-16,387.71
2021-04-19,387.18
2021-04-20,386.48
2021-04-21,385.79
2021-04-22,385.11
2021-04-23,386.31
2021-04-26,386.18
2021-04-27,385.47
2021-04-28,384.75
2021-04-29,384.53
2021-04-30,385.04
2021-05-03,385.46
2021-05-04,384.69
2021-05-05,383.96
2021-05-06,383.27
2021-05-07,384.01
2021-05-10,383.87
2021-05-11,383.21
2021-05-12,382.58
2021-05-13,382.5
2021-05-14,383.58
2021-05-17,383.76
2021-05-18,383.13
2021-05-19,382.53
2021-05-20,382.7
2021-05-21,384.22
2021-05-24,384.17
2021-05-25,383.37
2021-05-26,382.59
2021-05-27,381.8
2021-05-28,383.19
2021-06-01,383.06
2021-06-02,382.26
2021-06-03,382.14
2021-06-04,383.22
2021-06-07,383.08
2021-06-08,382.24
2021-06-09,381.41
2021-06-10,381.17
2021-06-11,381.97
2021-06-14,381.81
2021-06-15,381.12
2021-06-16,380.39
2021-06-17,380.21
2021-06-18,380.87
2021-06-21,380.53
2021-06-22,379.43
2021-06-23,378.32
2021-06-24,377.75
2021-06-25,378.21
2021-06-28,377.65
2021-06-29,376.65
2021-06-30,375.68
2021-07-01,375.16
2021-07-05,374.97
2021-07-06,374.05
2021-07-07,373.1
2021-07-08,372.55
2021-07-09,372.67
2021-07-12,372.12
2021-07-13,371.26
2021-07-14,370.42
2021-07-15,369.93
2021-07-16,369.87
2021-07-19,369.33
2021-07-20,368.59
2021-07-21,367.87
2021-07-22,367.35
2021-07-23,367.05
2021-07-26,366.33
2021-07-27,365.48
2021-07-28,364.65
2021-07-29,363.95
2021-07-30,363.41
2021-08-02,362.73
2021-08-03,361.99
2021-08-04,361.27
2021-08-05,360.7
2021-08-06,360.55
2021-08-09,360.09
2021-08-10,359.42
2021-08-11,358.79
2021-08-12,358.38
2021-08-13,358.42
2021-08-16,358.04
2021-08-17,357.49
2021-08-18,357.01
2021-08-19,356.68
2021-08-20,356.78
2021-08-23,356.49
2021-08-24,355.99
2021-08-25,355.52
2021-08-26,355.07
2021-08-27,355.17
2021-08-30,355.31
2021-08-31,354.75
2021-09-01,354.22
2021-09-02,353.82
2021-09-06,352.94
2021-09-07,352.45
2021-09-08,351.92
2021-09-09,351.39
2021-09-10,350.88
2021-09-13,350.33
2021-09-14,349.79
2021-09-15,349.26
2021-09-16,348.72
2021-09-17,348.16
2021-09-20,347.4
2021-09-21,346.54
2021-09-22,345.69
2021-09-23,344.85
2021-09-24,343.93
2021-09-27,343.03
2021-09-28,342.23
2021-09-29,341.35
2021-09-30,340.44
2021-10-01,339.36
2021-10-04,338.46
2021-10-05,337.68
2021-10-06,336.94
2021-10-07,336.09
2021-10-08,335.07
2021-10-11,334.29
2021-10-12,333.66
2021-10-13,333.06
2021-10-14,332.3
2021-10-15,331.22
2021-10-18,330.47
2021-10-19,329.89
2021-10-20,329.34
2021-10-21,328.65
2021-10-22,327.74
2021-10-25,327.09
2021-10-26,326.6
2021-10-27,326.13
2021-10-28,325.55
2021-10-29,324.71
2021-11-01,324.15
2021-11-02,323.75
2021-11-03,323.37
2021-11-04,322.85
2021-11-05,322.05
2021-11-08,321.56
2021-11-09,321.17
2021-11-10,320.8
2021-11-11,320.27
2021-11-12,319.35
2021-11-15,318.75
2021-11-16,318.42
2021-11-17,318.09
2021-11-18,317.44
2021-11-19,316.37
2021-11-22,315.79
2021-11-23,315.46
2021-11-24,315.16
2021-11-25,314.58
2021-11-26,313.38
2021-11-29,312.77
2021-11-30,312.52
2021-12-01,312.28
2021-12-02,311.93
2021-12-03,310.84
2021-12-06,310.5
2021-12-07,310.55
2021-12-08,310.63
2021-12-09,310.33
2021-12-10,309.11
2021-12-13,308.71
2021-12-14,308.93
2021-12-15,309.2
2021-12-16,308.86
2021-12-17,307.49
2021-12-20,307.11
2021-12-21,307.16
2021-12-22,307.21
2021-12-23,307.03
2021-12-24,307.48
2021-12-27,307.93
2021-12-28,307.93
2021-12-29,307.9
2021-12-30,308.33
2021-12-31,309.28
2022-01-03,309.76
2022-01-04,309.63
2022-01-05,309.41
2022-01-06,309.46
2022-01-07,310.47
2022-01-10,310.75
2022-01-11,310.35
2022-01-12,309.95
2022-01-13,310.15
2022-01-14,312.04
2022-01-17,312.43
2022-01-18,311.96
2022-01-19,311.5
2022-01-20,311.84
2022-01-21,313.44
2022-01-24,313.5
2022-01-25,313.04
2022-01-26,312.6
2022-01-27,312.69
2022-01-28,313.67
2022-01-31,313.68
2022-02-01,313.3
2022-02-02,312.94
2022-02-03,312.87
2022-02-04,313.33
2022-02-07,313.17
2022-02-08,312.77
2022-02-09,312.38
2022-02-10,312.47
2022-02-11,313.04
2022-02-14,313.12
2022-02-15,312.99
2022-02-16,312.84
2022-02-17,312.86
2022-02-18,313.17
2022-02-21,313.07
2022-02-22,312.9
2022-02-23,312.75
2022-02-24,312.75
2022-02-25,313.02
2022-02-28,312.93
2022-03-01,312.85
2022-03-02,312.65
2022-03-03,312.42
2022-03-04,312.13
2022-03-07,311.87
2022-03-08,311.62
2022-03-09,311.33
2022-03-10,311.03
2022-03-11,310.5
2022-03-14,310.27
2022-03-15,310.06
2022-03-16,309.72
2022-03-17,309.39
2022-03-18,308.63
2022-03-21,308.46
2022-03-22,308.26
2022-03-23,307.85
2022-03-24,307.42
2022-03-25,306.46
2022-03-28,306.31
2022-03-29,306.17
2022-03-30,305.75
2022-03-31,305.31
2022-04-01,304.14
2022-04-04,304.0
2022-04-05,303.87
2022-04-06,303.35
2022-04-07,302.8
2022-04-08,301.82
2022-04-11,301.68
2022-04-12,301.54
2022-04-13,301.39
2022-04-14,300.81
2022-04-15,299.45
2022-04-18,299.45
2022-04-19,299.31
2022-04-20,298.67
2022-04-21,298.0
2022-04-22,296.47
2022-04-25,296.32
2022-04-26,296.17
2022-04-27,295.61
2022-04-28,295.04
2022-04-29,293.65
2022-05-02,293.65
2022-05-03,293.55
2022-05-04,293.06
2022-05-05,292.57
2022-05-06,291.67
2022-05-09,291.52
2022-05-10,291.23
2022-05-11,290.57
2022-05-12,289.95
2022-05-13,288.68
2022-05-16,288.37
2022-05-17,288.01
2022-05-18,287.29
2022-05-19,286.55
2022-05-20,285.11
2022-05-23,284.72
2022-05-24,284.35
2022-05-25,283.98
2022-05-26,283.27
2022-05-27,281.79
2022-05-30,281.46
2022-05-31,281.13
2022-06-01,280.41
2022-06-02,280.0
2022-06-03,278.72
2022-06-06,278.41
2022-06-07,278.11
2022-06-08,277.4
2022-06-09,276.67
2022-06-10,275.05
2022-06-13,274.78
2022-06-14,274.5
2022-06-15,273.76
2022-06-16,272.99
2022-06-17,271.24
2022-06-20,270.96
2022-06-21,270.69
2022-06-22,269.91
2022-06-23,269.12
2022-06-24,267.19
2022-06-27,266.94
2022-06-28,266.7
2022-06-29,265.87
2022-06-30,265.04
2022-07-01,263.01
2022-07-04,262.78
2022-07-05,262.56
2022-07-06,261.85
2022-07-07,261.12
2022-07-08,259.8
2022-07-11,259.61
2022-07-12,259.42
2022-07-13,258.76
2022-07-14,258.15
2022-07-15,256.73
2022-07-18,256.56
2022-07-19,256.4
2022-07-20,255.84
2022-07-21,255.28
2022-07-22,253.92
2022-07-25,253.77
2022-07-26,253.62
2022-07-27,253.09
2022-07-28,252.55
2022-07-29,251.14
2022-08-01,251.01
2022-08-02,250.9
2022-08-03,250.35
2022-08-04,249.81
2022-08-05,248.41
2022-08-08,248.3
2022-08-09,248.2
2022-08-10,247.66
2022-08-11,247.18
2022-08-12,245.78
2022-08-15,245.73
2022-08-16,245.68
2022-08-17,245.19
2022-08-18,244.67
2022-08-19,243.18
2022-08-22,243.14
2022-08-23,243.1
2022-08-24,242.6
2022-08-25,242.09
2022-08-26,240.68
2022-08-29,240.68
2022-08-30,240.66
2022-08-31,240.65
2022-09-01,240.18
2022-09-02,238.76
2022-09-05,238.76
2022-09-06,238.78
2022-09-07,238.32
2022-09-08,237.88
2022-09-09,236.52
2022-09-12,236.56
2022-09-13,236.61
2022-09-14,236.29
2022-09-15,235.97
2022-09-16,234.87
2022-09-19,234.95
2022-09-20,235.02
2022-09-21,234.72
2022-09-22,234.43
2022-09-23,233.37
2022-09-26,233.44
2022-09-27,233.51
2022-09-28,233.24
2022-09-29,232.94
2022-09-30,231.89
2022-10-03,231.96
2022-10-04,232.02
2022-10-05,231.7
2022-10-06,231.52
2022-10-07,230.85
2022-10-10,230.93
2022-10-11,231.02
2022-10-12,230.85
2022-10-13,230.69
2022-10-14,229.93
2022-10-17,230.12
2022-10-18,230.34
2022-10-19,230.22
2022-10-20,229.87
2022-10-21,228.31
2022-10-24,228.17
2022-10-25,228.04
2022-10-26,227.52
2022-10-27,227.0
2022-10-28,225.66
2022-10-31,225.54
2022-11-01,225.4
2022-11-02,224.83
2022-11-03,224.26
2022-11-04,222.78
2022-11-07,222.64
2022-11-08,222.5
2022-11-09,221.85
2022-11-10,221.2
2022-11-11,219.44
2022-11-14,219.33
2022-11-15,219.23
2022-11-16,218.56
2022-11-17,217.9
2022-11-18,216.19
2022-11-21,216.07
2022-11-22,215.94
2022-11-23,215.26
2022-11-24,214.59
2022-11-25,212.82
2022-11-28,212.7
2022-11-29,212.58
2022-11-30,211.91
2022-12-01,211.19
2022-12-02,209.55
2022-12-05,209.35
2022-12-06,209.14
2022-12-07,208.48
2022-12-08,207.83
2022-12-09,206.24
2022-12-12,206.09
2022-12-13,205.96
2022-12-14,205.33
2022-12-15,204.72
2022-12-16,203.12
2022-12-19,203.01
2022-12-20,202.85
2022-12-21,202.19
2022-12-22,201.53
2022-12-26,200.36
2022-12-27,200.36
2022-12-28,200.22
2022-12-29,199.52
2023-01-02,198.27
2023-01-03,198.1
2023-01-04,197.38
2023-01-05,196.66
2023-01-06,194.79
2023-01-09,194.65
2023-01-10,194.51
2023-01-11,193.79
2023-01-12,193.06
2023-01-16,191.0
2023-01-17,190.87
2023-01-18,190.07
2023-01-19,189.25
2023-01-20,187.31
2023-01-23,187.21
2023-01-24,187.11
2023-01-25,186.59
2023-01-26,186.1
2023-01-27,184.75
2023-01-30,184.69
2023-01-31,184.63
2023-02-01,184.17
2023-02-02,183.7
2023-02-03,182.31
2023-02-06,182.26
2023-02-07,182.21
2023-02-08,181.77
2023-02-09,181.33
2023-02-10,179.97
2023-02-13,180.06
2023-02-14,180.18
2023-02-15,179.86
2023-02-16,179.55
2023-02-20,178.48
2023-02-21,178.62
2023-02-22,178.31
2023-02-23,178.0
2023-02-24,176.81
2023-02-27,176.96
2023-02-28,177.11
2023-03-01,176.83
2023-03-02,176.56
2023-03-03,175.43
2023-03-06,175.59
2023-03-07,175.76
2023-03-08,175.48
2023-03-09,175.21
2023-03-10,173.42
2023-03-13,173.56
2023-03-14,173.71
2023-03-15,173.09
2023-03-16,172.6
2023-03-17,171.39
2023-03-20,171.54
2023-03-21,171.7
2023-03-22,171.75
2023-03-23,171.81
2023-03-24,171.7
2023-03-27,171.85
2023-03-28,172.02
2023-03-29,172.09
2023-03-30,172.16
2023-03-31,171.86
2023-04-03,172.01
2023-04-04,172.17
2023-04-05,172.33
2023-04-07,171.35
2023-04-10,171.35
2023-04-11,171.53
2023-04-12,171.42
2023-04-13,171.32
2023-04-14,170.74
2023-04-17,170.96
2023-04-18,171.2
2023-04-19,171.18
2023-04-20,171.26
2023-04-21,170.96
2023-04-24,171.21
2023-04-25,171.45
2023-04-26,171.55
2023-04-27,171.63
2023-04-28,171.43
2023-05-01,171.43
2023-05-02,171.68
2023-05-03,171.94
2023-05-04,172.05
2023-05-05,171.79
2023-05-08,171.79
2023-05-09,172.04
2023-05-10,172.14
2023-05-11,171.98
2023-05-12,171.41
2023-05-15,171.43
2023-05-16,171.47
2023-05-17,171.3
2023-05-18,171.15
2023-05-19,170.63
2023-05-22,170.68
2023-05-23,170.74
2023-05-24,170.71
2023-05-25,170.68
2023-05-29,170.45
2023-05-30,170.51
2023-05-31,170.58
2023-06-01,170.54
2023-06-02,170.2
2023-06-05,170.12
2023-06-06,170.02
2023-06-07,169.81
2023-06-08,169.66
2023-06-09,169.36
2023-06-12,169.27
2023-06-13,169.17
2023-06-14,168.95
2023-06-15,168.72
2023-06-19,168.27
2023-06-20,168.19
2023-06-21,168.07
2023-06-22,168.1
2023-06-23,168.4
2023-06-26,168.3
2023-06-27,168.14
2023-06-28,168.09
2023-06-29,168.03
2023-06-30,168.15
2023-07-04,167.86
2023-07-05,167.81
2023-07-06,167.73
2023-07-07,167.88
2023-07-10,167.76
2023-07-11,167.63
2023-07-12,167.59
2023-07-13,167.55
2023-07-14,167.57
2023-07-17,167.47
2023-07-18,167.37
2023-07-19,167.3
2023-07-20,167.22
2023-07-21,167.21
2023-07-24,167.12
2023-07-25,167.03
2023-07-26,167.04
2023-07-27,167.07
2023-07-28,167.26
2023-07-31,167.18
2023-08-01,167.11
2023-08-02,167.1
2023-08-03,167.08
2023-08-04,167.11
2023-08-07,167.03
2023-08-08,166.95
2023-08-09,166.92
2023-08-10,166.88
2023-08-11,166.79
2023-08-14,166.74
2023-08-15,166.68
2023-08-16,166.6
2023-08-17,166.49
2023-08-18,166.03
2023-08-21,165.82
2023-08-22,165.63
2023-08-23,165.38
2023-08-24,165.1
2023-08-25,164.53
2023-08-28,164.53
2023-08-29,164.32
2023-08-30,164.12
2023-08-31,163.87
2023-09-04,163.23
2023-09-05,163.04
2023-09-06,162.77
2023-09-07,162.51
2023-09-08,162.19
2023-09-11,162.01
2023-09-12,161.84
2023-09-13,161.64
2023-09-14,161.44
2023-09-15,161.16
2023-09-18,161.01
2023-09-19,160.86
2023-09-20,160.84
2023-09-21,160.92
2023-09-22,161.33
2023-09-25,161.14
2023-09-26,160.95
2023-09-27,160.99
2023-09-28,161.03
2023-09-29,161.58
2023-10-02,161.29
2023-10-03,161.01
2023-10-04,160.99
2023-10-05,160.96
2023-10-09,161.07
2023-10-10,160.82
2023-10-11,160.73
2023-10-12,160.62
2023-10-13,160.81
2023-10-16,160.55
2023-10-17,160.31
2023-10-18,160.21
2023-10-19,160.11
2023-10-20,160.22
2023-10-23,159.99
2023-10-24,159.77
2023-10-25,159.65
2023-10-26,159.51
2023-10-27,159.44
2023-10-30,159.23
2023-10-31,159.02
2023-11-01,158.84
2023-11-02,158.65
2023-11-03,158.43
2023-11-06,158.23
2023-11-07,158.04
2023-11-08,157.83
2023-11-09,157.66
2023-11-10,157.53
2023-11-13,157.31
2023-11-14,157.11
2023-11-15,156.9
2023-11-16,156.68
2023-11-17,156.46
2023-11-20,156.26
2023-11-21,156.08
2023-11-23,155.63
2023-11-24,155.32
2023-11-27,155.11
2023-11-28,154.91
2023-11-29,154.66
2023-11-30,154.4
2023-12-01,153.46
2023-12-04,153.28
2023-12-05,153.11
2023-12-06,152.58
2023-12-07,152.04
2023-12-08,150.63
2023-12-11,150.48
2023-12-12,150.33
2023-12-13,149.73
2023-12-14,149.03
2023-12-15,147.11
2023-12-18,147.04
2023-12-19,146.98
2023-12-20,146.54
2023-12-21,146.09
2023-12-25,144.99
2023-12-26,144.99
2023-12-27,145.04
2023-12-28,145.1
2024-01-01,144.15
2024-01-02,144.24
2024-01-03,144.33
2024-01-04,144.21
2024-01-05,144.16
2024-01-08,144.28
2024-01-09,144.35
2024-01-10,144.41
2024-01-11,144.5
2024-01-15,144.79
2024-01-16,144.84
2024-01-17,144.99
2024-01-18,145.16
2024-01-19,145.57
2024-01-22,145.6
2024-01-23,145.63
2024-01-24,145.8
2024-01-25,145.97
2024-01-26,146.29
2024-01-29,146.35
2024-01-30,146.39
2024-01-31,146.44
2024-02-01,146.5
2024-02-02,146.79
2024-02-05,146.79
2024-02-06,146.81
2024-02-07,146.93
2024-02-08,147.05
2024-02-09,146.78
2024-02-12,146.81
2024-02-13,146.84
2024-02-14,146.67
2024-02-15,146.5
2024-02-19,146.15
2024-02-20,146.25
2024-02-21,146.26
2024-02-22,146.19
2024-02-23,145.67
2024-02-26,145.76
2024-02-27,145.85
2024-02-28,145.96
2024-02-29,145.82
2024-03-01,145.44
2024-03-04,145.4
2024-03-05,145.41
2024-03-06,145.43
2024-03-07,145.38
2024-03-08,145.16
2024-03-11,145.07
2024-03-12,145.09
2024-03-13,145.13
2024-03-14,145.09
2024-03-15,144.82
2024-03-18,144.75
2024-03-19,144.79
2024-03-20,144.81
2024-03-21,144.72
2024-03-22,144.51
2024-03-25,144.44
2024-03-26,144.47
2024-03-27,144.5
2024-03-29,144.03
2024-04-01,143.89
2024-04-02,143.93
2024-04-03,143.95
2024-04-04,143.87
2024-04-05,143.59
2024-04-08,143.54
2024-04-09,143.57
2024-04-10,143.61
2024-04-11,143.56
2024-04-12,143.33
2024-04-15,143.37
2024-04-16,143.23
2024-04-17,143.06
2024-04-18,142.86
2024-04-19,142.34
2024-04-22,141.94
2024-04-23,141.6
2024-04-24,141.27
2024-04-25,140.88
2024-04-26,140.3
2024-04-29,139.88
2024-04-30,139.51
2024-05-01,139.15
2024-05-02,139.0
2024-05-03,138.48
2024-05-06,138.38
2024-05-07,138.24
2024-05-08,138.1
2024-05-09,137.9
2024-05-10,138.7
2024-05-13,139.43
2024-05-14,140.19
2024-05-15,140.71
2024-05-16,140.97
2024-05-17,141.64
2024-05-20,141.88
2024-05-21,141.68
2024-05-22,141.56
2024-05-23,141.77
2024-05-27,142.58
2024-05-28,142.57
2024-05-29,142.56
2024-05-30,142.66
2024-05-31,142.87
2024-06-03,142.73
2024-06-04,142.58
2024-06-05,142.43
2024-06-06,142.45
2024-06-07,142.76
2024-06-10,142.76
2024-06-11,142.6
2024-06-12,142.43
2024-06-13,142.29
2024-06-14,142.42
2024-06-17,142.25
2024-06-19,141.6
2024-06-20,141.41
2024-06-21,141.5
2024-06-24,141.31
2024-06-25,140.99
2024-06-26,140.68
2024-06-27,140.51
2024-06-28,140.61
2024-07-01,140.45
2024-07-02,140.18
2024-07-04,139.78
2024-07-05,139.82
2024-07-08,139.64
2024-07-09,139.37
2024-07-10,139.09
2024-07-11,138.92
2024-07-12,138.93
2024-07-15,138.69
2024-07-16,138.37
2024-07-17,138.05
2024-07-18,137.81
2024-07-19,137.69
2024-07-22,137.46
2024-07-23,137.15
2024-07-24,136.84
2024-07-25,136.6
2024-07-26,136.39
2024-07-29,136.07
2024-07-30,135.71
2024-07-31,135.36
2024-08-01,135.05
2024-08-02,134.8
2024-08-05,134.49
2024-08-06,134.16
2024-08-07,133.83
2024-08-08,133.54
2024-08-09,133.23
2024-08-12,132.89
2024-08-13,132.59
2024-08-14,132.3
2024-08-15,131.98
2024-08-16,131.6
2024-08-19,131.28
2024-08-20,131.0
2024-08-21,130.72
2024-08-22,130.42
2024-08-23,130.03
2024-08-26,129.98
2024-08-27,129.72
2024-08-28,129.46
2024-08-29,129.22
2024-09-02,128.5
2024-09-03,128.27
2024-09-04,128.05
2024-09-05,127.76
2024-09-06,127.26
2024-09-09,126.93
2024-09-10,126.73
2024-09-11,126.54
2024-09-12,126.23
2024-09-13,125.64
2024-09-16,125.32
2024-09-17,125.14
2024-09-18,124.97
2024-09-19,124.65
2024-09-20,124.05
2024-09-23,123.74
2024-09-24,123.58
2024-09-25,123.46
2024-09-26,123.21
2024-09-27,122.68
2024-09-30,122.48
2024-10-01,122.41
2024-10-02,122.34
2024-10-03,122.16
2024-10-04,121.71
2024-10-07,121.52
2024-10-08,121.47
2024-10-09,121.43
2024-10-10,121.25
2024-10-14,120.5
2024-10-15,120.47
2024-10-16,120.45
2024-10-17,120.19
2024-10-18,119.34
2024-10-21,119.3
2024-10-22,119.29
2024-10-23,119.28
2024-10-24,119.24
2024-10-25,119.12
2024-10-28,119.06
2024-10-29,119.06
2024-10-30,119.06
2024-10-31,119.02
2024-11-01,118.95
2024-11-04,118.94
2024-11-05,118.95
2024-11-06,118.96
2024-11-07,118.95
2024-11-11,118.89
2024-11-12,118.91
2024-11-13,118.93
2024-11-14,118.92
2024-11-15,118.82
2024-11-18,118.8
2024-11-19,118.84
2024-11-20,118.87
2024-11-21,118.89
2024-11-22,118.88
2024-11-25,118.89
2024-11-26,118.91
2024-11-28,118.93
2024-11-29,118.95
2024-12-02,119.02
2024-12-03,119.03
2024-12-04,119.04
2024-12-05,119.12
2024-12-06,119.31
2024-12-09,119.38
2024-12-10,119.4
2024-12-11,119.42
2024-12-12,119.46
2024-12-13,119.5
2024-12-16,119.53
2024-12-17,119.55
2024-12-18,119.58
2024-12-19,119.6
2024-12-20,119.73
2024-12-23,119.8
2024-12-25,119.7
2024-12-26,119.7
2024-12-27,119.71
2024-12-30,119.69
2025-01-01,119.6
2025-01-02,119.51
2025-01-03,119.61
2025-01-06,119.58
2025-01-07,119.44
2025-01-08,119.3
2025-01-09,119.2
2025-01-10,119.2
2025-01-13,119.11
2025-01-14,118.98
2025-01-15,118.86
2025-01-16,118.77
2025-01-20,118.67
2025-01-21,118.55
2025-01-22,118.43
2025-01-23,118.34
2025-01-24,118.24
2025-01-27,118.11
2025-01-28,118.0
2025-01-29,117.89
2025-01-30,117.78
2025-01-31,117.61
2025-02-03,117.49
2025-02-04,117.39
2025-02-05,117.29
2025-02-06,117.18
2025-02-07,116.89
2025-02-10,116.71
2025-02-11,116.63
2025-02-12,116.56
2025-02-13,116.33
2025-02-17,115.45
2025-02-18,115.39
2025-02-19,115.3
2025-02-20,115.01
2025-02-21,114.3
2025-02-24,113.99
2025-02-25,113.87
2025-02-26,113.77
2025-02-27,113.46
2025-02-28,112.74
2025-03-03,112.43
2025-03-04,112.34
2025-03-05,112.26
2025-03-06,111.96
2025-03-07,111.25
2025-03-10,110.99
2025-03-11,110.92
2025-03-12,110.86
2025-03-13,110.61
2025-03-14,109.96
2025-03-17,109.71
2025-03-18,109.67
2025-03-19,109.63
2025-03-20,109.35
2025-03-21,108.66
2025-03-24,108.38
2025-03-25,108.31
2025-03-26,108.22
2025-03-27,107.98
2025-03-28,107.32
2025-03-31,107.09
2025-04-01,107.08
2025-04-02,107.06
2025-04-03,106.85
2025-04-04,106.24
2025-04-07,106.23
2025-04-08,106.25
2025-04-09,106.27
2025-04-10,106.3
2025-04-11,105.66
2025-04-14,105.46
2025-04-15,105.49
2025-04-16,105.52
2025-04-18,104.51
2025-04-21,104.23
2025-04-22,104.27
2025-04-23,104.32
2025-04-24,104.1
2025-04-25,103.34
2025-04-28,103.13
2025-04-29,103.18
2025-04-30,103.23
2025-05-01,103.28
2025-05-02,102.54
2025-05-05,102.28
2025-05-06,102.34
2025-05-07,102.39
2025-05-08,102.45
2025-05-09,101.86
2025-05-12,101.82
2025-05-13,101.88
2025-05-14,101.94
2025-05-15,101.89
2025-05-16,101.6
2025-05-19,101.66
2025-05-20,101.82
2025-05-21,101.99
2025-05-22,102.03
2025-05-26,101.65
2025-05-27,101.81
2025-05-28,101.98
2025-05-29,102.15
2025-05-30,101.93
2025-06-02,102.05
2025-06-03,102.23
2025-06-04,102.4
2025-06-05,102.54
2025-06-06,102.63
2025-06-09,102.77
2025-06-10,102.96
2025-06-11,103.14
2025-06-12,103.29
2025-06-13,103.41
2025-06-16,103.56
2025-06-17,103.75
2025-06-19,104.11
2025-06-20,104.22
2025-06-23,104.4
2025-06-24,104.6
2025-06-25,104.79
2025-06-26,104.98
2025-06-27,105.25
2025-06-30,105.47
2025-07-01,105.69
2025-07-02,105.91
2025-07-04,106.4
2025-07-07,106.64
2025-07-08,106.88
2025-07-09,107.13
2025-07-10,107.38
2025-07-11,107.64
2025-07-14,107.89
2025-07-15,108.16
2025-07-16,108.43
2025-07-17,108.69
2025-07-18,108.93
2025-07-21,109.2
2025-07-22,109.48
2025-07-23,109.76
2025-07-24,110.03
2025-07-25,110.25
2025-07-28,110.51
2025-07-29,110.8
2025-07-30,111.1
2025-07-31,111.37
2025-08-01,111.6
2025-08-04,111.88
2025-08-05,112.18
2025-08-06,112.48
2025-08-07,112.76
2025-08-08,113.0
2025-08-11,113.27
2025-08-12,113.58
2025-08-13,113.89
2025-08-14,114.17
2025-08-15,114.4
2025-08-18,114.8
2025-08-19,115.11
2025-08-20,115.42
2025-08-21,115.82
2025-08-22,116.3
2025-08-25,116.38
2025-08-26,116.7
2025-08-27,117.01
2025-08-28,117.33
2025-09-01,118.28
2025-09-02,118.6
2025-09-03,118.92
2025-09-04,119.32
2025-09-05,119.85
2025-09-08,120.2
2025-09-09,120.37
2025-09-10,120.54
2025-09-11,120.78
2025-09-12,121.14
2025-09-15,121.36
2025-09-16,121.54
2025-09-17,121.71
2025-09-18,121.96
2025-09-19,122.3
2025-09-22,122.6
2025-09-23,122.79
2025-09-24,122.98
2025-09-25,123.26
2025-09-26,123.71
2025-09-29,124.07
2025-09-30,124.27
2025-10-01,124.48
2025-10-02,124.85
2025-10-03,125.49
2025-10-06,125.85
2025-10-07,126.07
2025-10-08,126.26
2025-10-09,126.6
2025-10-13,127.54
2025-10-14,127.75
2025-10-15,127.96
2025-10-16,128.31
2025-10-17,128.9
2025-10-20,129.25
2025-10-21,129.47
2025-10-22,129.7
2025-10-23,130.05
2025-10-24,130.64
2025-10-27,131.0
2025-10-28,131.24
2025-10-29,131.49
2025-10-30,131.85
2025-10-31,132.52
2025-11-03,132.96
2025-11-04,133.3
2025-11-05,133.64
2025-11-06,134.09
2025-11-07,134.75
2025-11-11,135.54
2025-11-12,135.89
2025-11-13,136.38
2025-11-14,137.11
2025-11-17,137.6
2025-11-18,137.98
2025-11-19,138.29
2025-11-20,138.72
2025-11-21,139.43
2025-11-24,139.88
2025-11-25,140.19
2025-11-27,140.95
2025-11-28,141.67
2025-12-01,142.12
2025-12-02,142.44
2025-12-03,142.77
2025-12-04,143.22
2025-12-05,143.91
2025-12-08,144.35
2025-12-09,144.69
2025-12-10,145.03
2025-12-11,145.48
2025-12-12,146.15
2025-12-15,146.61
2025-12-16,146.89
2025-12-17,147.15
2025-12-18,147.48
2025-12-19,147.87
2025-12-22,148.11
2025-12-23,148.38
2025-12-25,148.65
2025-12-26,148.56
2025-12-29,148.78
2025-12-30,149.06
2026-01-01,149.34
2026-01-02,149.4
2026-01-05,149.61
2026-01-06,149.9
2026-01-07,150.19
2026-01-08,150.39
2026-01-09,150.56
2026-01-12,150.82
2026-01-13,151.12
2026-01-14,151.43
2026-01-15,151.69
2026-01-19,152.2
2026-01-20,152.53
2026-01-21,152.88
2026-01-22,153.23
2026-01-23,153.53
2026-01-26,153.87
2026-01-27,154.23
2026-01-28,154.58
2026-01-29,154.83
2026-01-30,155.13
2026-02-02,155.43
2026-02-03,155.72
2026-02-04,156.02
2026-02-05,156.32
2026-02-06,156.62
2026-02-09,156.91
2026-02-10,157.22
2026-02-11,157.52
2026-02-12,157.83
2026-02-16,158.37
2026-02-17,158.66
2026-02-18,158.94
2026-02-19,159.18
2026-02-20,159.27
2026-02-23,159.51
2026-02-24,159.8
2026-02-25,160.09
2026-02-26,160.33
2026-02-27,160.46
2026-03-02,160.75
2026-03-03,160.95
2026-03-04,161.17
2026-03-05,161.39
2026-03-06,161.66
2026-03-09,161.86
2026-03-10,161.85
2026-03-11,161.86
2026-03-12,161.86
2026-03-13,161.86
2026-03-16,161.86
2026-03-17,161.86
2026-03-18,161.87
2026-03-19,161.89
2026-03-20,161.94
2026-03-23,161.96
2026-03-24,161.98
2026-03-25,162.01
2026-03-26,162.04
2026-03-27,162.07
2026-03-30,162.1
2026-03-31,162.14
2026-04-01,162.17
2026-04-03,162.24
2026-04-06,162.24
2026-04-07,162.27
2026-04-08,162.33
2026-04-09,162.37
2026-04-10,162.61
2026-04-13,162.85
2026-04-14,163.1
2026-04-15,163.31
2026-04-16,163.7
2026-04-17,164.67
2026-04-20,164.89
2026-04-21,165.11
2026-04-22,165.7
2026-04-23,166.3
2026-04-24,167.63
2026-04-27,167.87
2026-04-28,168.11
2026-04-29,168.72
2026-04-30,169.38
2026-05-01,170.47
2026-05-04,170.47
2026-05-05,170.72
2026-05-06,170.97
2026-05-07,171.43
2026-05-08,171.59
2026-05-11,171.86
2026-05-12,172.12
2026-05-13,171.81
2026-05-14,171.33
2026-05-15,171.17
2026-05-18,171.33
2026-05-19,171.47
2026-05-20,171.75
2026-05-21,172.2
2026-05-25,172.88
2026-05-26,173.01
2026-05-27,173.12
2026-05-28,173.38
2026-05-29,174.16
2026-06-01,174.26
2026-06-02,174.37
2026-06-03,174.77
2026-06-04,175.18
2026-06-05,176.25
2026-06-08,176.36
2026-06-09,176.48
2026-06-10,176.92
2026-06-11,177.36
2026-06-12,178.9
2026-06-15,179.03
2026-06-16,179.14
2026-06-17,179.83
2026-06-19,182.44
2026-06-22,182.56
2026-06-23,182.69
2026-06-24,183.43
2026-06-25,184.17
2026-06-26,186.1
2026-06-29,186.24
