date,lme_al_cw
2014-06-02,55.24
2014-06-03,55.19
2014-06-04,55.19
2014-06-05,55.15
2014-06-06,55.08
2014-06-09,55.07
2014-06-10,55.02
2014-06-11,54.96
2014-06-12,55.01
2014-06-13,55.01
2014-06-16,54.93
2014-06-17,55.48
2014-06-18,55.72
2014-06-19,55.75
2014-06-20,57.1
2014-06-23,57.98
2014-06-24,59.79
2014-06-25,59.97
2014-06-27,59.44
2014-07-02,59.04
2014-07-04,58.98
2014-07-07,58.86
2014-07-08,58.86
2014-07-09,58.78
2014-07-10,58.78
2014-07-15,58.8
2014-07-16,58.72
2014-07-17,58.68
2014-07-18,58.93
2014-07-21,58.84
2014-07-22,58.8
2014-07-23,58.74
2014-07-24,58.67
2014-07-25,58.59
2014-07-29,57.96
2014-07-30,57.99
2014-07-31,57.92
2014-08-01,57.93
2014-08-04,58.28
2014-08-05,58.25
2014-08-06,58.19
2014-08-07,58.11
2014-08-08,58.05
2014-08-11,57.98
2014-08-12,57.79
2014-08-13,57.72
2014-08-14,57.69
2014-08-18,55.54
2014-08-19,55.07
2014-08-20,52.66
2014-08-21,52.59
2014-08-22,52.71
2014-08-25,52.71
2014-08-26,52.74
2014-08-27,52.62
2014-08-28,52.59
2014-08-29,52.52
2014-09-01,52.45
2014-09-02,52.37
2014-09-03,52.36
2014-09-04,52.27
2014-09-05,52.22
2014-09-09,52.03
2014-09-11,52.01
2014-09-12,51.89
2014-09-16,51.69
2014-09-17,51.61
2014-09-18,51.94
2014-09-19,53.1
2014-09-23,52.89
2014-09-24,52.89
2014-09-25,55.34
2014-09-26,55.78
2014-09-29,55.74
2014-09-30,56.08
2014-10-01,56.6
2014-10-02,56.74
2014-10-03,57.8
2014-10-06,57.71
2014-10-07,57.75
2014-10-08,57.74
2014-10-09,57.66
2014-10-10,59.5
2014-10-13,59.6
2014-10-14,59.61
2014-10-15,59.59
2014-10-16,59.63
2014-10-17,59.56
2014-10-20,59.47
2014-10-21,59.42
2014-10-22,59.47
2014-10-24,59.35
2014-10-27,59.22
2014-10-28,59.15
2014-10-29,59.09
2014-10-30,57.63
2014-10-31,57.64
2014-11-03,57.58
2014-11-04,57.51
2014-11-05,57.03
2014-11-06,56.82
2014-11-07,56.92
2014-11-10,56.86
2014-11-12,56.78
2014-11-13,56.81
2014-11-14,56.87
2014-11-17,56.84
2014-11-18,56.04
2014-11-19,54.73
2014-11-20,54.45
2014-11-21,54.56
2014-11-24,54.42
2014-11-25,54.32
2014-11-26,54.2
2014-11-27,53.38
2014-11-28,53.28
2014-12-01,53.77
2014-12-02,53.71
2014-12-03,53.59
2014-12-04,53.38
2014-12-05,53.29
2014-12-08,53.03
2014-12-09,52.92
2014-12-10,52.82
2014-12-11,53.14
2014-12-12,53.04
2014-12-15,52.92
2014-12-16,52.81
2014-12-17,53.19
2014-12-18,53.01
2014-12-19,54.06
2014-12-22,53.95
2014-12-23,54.0
2014-12-24,55.07
2014-12-25,55.07
2014-12-26,55.07
2014-12-29,55.1
2014-12-30,55.03
2014-12-31,56.01
2015-01-02,55.95
2015-01-05,55.95
2015-01-06,55.84
2015-01-07,55.74
2015-01-08,55.64
2015-01-09,55.55
2015-01-12,55.74
2015-01-13,55.66
2015-01-14,55.57
2015-01-15,55.47
2015-01-16,56.97
2015-01-20,57.09
2015-01-21,57.12
2015-01-22,57.06
2015-01-23,57.28
2015-01-26,57.21
2015-01-27,57.31
2015-01-28,58.41
2015-01-29,57.33
2015-01-30,57.23
2015-02-02,57.15
2015-02-03,57.07
2015-02-04,57.01
2015-02-05,56.93
2015-02-06,56.85
2015-02-09,56.8
2015-02-10,56.73
2015-02-11,56.65
2015-02-12,56.6
2015-02-13,56.61
2015-02-16,56.72
2015-02-17,56.68
2015-02-19,56.63
2015-02-23,57.47
2015-02-24,57.29
2015-02-25,58.24
2015-02-27,55.73
2015-03-02,55.66
2015-03-03,55.58
2015-03-04,55.5
2015-03-05,55.41
2015-03-06,55.35
2015-03-09,55.13
2015-03-10,54.93
2015-03-11,54.72
2015-03-12,54.49
2015-03-13,54.34
2015-03-16,53.32
2015-03-17,52.37
2015-03-20,51.55
2015-03-23,51.3
2015-03-24,51.2
2015-03-25,51.32
2015-03-26,52.37
2015-03-27,52.29
2015-03-30,52.22
2015-03-31,52.12
2015-04-01,52.02
2015-04-02,51.85
2015-04-06,51.85
2015-04-07,51.6
2015-04-08,51.47
2015-04-09,51.37
2015-04-10,51.28
2015-04-13,51.18
2015-04-14,51.02
2015-04-15,50.94
2015-04-16,50.77
2015-04-17,50.73
2015-04-20,50.55
2015-04-21,50.15
2015-04-22,48.9
2015-04-23,48.78
2015-04-24,48.67
2015-04-27,47.04
2015-04-28,46.98
2015-04-29,47.46
2015-04-30,47.14
2015-05-01,47.05
2015-05-04,47.05
2015-05-06,45.35
2015-05-07,45.2
2015-05-08,45.5
2015-05-11,46.96
2015-05-12,46.83
2015-05-14,46.54
2015-05-15,46.41
2015-05-18,46.28
2015-05-19,46.18
2015-05-20,46.03
2015-05-21,45.8
2015-05-22,45.69
2015-05-26,45.56
2015-05-27,46.06
2015-05-28,45.89
2015-05-29,45.73
2015-06-01,45.58
2015-06-02,45.46
2015-06-03,45.26
2015-06-04,45.09
2015-06-05,44.91
2015-06-08,44.71
2015-06-09,44.4
2015-06-10,44.3
2015-06-11,44.87
2015-06-12,45.42
2015-06-15,45.38
2015-06-16,45.23
2015-06-17,45.05
2015-06-18,45.01
2015-06-19,44.54
2015-06-22,44.35
2015-06-23,44.84
2015-06-24,44.7
2015-06-26,44.92
2015-07-01,44.42
2015-07-02,44.28
2015-07-03,43.95
2015-07-06,43.82
2015-07-07,43.83
2015-07-08,43.69
2015-07-09,43.52
2015-07-10,43.3
2015-07-13,43.05
2015-07-14,42.9
2015-07-15,42.76
2015-07-16,42.48
2015-07-17,42.35
2015-07-20,42.21
2015-07-21,42.02
2015-07-22,41.87
2015-07-23,41.7
2015-07-24,41.54
2015-07-27,42.09
2015-07-28,41.98
2015-07-29,41.79
2015-07-30,41.65
2015-07-31,41.52
2015-08-03,41.41
2015-08-04,41.25
2015-08-05,41.09
2015-08-06,40.94
2015-08-07,40.8
2015-08-10,40.65
2015-08-11,40.55
2015-08-12,40.4
2015-08-13,40.26
2015-08-14,40.1
2015-08-17,39.92
2015-08-18,39.57
2015-08-19,39.48
2015-08-20,39.31
2015-08-21,39.15
2015-08-24,39.09
2015-08-25,38.91
2015-08-26,38.72
2015-08-27,38.58
2015-08-28,38.58
2015-08-31,38.39
2015-09-01,38.03
2015-09-02,37.88
2015-09-03,37.71
2015-09-04,37.54
2015-09-07,37.54
2015-09-08,37.27
2015-09-09,37.08
2015-09-10,36.88
2015-09-11,36.67
2015-09-14,35.44
2015-09-15,35.23
2015-09-16,35.02
2015-09-17,35.14
2015-09-18,34.97
2015-09-21,34.8
2015-09-22,34.62
2015-09-23,34.45
2015-09-24,34.27
2015-09-25,33.74
2015-09-28,33.6
2015-09-29,33.39
2015-09-30,33.23
2015-10-01,33.06
2015-10-02,32.89
2015-10-05,32.72
2015-10-06,32.54
2015-10-07,32.36
2015-10-08,32.19
2015-10-09,32.08
2015-10-12,31.91
2015-10-13,31.45
2015-10-14,31.27
2015-10-15,31.05
2015-10-16,30.32
2015-10-19,29.79
2015-10-20,29.6
2015-10-21,29.43
2015-10-22,29.27
2015-10-23,29.09
2015-10-26,29.84
2015-10-27,29.63
2015-10-28,30.28
2015-10-29,33.44
2015-10-30,36.24
2015-11-02,36.08
2015-11-03,42.45
2015-11-04,42.32
2015-11-05,45.5
2015-11-06,45.39
2015-11-09,45.27
2015-11-10,45.15
2015-11-11,45.02
2015-11-12,45.27
2015-11-13,45.15
2015-11-16,44.98
2015-11-17,44.83
2015-11-18,44.7
2015-11-19,44.55
2015-11-20,44.4
2015-11-23,44.24
2015-11-24,44.1
2015-11-25,43.98
2015-11-26,43.84
2015-11-27,43.78
2015-11-30,43.7
2015-12-01,43.56
2015-12-02,43.62
2015-12-03,43.54
2015-12-04,43.42
2015-12-07,42.79
2015-12-08,42.17
2015-12-09,42.05
2015-12-10,41.99
2015-12-11,41.62
2015-12-14,41.48
2015-12-15,40.46
2015-12-16,40.23
2015-12-17,39.92
2015-12-18,39.67
2015-12-21,38.86
2015-12-22,38.05
2015-12-23,37.67
2015-12-24,37.67
2015-12-25,37.67
2015-12-28,37.52
2015-12-29,37.4
2015-12-30,37.27
2015-12-31,37.27
2016-01-01,37.14
2016-01-04,37.14
2016-01-05,37.01
2016-01-06,36.89
2016-01-07,36.77
2016-01-08,36.64
2016-01-11,36.51
2016-01-12,36.36
2016-01-13,36.23
2016-01-14,36.11
2016-01-15,36.0
2016-01-18,28.57
2016-01-19,28.47
2016-01-20,33.24
2016-01-21,33.16
2016-01-22,33.03
2016-01-25,32.91
2016-01-26,32.88
2016-01-27,32.09
2016-01-28,31.96
2016-01-29,31.83
2016-02-01,31.7
2016-02-02,31.56
2016-02-03,32.06
2016-02-04,31.94
2016-02-05,29.34
2016-02-08,29.16
2016-02-09,29.04
2016-02-10,28.33
2016-02-11,28.14
2016-02-12,27.88
2016-02-15,27.08
2016-02-16,27.05
2016-02-17,27.12
2016-02-18,27.02
2016-02-19,26.87
2016-02-22,26.54
2016-02-23,26.49
2016-02-24,25.97
2016-02-25,25.74
2016-02-26,22.57
2016-02-29,22.41
2016-03-01,22.52
2016-03-02,22.3
2016-03-03,21.94
2016-03-04,21.66
2016-03-07,20.92
2016-03-08,20.65
2016-03-09,20.27
2016-03-10,19.94
2016-03-11,19.76
2016-03-14,19.56
2016-03-15,19.58
2016-03-16,24.65
2016-03-17,28.13
2016-03-18,31.48
2016-03-21,31.5
2016-03-22,31.3
2016-03-23,31.12
2016-03-24,31.12
2016-03-25,31.12
2016-03-28,32.92
2016-03-29,35.0
2016-03-30,34.84
2016-03-31,35.53
2016-04-01,35.84
2016-04-04,36.14
2016-04-05,36.2
2016-04-06,36.6
2016-04-07,37.88
2016-04-08,38.44
2016-04-11,41.02
2016-04-12,45.16
2016-04-13,46.21
2016-04-14,46.35
2016-04-15,46.37
2016-04-18,46.18
2016-04-19,46.25
2016-04-20,46.2
2016-04-21,46.06
2016-04-22,45.93
2016-04-25,45.82
2016-04-26,45.98
2016-04-27,45.97
2016-04-28,46.0
2016-04-29,46.0
2016-05-02,44.43
2016-05-03,40.8
2016-05-04,41.01
2016-05-05,40.94
2016-05-06,40.83
2016-05-09,41.5
2016-05-10,41.34
2016-05-11,41.13
2016-05-12,41.05
2016-05-13,40.9
2016-05-16,41.2
2016-05-17,41.1
2016-05-18,41.41
2016-05-19,44.19
2016-05-20,44.58
2016-05-23,44.46
2016-05-24,44.35
2016-05-25,44.94
2016-05-26,44.87
2016-05-27,44.87
2016-05-30,44.76
2016-05-31,44.56
2016-06-01,44.46
2016-06-02,44.7
2016-06-03,44.55
2016-06-06,44.4
2016-06-07,44.25
2016-06-08,44.22
2016-06-09,44.1
2016-06-10,43.93
2016-06-13,44.17
2016-06-14,43.85
2016-06-15,43.71
2016-06-16,43.54
2016-06-17,43.28
2016-06-20,43.39
2016-06-21,43.32
2016-06-22,43.17
2016-06-23,43.36
2016-06-24,43.2
2016-06-27,43.0
2016-06-28,42.82
2016-06-29,42.66
2016-06-30,42.5
2016-07-01,42.4
2016-07-04,42.23
2016-07-05,42.09
2016-07-06,42.84
2016-07-07,42.79
2016-07-08,42.62
2016-07-11,42.47
2016-07-12,42.32
2016-07-13,42.16
2016-07-14,41.98
2016-07-15,41.8
2016-07-18,41.62
2016-07-19,41.41
2016-07-20,41.11
2016-07-21,40.54
2016-07-22,40.3
2016-07-25,39.82
2016-07-26,41.0
2016-07-27,41.08
2016-07-28,42.1
2016-07-29,41.86
2016-08-01,42.48
2016-08-02,42.32
2016-08-03,42.15
2016-08-04,42.03
2016-08-05,41.88
2016-08-08,41.81
2016-08-09,43.07
2016-08-10,42.86
2016-08-11,42.66
2016-08-12,42.46
2016-08-15,42.55
2016-08-16,42.07
2016-08-17,41.57
2016-08-18,41.87
2016-08-19,41.71
2016-08-22,41.53
2016-08-23,40.82
2016-08-24,40.68
2016-08-25,41.25
2016-08-26,41.25
2016-08-29,40.97
2016-08-30,40.24
2016-08-31,40.06
2016-09-01,41.23
2016-09-02,41.6
2016-09-05,41.5
2016-09-06,41.32
2016-09-07,41.15
2016-09-08,40.96
2016-09-09,40.79
2016-09-12,40.78
2016-09-13,40.53
2016-09-14,40.37
2016-09-15,40.2
2016-09-16,40.05
2016-09-19,39.74
2016-09-20,39.89
2016-09-21,41.13
2016-09-22,40.89
2016-09-23,41.26
2016-09-26,40.98
2016-09-27,40.62
2016-09-28,40.53
2016-09-29,40.41
2016-09-30,40.45
2016-10-03,40.27
2016-10-04,40.09
2016-10-05,39.87
2016-10-06,40.24
2016-10-07,40.05
2016-10-10,39.89
2016-10-11,40.27
2016-10-12,39.94
2016-10-13,39.77
2016-10-14,39.47
2016-10-17,38.98
2016-10-18,38.4
2016-10-19,37.51
2016-10-20,37.12
2016-10-21,37.23
2016-10-24,36.71
2016-10-25,36.43
2016-10-26,36.22
2016-10-27,35.98
2016-10-28,35.8
2016-10-31,35.73
2016-11-01,36.06
2016-11-02,36.38
2016-11-03,36.15
2016-11-04,36.38
2016-11-07,36.64
2016-11-08,36.58
2016-11-09,36.43
2016-11-10,36.2
2016-11-11,35.91
2016-11-14,34.68
2016-11-15,34.89
2016-11-16,35.52
2016-11-17,36.31
2016-11-18,36.16
2016-11-21,35.91
2016-11-22,36.8
2016-11-23,36.59
2016-11-24,36.38
2016-11-25,35.72
2016-11-28,35.58
2016-11-29,35.41
2016-11-30,35.37
2016-12-01,35.2
2016-12-02,34.96
2016-12-05,34.62
2016-12-06,34.47
2016-12-07,34.29
2016-12-08,34.18
2016-12-09,33.87
2016-12-12,33.19
2016-12-13,32.52
2016-12-14,32.32
2016-12-15,31.61
2016-12-16,31.44
2016-12-19,31.26
2016-12-20,30.38
2016-12-21,30.52
2016-12-22,30.17
2016-12-23,30.17
2016-12-26,30.17
2016-12-27,29.58
2016-12-28,29.45
2016-12-29,30.89
2016-12-30,30.89
2017-01-02,30.78
2017-01-03,30.63
2017-01-04,30.07
2017-01-05,29.9
2017-01-06,29.78
2017-01-09,29.36
2017-01-10,29.07
2017-01-11,28.81
2017-01-12,28.63
2017-01-13,28.38
2017-01-16,27.51
2017-01-17,27.27
2017-01-18,27.32
2017-01-19,28.01
2017-01-20,28.86
2017-01-23,28.83
2017-01-24,28.58
2017-01-25,28.4
2017-01-26,28.18
2017-01-27,27.9
2017-01-30,27.74
2017-01-31,27.53
2017-02-01,27.31
2017-02-02,27.16
2017-02-03,26.94
2017-02-06,26.56
2017-02-07,26.26
2017-02-08,26.08
2017-02-09,26.08
2017-02-10,25.93
2017-02-13,26.56
2017-02-14,27.09
2017-02-15,27.55
2017-02-16,28.58
2017-02-17,28.97
2017-02-20,30.19
2017-02-21,35.75
2017-02-22,37.04
2017-02-23,39.3
2017-02-24,39.09
2017-02-27,39.76
2017-02-28,40.45
2017-03-01,40.25
2017-03-02,39.8
2017-03-03,39.35
2017-03-06,38.67
2017-03-07,38.21
2017-03-08,37.73
2017-03-09,37.43
2017-03-10,37.06
2017-03-13,36.39
2017-03-14,35.98
2017-03-15,36.17
2017-03-16,36.4
2017-03-17,38.98
2017-03-20,41.94
2017-03-21,45.57
2017-03-22,45.0
2017-03-23,45.37
2017-03-24,45.46
2017-03-27,45.65
2017-03-28,45.65
2017-03-29,47.11
2017-03-30,46.95
2017-03-31,46.82
2017-04-03,46.52
2017-04-04,45.89
2017-04-05,45.58
2017-04-06,46.21
2017-04-07,45.72
2017-04-10,44.09
2017-04-11,40.16
2017-04-12,38.07
2017-04-13,37.54
2017-04-14,37.54
2017-04-18,37.03
2017-04-19,35.65
2017-04-20,35.27
2017-04-21,35.25
2017-04-24,34.91
2017-04-25,40.86
2017-04-26,40.72
2017-04-27,40.03
2017-04-28,39.75
2017-05-01,39.75
2017-05-02,39.3
2017-05-03,39.8
2017-05-04,39.62
2017-05-05,39.37
2017-05-08,39.21
2017-05-09,38.57
2017-05-10,38.34
2017-05-11,38.11
2017-05-12,37.76
2017-05-15,37.32
2017-05-16,37.0
2017-05-17,36.81
2017-05-18,36.33
2017-05-19,35.96
2017-05-22,35.48
2017-05-23,35.25
2017-05-24,34.85
2017-05-25,34.57
2017-05-26,33.7
2017-05-29,33.7
2017-05-30,33.25
2017-05-31,32.62
2017-06-01,32.32
2017-06-02,31.75
2017-06-05,31.54
2017-06-06,29.74
2017-06-07,29.41
2017-06-08,29.22
2017-06-09,28.96
2017-06-12,28.88
2017-06-13,28.59
2017-06-14,28.26
2017-06-15,28.17
2017-06-16,28.0
2017-06-19,27.64
2017-06-20,27.26
2017-06-21,26.53
2017-06-22,25.52
2017-06-23,25.36
2017-06-26,25.35
2017-06-27,25.21
2017-06-28,25.04
2017-06-29,24.46
2017-06-30,24.33
2017-07-03,24.19
2017-07-04,23.75
2017-07-05,23.5
2017-07-06,23.25
2017-07-07,23.09
2017-07-10,23.0
2017-07-11,22.81
2017-07-12,23.64
2017-07-13,23.28
2017-07-14,23.06
2017-07-17,22.75
2017-07-18,22.84
2017-07-19,22.6
2017-07-20,22.23
2017-07-21,21.77
2017-07-24,21.58
2017-07-25,21.34
2017-07-26,21.37
2017-07-27,22.23
2017-07-28,22.47
2017-07-31,22.69
2017-08-01,22.41
2017-08-02,22.19
2017-08-03,21.76
2017-08-04,21.67
2017-08-07,21.22
2017-08-08,20.92
2017-08-09,20.71
2017-08-10,20.32
2017-08-11,19.68
2017-08-14,19.42
2017-08-15,20.05
2017-08-16,18.37
2017-08-17,17.9
2017-08-18,17.98
2017-08-21,16.31
2017-08-22,15.74
2017-08-23,15.14
2017-08-24,14.8
2017-08-25,14.33
2017-08-28,14.33
2017-08-29,13.78
2017-08-30,13.46
2017-08-31,13.39
2017-09-01,13.31
2017-09-04,13.24
2017-09-05,13.08
2017-09-06,13.01
2017-09-07,12.75
2017-09-08,12.66
2017-09-11,12.71
2017-09-12,12.64
2017-09-13,12.51
2017-09-14,13.54
2017-09-15,13.54
2017-09-18,14.66
2017-09-19,15.14
2017-09-20,16.05
2017-09-21,19.17
2017-09-22,20.02
2017-09-25,22.01
2017-09-26,21.67
2017-09-27,21.38
2017-09-28,21.07
2017-09-29,21.1
2017-10-02,20.49
2017-10-03,20.27
2017-10-04,19.72
2017-10-05,19.56
2017-10-06,19.57
2017-10-09,19.28
2017-10-10,19.08
2017-10-11,21.05
2017-10-12,21.21
2017-10-13,21.15
2017-10-16,20.45
2017-10-17,20.03
2017-10-18,19.9
2017-10-19,19.73
2017-10-20,19.64
2017-10-23,20.06
2017-10-24,22.19
2017-10-25,22.31
2017-10-26,22.05
2017-10-27,21.18
2017-10-30,21.0
2017-10-31,20.64
2017-11-01,20.43
2017-11-02,20.29
2017-11-03,20.11
2017-11-06,20.81
2017-11-07,20.67
2017-11-09,20.36
2017-11-10,21.86
2017-11-13,21.69
2017-11-14,21.43
2017-11-15,21.44
2017-11-16,21.33
2017-11-17,21.4
2017-11-20,20.84
2017-11-21,20.45
2017-11-22,20.91
2017-11-23,20.81
2017-11-24,20.59
2017-11-27,20.45
2017-11-28,20.09
2017-11-29,19.87
2017-11-30,19.75
2017-12-01,21.11
2017-12-04,21.04
2017-12-05,21.58
2017-12-06,21.34
2017-12-07,20.88
2017-12-08,20.73
2017-12-11,20.59
2017-12-12,20.26
2017-12-13,20.02
2017-12-14,19.91
2017-12-15,19.63
2017-12-18,19.56
2017-12-19,19.49
2017-12-20,19.38
2017-12-21,19.28
2017-12-22,19.32
2017-12-25,19.32
2017-12-27,23.11
2017-12-28,23.04
2017-12-29,22.84
2018-01-01,22.84
2018-01-02,22.78
2018-01-03,22.77
2018-01-04,22.7
2018-01-05,22.72
2018-01-08,22.46
2018-01-09,22.23
2018-01-10,22.16
2018-01-11,21.78
2018-01-12,23.05
2018-01-15,22.89
2018-01-16,22.74
2018-01-17,22.9
2018-01-18,22.76
2018-01-19,22.79
2018-01-22,22.9
2018-01-23,22.99
2018-01-24,22.83
2018-01-25,22.69
2018-01-26,22.32
2018-01-29,22.16
2018-01-30,22.26
2018-02-01,21.95
2018-02-02,21.7
2018-02-05,21.51
2018-02-06,21.07
2018-02-07,20.6
2018-02-08,20.91
2018-02-09,20.01
2018-02-12,19.42
2018-02-13,16.43
2018-02-14,15.78
2018-02-15,15.55
2018-02-16,16.87
2018-02-19,17.26
2018-02-20,12.34
2018-02-21,11.8
2018-02-22,12.95
2018-02-23,12.53
2018-02-26,16.62
2018-02-27,17.69
2018-02-28,17.45
2018-03-01,17.26
2018-03-02,17.25
2018-03-05,17.16
2018-03-06,17.04
2018-03-07,18.08
2018-03-08,17.85
2018-03-09,17.75
2018-03-12,18.99
2018-03-13,18.69
2018-03-14,18.4
2018-03-15,18.0
2018-03-16,18.95
2018-03-19,18.39
2018-03-20,18.55
2018-03-21,18.19
2018-03-22,18.4
2018-03-23,18.22
2018-03-26,18.44
2018-03-27,18.66
2018-03-28,21.01
2018-03-29,20.21
2018-03-30,20.21
2018-04-02,20.21
2018-04-03,20.26
2018-04-04,20.59
2018-04-05,20.43
2018-04-06,20.76
2018-04-09,20.51
2018-04-10,22.21
2018-04-11,21.75
2018-04-12,20.41
2018-04-13,27.53
2018-04-16,26.52
2018-04-17,25.38
2018-04-18,28.76
2018-04-19,30.69
2018-04-20,32.66
2018-04-23,32.45
2018-04-24,33.67
2018-04-25,33.14
2018-04-26,32.66
2018-04-27,31.1
2018-04-30,31.12
2018-05-01,30.22
2018-05-02,33.48
2018-05-03,33.92
2018-05-04,33.87
2018-05-07,33.87
2018-05-08,33.42
2018-05-09,32.32
2018-05-10,31.71
2018-05-11,31.92
2018-05-14,31.53
2018-05-15,31.6
2018-05-16,32.13
2018-05-17,20.21
2018-05-18,22.17
2018-05-21,21.72
2018-05-22,21.94
2018-05-23,22.15
2018-05-24,22.97
2018-05-25,22.63
2018-05-28,22.63
2018-05-29,23.02
2018-05-30,22.72
2018-05-31,22.64
2018-06-01,22.53
2018-06-04,22.63
2018-06-05,22.46
2018-06-06,22.42
2018-06-07,20.43
2018-06-08,20.07
2018-06-11,19.7
2018-06-12,19.34
2018-06-13,18.78
2018-06-14,19.02
2018-06-15,19.41
2018-06-18,20.34
2018-06-19,21.05
2018-06-20,21.7
2018-06-21,21.49
2018-06-22,21.12
2018-06-25,20.89
2018-06-26,20.66
2018-06-27,20.19
2018-06-28,19.68
2018-06-29,19.22
2018-07-02,18.62
2018-07-03,18.28
2018-07-04,18.01
2018-07-05,16.86
2018-07-06,16.78
2018-07-09,16.53
2018-07-10,16.33
2018-07-11,16.27
2018-07-12,16.08
2018-07-13,15.2
2018-07-16,15.5
2018-07-17,14.48
2018-07-18,13.93
2018-07-19,12.92
2018-07-20,13.77
2018-07-23,16.34
2018-07-24,20.55
2018-07-25,22.27
2018-07-26,26.28
2018-07-27,28.93
2018-07-30,28.92
2018-07-31,29.13
2018-08-01,28.75
2018-08-02,28.65
2018-08-03,28.31
2018-08-06,28.63
2018-08-07,28.58
2018-08-08,28.35
2018-08-09,27.84
2018-08-10,27.67
2018-08-13,28.3
2018-08-14,27.88
2018-08-15,25.38
2018-08-16,25.38
2018-08-17,25.26
2018-08-20,25.38
2018-08-21,24.9
2018-08-22,24.59
2018-08-23,24.56
2018-08-24,26.06
2018-08-27,26.06
2018-08-28,25.68
2018-08-29,25.05
2018-08-30,27.17
2018-08-31,27.08
2018-09-03,26.95
2018-09-04,27.45
2018-09-05,27.94
2018-09-06,27.89
2018-09-07,27.93
2018-09-10,27.82
2018-09-11,27.53
2018-09-12,27.42
2018-09-13,28.11
2018-09-14,30.62
2018-09-17,30.52
2018-09-18,30.13
2018-09-19,29.96
2018-09-20,30.15
2018-09-21,30.45
2018-09-24,30.19
2018-09-25,29.83
2018-09-26,32.58
2018-09-27,33.82
2018-09-28,33.59
2018-10-01,37.58
2018-10-02,38.16
2018-10-03,37.94
2018-10-04,37.82
2018-10-05,37.36
2018-10-08,36.72
2018-10-09,36.23
2018-10-10,35.72
2018-10-11,35.25
2018-10-12,34.27
2018-10-15,33.75
2018-10-16,31.41
2018-10-17,28.34
2018-10-18,27.79
2018-10-19,27.39
2018-10-22,29.38
2018-10-23,29.28
2018-10-24,28.89
2018-10-25,29.74
2018-10-26,30.44
2018-10-29,30.96
2018-10-30,30.81
2018-10-31,30.75
2018-11-01,30.88
2018-11-02,30.73
2018-11-05,30.65
2018-11-06,30.11
2018-11-07,30.41
2018-11-08,30.26
2018-11-09,29.88
2018-11-12,29.41
2018-11-13,29.22
2018-11-14,28.86
2018-11-15,28.52
2018-11-16,28.3
2018-11-19,28.0
2018-11-20,26.76
2018-11-21,25.49
2018-11-22,25.49
2018-11-23,25.31
2018-11-26,25.17
2018-11-27,24.96
2018-11-28,24.79
2018-11-29,24.6
2018-11-30,24.44
2018-12-03,24.1
2018-12-04,23.98
2018-12-05,24.02
2018-12-06,24.01
2018-12-07,23.52
2018-12-10,23.5
2018-12-11,22.65
2018-12-12,22.68
2018-12-13,22.06
2018-12-14,20.89
2018-12-17,18.05
2018-12-18,17.07
2018-12-19,16.17
2018-12-20,16.09
2018-12-21,17.13
2018-12-24,17.03
2018-12-25,19.16
2018-12-26,19.16
2018-12-27,19.16
2018-12-28,18.95
2018-12-31,18.84
2019-01-01,18.84
2019-01-02,18.77
2019-01-03,18.76
2019-01-04,18.94
2019-01-07,18.86
2019-01-08,18.67
2019-01-09,18.58
2019-01-10,18.41
2019-01-11,18.33
2019-01-14,18.2
2019-01-15,18.17
2019-01-16,19.03
2019-01-17,18.93
2019-01-18,20.61
2019-01-21,20.55
2019-01-22,23.39
2019-01-23,30.58
2019-01-24,34.79
2019-01-25,41.83
2019-01-28,41.73
2019-01-29,41.63
2019-01-30,41.37
2019-01-31,41.27
2019-02-01,41.23
2019-02-04,40.57
2019-02-05,44.18
2019-02-06,43.92
2019-02-07,47.83
2019-02-08,47.6
2019-02-11,47.46
2019-02-12,47.25
2019-02-13,47.12
2019-02-14,46.81
2019-02-15,47.07
2019-02-18,46.94
2019-02-19,45.56
2019-02-20,45.76
2019-02-21,47.0
2019-02-22,47.33
2019-02-25,47.13
2019-02-26,47.61
2019-02-27,47.52
2019-02-28,47.37
2019-03-01,46.33
2019-03-04,46.14
2019-03-05,46.75
2019-03-06,46.83
2019-03-07,46.51
2019-03-08,46.15
2019-03-11,46.1
2019-03-12,45.79
2019-03-13,45.54
2019-03-14,45.21
2019-03-15,44.92
2019-03-18,44.65
2019-03-19,35.38
2019-03-20,35.04
2019-03-21,35.42
2019-03-22,37.17
2019-03-25,37.02
2019-03-26,36.71
2019-03-27,36.32
2019-03-28,36.1
2019-03-29,35.94
2019-04-01,35.57
2019-04-02,35.13
2019-04-03,34.76
2019-04-04,34.2
2019-04-05,33.89
2019-04-08,33.57
2019-04-09,33.42
2019-04-10,34.21
2019-04-11,36.22
2019-04-12,35.98
2019-04-15,36.47
2019-04-16,36.16
2019-04-17,35.73
2019-04-18,36.91
2019-04-22,36.91
2019-04-23,38.05
2019-04-24,37.34
2019-04-25,37.28
2019-04-26,37.1
2019-04-29,34.81
2019-04-30,34.09
2019-05-01,31.59
2019-05-02,28.89
2019-05-03,30.09
2019-05-06,30.09
2019-05-07,31.56
2019-05-08,30.46
2019-05-09,31.94
2019-05-10,32.95
2019-05-13,33.1
2019-05-14,32.79
2019-05-15,33.16
2019-05-16,35.52
2019-05-17,38.89
2019-05-20,38.86
2019-05-21,38.62
2019-05-22,38.48
2019-05-23,38.05
2019-05-24,38.66
2019-05-27,38.66
2019-05-28,39.28
2019-05-29,38.65
2019-05-30,38.32
2019-06-03,37.44
2019-06-04,36.96
2019-06-05,36.54
2019-06-06,36.38
2019-06-07,36.23
2019-06-10,35.9
2019-06-11,35.34
2019-06-12,34.7
2019-06-13,34.37
2019-06-14,35.98
2019-06-17,35.28
2019-06-18,34.96
2019-06-19,34.76
2019-06-20,35.09
2019-06-21,35.52
2019-06-24,36.45
2019-06-25,36.75
2019-06-26,36.22
2019-06-27,35.49
2019-06-28,35.54
2019-07-01,35.04
2019-07-02,35.34
2019-07-03,34.9
2019-07-04,34.48
2019-07-05,34.1
2019-07-11,32.09
2019-07-12,33.32
2019-07-15,31.86
2019-07-16,29.53
2019-07-17,29.07
2019-07-18,28.76
2019-07-19,28.91
2019-07-22,28.36
2019-07-23,27.9
2019-07-24,27.52
2019-07-25,26.33
2019-07-26,25.13
2019-07-29,24.85
2019-07-30,24.34
2019-07-31,24.18
2019-08-01,24.13
2019-08-02,24.36
2019-08-05,25.8
2019-08-06,25.63
2019-08-07,27.17
2019-08-08,29.41
2019-08-09,29.07
2019-08-12,28.74
2019-08-13,28.31
2019-08-14,29.57
2019-08-15,29.45
2019-08-16,28.95
2019-08-19,28.44
2019-08-20,28.95
2019-08-21,28.44
2019-08-22,30.26
2019-08-23,29.8
2019-08-26,29.8
2019-08-27,29.79
2019-08-28,28.15
2019-08-29,27.56
2019-08-30,26.89
2019-09-02,26.26
2019-09-03,23.81
2019-09-04,23.39
2019-09-05,23.1
2019-09-06,23.35
2019-09-09,23.11
2019-09-10,22.84
2019-09-11,22.77
2019-09-12,22.64
2019-09-13,22.41
2019-09-16,22.2
2019-09-17,21.96
2019-09-18,22.44
2019-09-19,22.2
2019-09-20,22.04
2019-09-23,21.95
2019-09-24,21.39
2019-09-25,20.72
2019-09-26,20.08
2019-09-27,19.59
2019-09-30,20.38
2019-10-01,19.91
2019-10-02,19.39
2019-10-03,19.06
2019-10-04,19.0
2019-10-07,18.75
2019-10-08,18.48
2019-10-09,18.87
2019-10-10,18.54
2019-10-11,18.12
2019-10-14,17.58
2019-10-15,17.1
2019-10-16,16.86
2019-10-17,16.78
2019-10-18,16.62
2019-10-21,17.68
2019-10-22,18.33
2019-10-23,18.33
2019-10-24,18.25
2019-10-25,18.05
2019-10-28,18.16
2019-10-29,17.98
2019-10-30,17.95
2019-10-31,17.75
2019-11-01,17.51
2019-11-04,17.34
2019-11-05,17.71
2019-11-06,17.48
2019-11-07,17.21
2019-11-08,17.42
2019-11-11,17.19
2019-11-12,16.9
2019-11-13,16.17
2019-11-14,14.76
2019-11-15,13.93
2019-11-18,12.67
2019-11-19,15.62
2019-11-20,15.37
2019-11-21,15.37
2019-11-22,15.21
2019-11-25,14.5
2019-11-26,14.61
2019-11-27,13.42
2019-11-28,13.27
2019-11-29,12.79
2019-12-02,12.46
2019-12-03,12.25
2019-12-04,12.03
2019-12-05,11.73
2019-12-06,11.57
2019-12-09,11.3
2019-12-10,10.85
2019-12-11,10.2
2019-12-12,9.35
2019-12-13,8.12
2019-12-16,6.7
2019-12-17,8.52
2019-12-18,9.8
2019-12-19,9.77
2019-12-20,12.2
2019-12-23,19.36
2019-12-24,37.49
2019-12-25,37.49
2019-12-26,37.49
2019-12-27,37.5
2019-12-30,37.25
2019-12-31,38.14
2020-01-02,38.05
2020-01-03,38.18
2020-01-06,35.85
2020-01-07,35.61
2020-01-08,35.07
2020-01-09,42.84
2020-01-10,43.49
2020-01-13,42.92
2020-01-14,44.82
2020-01-15,48.13
2020-01-16,50.47
2020-01-17,50.08
2020-01-20,49.78
2020-01-21,49.06
2020-01-22,48.22
2020-01-23,42.19
2020-01-24,41.91
2020-01-27,41.34
2020-01-28,41.08
2020-01-29,38.2
2020-01-30,38.27
2020-01-31,36.6
2020-02-03,35.82
2020-02-04,35.08
2020-02-05,33.59
2020-02-06,32.74
2020-02-07,32.53
2020-02-10,33.11
2020-02-11,31.89
2020-02-12,32.3
2020-02-13,31.68
2020-02-14,31.69
2020-02-17,31.74
2020-02-18,30.88
2020-02-19,29.98
2020-02-20,29.28
2020-02-21,29.26
2020-02-24,29.12
2020-02-25,28.36
2020-02-26,28.25
2020-02-27,27.5
2020-02-28,26.83
2020-03-02,26.12
2020-03-03,25.39
2020-03-04,24.67
2020-03-05,23.95
2020-03-06,22.58
2020-03-09,21.78
2020-03-10,21.01
2020-03-11,20.4
2020-03-12,19.79
2020-03-13,19.18
2020-03-16,18.42
2020-03-17,17.97
2020-03-18,17.75
2020-03-19,16.8
2020-03-20,15.45
2020-03-23,16.24
2020-03-24,15.54
2020-03-25,15.36
2020-03-26,14.86
2020-03-27,14.37
2020-03-30,13.62
2020-03-31,13.22
2020-04-01,12.87
2020-04-02,12.2
2020-04-03,12.02
2020-04-06,11.67
2020-04-07,11.4
2020-04-08,11.06
2020-04-09,10.72
2020-04-10,10.72
2020-04-13,10.72
2020-04-14,10.45
2020-04-15,9.95
2020-04-16,9.8
2020-04-17,9.63
2020-04-20,8.98
2020-04-21,8.83
2020-04-22,8.73
2020-04-23,10.95
2020-04-24,10.83
2020-04-27,11.21
2020-04-28,11.16
2020-04-29,11.15
2020-04-30,11.85
2020-05-01,12.46
2020-05-04,12.58
2020-05-05,12.87
2020-05-06,13.0
2020-05-07,12.9
2020-05-08,12.9
2020-05-11,12.72
2020-05-12,14.39
2020-05-13,15.48
2020-05-14,15.03
2020-05-15,16.49
2020-05-18,16.19
2020-05-19,16.06
2020-05-20,15.37
2020-05-21,15.17
2020-05-22,15.89
2020-05-25,15.89
2020-05-26,15.39
2020-05-27,15.01
2020-05-28,14.97
2020-05-29,14.58
2020-06-01,14.24
2020-06-02,13.97
2020-06-03,13.71
2020-06-04,13.23
2020-06-05,14.17
2020-06-08,13.84
2020-06-09,13.35
2020-06-10,13.35
2020-06-11,13.05
2020-06-12,13.9
2020-06-15,13.49
2020-06-16,12.88
2020-06-17,13.05
2020-06-18,12.83
2020-06-19,12.57
2020-06-22,12.19
2020-06-23,11.79
2020-06-24,11.53
2020-06-25,11.09
2020-06-26,10.75
2020-06-29,10.63
2020-06-30,10.34
2020-07-01,10.1
2020-07-02,9.85
2020-07-03,10.53
2020-07-06,12.83
2020-07-07,12.47
2020-07-08,14.9
2020-07-09,17.76
2020-07-10,17.6
2020-07-13,14.3
2020-07-14,15.63
2020-07-15,15.51
2020-07-16,15.95
2020-07-17,16.47
2020-07-20,16.31
2020-07-21,16.24
2020-07-22,16.5
2020-07-23,16.17
2020-07-24,16.56
2020-07-27,16.81
2020-07-28,16.53
2020-07-29,16.11
2020-07-30,15.87
2020-07-31,15.58
2020-08-03,15.72
2020-08-04,15.77
2020-08-05,15.94
2020-08-06,15.79
2020-08-07,15.51
2020-08-10,15.38
2020-08-11,15.83
2020-08-12,15.28
2020-08-13,14.97
2020-08-14,15.26
2020-08-17,15.11
2020-08-18,14.75
2020-08-19,14.45
2020-08-20,14.09
2020-08-21,13.86
2020-08-24,14.63
2020-08-25,14.33
2020-08-26,14.68
2020-08-27,14.59
2020-08-28,14.88
2020-08-31,14.88
2020-09-01,14.75
2020-09-02,14.49
2020-09-03,14.45
2020-09-04,14.25
2020-09-07,14.05
2020-09-08,14.48
2020-09-09,14.32
2020-09-10,14.51
2020-09-11,14.71
2020-09-14,17.2
2020-09-15,17.06
2020-09-16,17.16
2020-09-17,16.94
2020-09-18,17.17
2020-09-21,17.57
2020-09-22,17.44
2020-09-23,17.19
2020-09-24,17.33
2020-09-25,17.54
2020-09-28,18.37
2020-09-29,18.03
2020-09-30,17.96
2020-10-01,17.51
2020-10-02,17.2
2020-10-05,16.89
2020-10-06,21.36
2020-10-07,21.66
2020-10-08,21.66
2020-10-09,21.29
2020-10-12,20.83
2020-10-13,20.57
2020-10-14,20.24
2020-10-15,19.95
2020-10-16,19.4
2020-10-19,16.52
2020-10-20,15.63
2020-10-21,14.75
2020-10-22,14.68
2020-10-23,14.93
2020-10-26,17.45
2020-10-27,17.18
2020-10-28,17.03
2020-10-29,16.82
2020-10-30,16.62
2020-11-02,16.52
2020-11-03,16.23
2020-11-04,15.95
2020-11-05,15.48
2020-11-06,15.11
2020-11-09,12.93
2020-11-10,12.56
2020-11-11,12.17
2020-11-12,11.8
2020-11-13,11.46
2020-11-16,11.09
2020-11-17,10.95
2020-11-18,11.98
2020-11-19,11.79
2020-11-20,11.91
2020-11-23,11.66
2020-11-24,11.5
2020-11-25,11.31
2020-11-26,11.23
2020-11-27,11.71
2020-11-30,11.52
2020-12-01,11.3
2020-12-02,14.0
2020-12-03,13.96
2020-12-04,13.95
2020-12-07,14.44
2020-12-08,14.16
2020-12-09,14.47
2020-12-10,13.69
2020-12-11,13.44
2020-12-14,13.27
2020-12-15,13.44
2020-12-16,13.5
2020-12-17,13.27
2020-12-18,13.65
2020-12-21,13.58
2020-12-22,13.1
2020-12-23,13.58
2020-12-24,13.27
2020-12-25,13.27
2020-12-28,13.27
2020-12-29,12.9
2020-12-30,12.07
2020-12-31,11.71
2021-01-01,11.71
2021-01-04,11.28
2021-01-05,10.35
2021-01-06,9.98
2021-01-07,9.66
2021-01-08,9.47
2021-01-11,9.24
2021-01-12,8.7
2021-01-13,8.02
2021-01-14,8.22
2021-01-15,7.81
2021-01-18,6.97
2021-01-19,6.32
2021-01-20,9.21
2021-01-21,9.16
2021-01-22,11.73
2021-01-25,17.5
2021-01-26,17.96
2021-01-27,17.79
2021-01-28,17.78
2021-01-29,17.58
2021-02-01,18.68
2021-02-02,18.11
2021-02-03,17.67
2021-02-04,16.99
2021-02-05,16.57
2021-02-08,16.65
2021-02-09,16.08
2021-02-10,15.82
2021-02-11,15.68
2021-02-12,17.01
2021-02-15,17.5
2021-02-16,17.53
2021-02-17,17.1
2021-02-18,16.83
2021-02-19,16.71
2021-02-22,16.38
2021-02-23,16.23
2021-02-24,16.09
2021-02-25,16.14
2021-02-26,17.05
2021-03-01,16.9
2021-03-02,17.22
2021-03-03,16.81
2021-03-04,16.62
2021-03-05,16.86
2021-03-08,16.72
2021-03-09,16.81
2021-03-10,16.58
2021-03-11,12.41
2021-03-12,10.89
2021-03-15,12.93
2021-03-16,16.95
2021-03-17,18.59
2021-03-18,20.15
2021-03-19,29.31
2021-03-22,33.85
2021-03-23,33.9
2021-03-24,34.21
2021-03-25,33.92
2021-03-26,34.15
2021-03-29,33.87
2021-03-30,33.46
2021-03-31,29.87
2021-04-01,29.43
2021-04-02,29.43
2021-04-05,29.43
2021-04-06,28.61
2021-04-07,28.09
2021-04-08,27.74
2021-04-09,27.89
2021-04-12,27.63
2021-04-13,27.41
2021-04-14,29.02
2021-04-15,28.86
2021-04-16,28.7
2021-04-19,28.49
2021-04-20,31.24
2021-04-21,31.32
2021-04-22,31.27
2021-04-23,31.06
2021-04-26,32.01
2021-04-27,31.82
2021-04-28,32.05
2021-04-29,32.28
2021-04-30,32.88
2021-05-03,32.88
2021-05-04,32.62
2021-05-05,31.98
2021-05-06,31.66
2021-05-07,31.47
2021-05-10,31.63
2021-05-11,31.29
2021-05-12,30.98
2021-05-13,30.94
2021-05-14,30.84
2021-05-17,30.66
2021-05-18,30.82
2021-05-19,30.62
2021-05-20,30.64
2021-05-21,32.68
2021-05-24,33.98
2021-05-25,33.96
2021-05-26,33.8
2021-05-27,34.06
2021-05-28,34.38
2021-06-01,34.54
2021-06-02,34.44
2021-06-03,34.27
2021-06-04,33.89
2021-06-07,33.5
2021-06-08,35.65
2021-06-09,35.51
2021-06-10,35.15
2021-06-11,34.09
2021-06-14,33.49
2021-06-15,33.1
2021-06-16,34.11
2021-06-17,33.56
2021-06-18,35.91
2021-06-21,36.28
2021-06-22,41.03
2021-06-23,41.44
2021-06-24,41.45
2021-06-25,41.0
2021-06-28,40.62
2021-06-29,40.28
2021-06-30,39.68
2021-07-01,39.97
2021-07-05,39.84
2021-07-06,39.31
2021-07-07,40.49
2021-07-08,40.2
2021-07-09,40.12
2021-07-12,40.02
2021-07-13,39.38
2021-07-14,39.08
2021-07-15,38.78
2021-07-16,38.4
2021-07-19,38.1
2021-07-20,37.71
2021-07-21,37.44
2021-07-22,37.65
2021-07-23,40.09
2021-07-26,40.32
2021-07-27,40.92
2021-07-28,40.65
2021-07-29,40.38
2021-07-30,40.06
2021-08-02,39.66
2021-08-03,39.33
2021-08-04,39.07
2021-08-05,38.71
2021-08-06,38.23
2021-08-09,38.56
2021-08-10,38.25
2021-08-11,37.56
2021-08-12,37.25
2021-08-13,36.93
2021-08-16,36.75
2021-08-17,35.89
2021-08-18,34.25
2021-08-19,35.37
2021-08-20,35.24
2021-08-23,35.15
2021-08-24,34.8
2021-08-25,34.45
2021-08-26,33.8
2021-08-27,32.91
2021-08-30,32.91
2021-08-31,36.32
2021-09-01,35.47
2021-09-02,35.4
2021-09-06,35.42
2021-09-07,35.04
2021-09-08,35.94
2021-09-09,36.64
2021-09-10,37.04
2021-09-13,37.02
2021-09-14,36.69
2021-09-15,36.7
2021-09-16,36.69
2021-09-17,37.14
2021-09-20,42.38
2021-09-21,45.88
2021-09-22,45.84
2021-09-23,45.49
2021-09-24,44.94
2021-09-27,46.01
2021-09-28,45.88
2021-09-29,48.45
2021-09-30,48.09
2021-10-01,47.73
2021-10-04,47.26
2021-10-05,46.82
2021-10-06,46.22
2021-10-07,46.29
2021-10-08,45.47
2021-10-11,44.58
2021-10-12,43.97
2021-10-13,43.52
2021-10-14,44.14
2021-10-15,44.05
2021-10-18,43.75
2021-10-19,43.33
2021-10-20,43.07
2021-10-21,42.79
2021-10-22,42.84
2021-10-25,42.41
2021-10-26,41.64
2021-10-27,41.14
2021-10-28,40.52
2021-10-29,40.03
2021-11-01,39.61
2021-11-02,39.19
2021-11-03,38.68
2021-11-04,38.41
2021-11-05,38.07
2021-11-08,37.84
2021-11-09,39.49
2021-11-10,39.15
2021-11-11,39.33
2021-11-12,38.87
2021-11-15,38.48
2021-11-16,37.93
2021-11-17,38.25
2021-11-18,38.3
2021-11-19,39.1
2021-11-22,38.72
2021-11-23,38.66
2021-11-24,37.86
2021-11-25,37.56
2021-11-26,37.07
2021-11-29,36.61
2021-11-30,36.03
2021-12-01,35.52
2021-12-02,23.87
2021-12-03,23.29
2021-12-06,22.25
2021-12-07,21.83
2021-12-08,20.57
2021-12-09,20.02
2021-12-10,18.85
2021-12-13,18.39
2021-12-14,14.87
2021-12-15,13.0
2021-12-16,13.77
2021-12-17,16.15
2021-12-20,22.7
2021-12-21,22.37
2021-12-22,22.27
2021-12-23,24.48
2021-12-24,24.38
2021-12-27,24.38
2021-12-28,24.38
2021-12-29,26.0
2021-12-30,24.73
2021-12-31,24.44
2022-01-03,24.44
2022-01-04,30.47
2022-01-05,34.07
2022-01-06,40.23
2022-01-07,41.52
2022-01-10,41.18
2022-01-11,42.8
2022-01-12,42.91
2022-01-13,44.0
2022-01-14,43.86
2022-01-17,45.34
2022-01-18,46.11
2022-01-19,45.98
2022-01-20,46.88
2022-01-21,47.77
2022-01-24,47.48
2022-01-25,46.6
2022-01-26,45.93
2022-01-27,45.33
2022-01-28,44.49
2022-01-31,43.77
2022-02-01,43.54
2022-02-02,43.09
2022-02-03,47.1
2022-02-04,46.66
2022-02-07,46.15
2022-02-08,45.43
2022-02-09,45.03
2022-02-10,32.44
2022-02-11,30.62
2022-02-14,30.82
2022-02-15,30.12
2022-02-16,31.46
2022-02-17,33.81
2022-02-18,33.32
2022-02-21,35.83
2022-02-22,32.64
2022-02-23,31.58
2022-02-24,30.77
2022-02-25,29.55
2022-02-28,28.86
2022-03-01,28.04
2022-03-02,36.92
2022-03-03,37.07
2022-03-04,37.39
2022-03-07,37.68
2022-03-08,37.11
2022-03-09,36.45
2022-03-10,35.75
2022-03-11,35.14
2022-03-14,36.88
2022-03-15,36.05
2022-03-16,35.08
2022-03-17,34.53
2022-03-18,34.96
2022-03-21,34.46
2022-03-22,36.13
2022-03-23,36.06
2022-03-24,36.09
2022-03-25,35.28
2022-03-28,33.97
2022-03-29,33.2
2022-03-30,32.3
2022-03-31,32.69
2022-04-01,31.83
2022-04-04,34.15
2022-04-05,33.47
2022-04-06,33.9
2022-04-07,35.62
2022-04-08,35.78
2022-04-11,35.16
2022-04-12,34.44
2022-04-13,35.21
2022-04-14,35.6
2022-04-15,35.6
2022-04-18,35.6
2022-04-19,35.24
2022-04-20,35.68
2022-04-21,37.34
2022-04-22,36.94
2022-04-25,36.18
2022-04-26,35.69
2022-04-27,35.12
2022-04-28,34.65
2022-04-29,34.12
2022-05-02,34.12
2022-05-03,32.88
2022-05-04,32.44
2022-05-05,32.4
2022-05-06,34.4
2022-05-09,37.58
2022-05-10,47.48
2022-05-11,46.91
2022-05-12,47.25
2022-05-13,51.78
2022-05-16,51.16
2022-05-17,56.37
2022-05-18,60.32
2022-05-19,62.05
2022-05-20,61.49
2022-05-23,60.95
2022-05-24,60.17
2022-05-25,59.69
2022-05-26,59.53
2022-05-27,59.35
2022-05-30,58.88
2022-05-31,58.27
2022-06-01,58.29
2022-06-02,58.29
2022-06-03,58.29
2022-06-06,57.97
2022-06-07,57.14
2022-06-08,56.38
2022-06-09,56.3
2022-06-10,56.36
2022-06-13,56.02
2022-06-14,56.92
2022-06-15,58.67
2022-06-16,58.21
2022-06-17,58.02
2022-06-20,58.81
2022-06-21,58.24
2022-06-22,57.89
2022-06-23,57.54
2022-06-24,57.15
2022-06-27,56.71
2022-06-28,57.63
2022-06-29,57.21
2022-06-30,57.62
2022-07-01,57.21
2022-07-04,56.79
2022-07-05,56.36
2022-07-06,55.83
2022-07-07,55.5
2022-07-08,54.94
2022-07-11,54.54
2022-07-12,54.08
2022-07-13,54.07
2022-07-14,53.6
2022-07-15,53.06
2022-07-18,52.42
2022-07-19,51.92
2022-07-20,51.26
2022-07-21,51.84
2022-07-22,52.21
2022-07-25,51.7
2022-07-26,51.07
2022-07-27,50.5
2022-07-28,50.44
2022-07-29,50.06
2022-08-01,49.55
2022-08-02,47.82
2022-08-03,47.45
2022-08-04,46.74
2022-08-05,46.46
2022-08-08,46.14
2022-08-09,45.55
2022-08-10,45.24
2022-08-11,38.41
2022-08-12,37.99
2022-08-15,37.66
2022-08-16,37.63
2022-08-17,37.37
2022-08-18,38.11
2022-08-19,37.48
2022-08-22,36.93
2022-08-23,36.5
2022-08-24,34.96
2022-08-25,34.46
2022-08-26,33.96
2022-08-29,33.96
2022-08-30,32.53
2022-08-31,31.38
2022-09-01,30.85
2022-09-02,30.77
2022-09-05,30.12
2022-09-06,26.57
2022-09-07,25.99
2022-09-08,25.53
2022-09-09,23.38
2022-09-12,22.96
2022-09-13,22.27
2022-09-14,20.98
2022-09-15,20.26
2022-09-16,19.8
2022-09-19,19.56
2022-09-20,19.49
2022-09-21,18.85
2022-09-22,18.54
2022-09-23,18.82
2022-09-26,19.45
2022-09-27,19.02
2022-09-28,18.91
2022-09-29,21.79
2022-09-30,21.34
2022-10-03,20.83
2022-10-04,20.53
2022-10-05,19.91
2022-10-06,19.23
2022-10-07,18.31
2022-10-10,17.62
2022-10-11,16.64
2022-10-12,15.66
2022-10-13,13.73
2022-10-14,11.57
2022-10-17,9.25
2022-10-18,7.59
2022-10-19,6.2
2022-10-20,23.73
2022-10-21,42.44
2022-10-24,42.21
2022-10-25,41.75
2022-10-26,41.5
2022-10-27,40.53
2022-10-28,40.22
2022-10-31,40.09
2022-11-01,43.08
2022-11-02,43.35
2022-11-03,43.04
2022-11-04,42.78
2022-11-07,43.44
2022-11-08,43.35
2022-11-09,42.84
2022-11-10,42.4
2022-11-11,41.76
2022-11-14,41.19
2022-11-15,41.1
2022-11-16,40.56
2022-11-17,40.03
2022-11-18,39.77
2022-11-21,43.27
2022-11-22,44.97
2022-11-23,44.57
2022-11-24,44.57
2022-11-25,44.22
2022-11-28,44.03
2022-11-29,44.46
2022-11-30,45.22
2022-12-01,50.0
2022-12-02,54.08
2022-12-05,54.32
2022-12-06,54.15
2022-12-07,53.68
2022-12-08,53.08
2022-12-09,52.5
2022-12-12,47.9
2022-12-13,47.35
2022-12-14,46.59
2022-12-15,45.81
2022-12-16,45.26
2022-12-19,45.02
2022-12-20,50.33
2022-12-21,50.63
2022-12-22,50.68
2022-12-26,51.3
2022-12-27,51.3
2022-12-28,50.79
2022-12-29,55.59
2023-01-02,55.29
2023-01-03,54.98
2023-01-04,54.49
2023-01-05,53.87
2023-01-06,53.26
2023-01-09,52.54
2023-01-10,52.46
2023-01-11,52.73
2023-01-12,53.0
2023-01-16,52.41
2023-01-17,51.89
2023-01-18,52.08
2023-01-19,51.52
2023-01-20,50.92
2023-01-23,50.24
2023-01-24,48.98
2023-01-25,48.98
2023-01-26,44.05
2023-01-27,43.53
2023-01-30,43.85
2023-01-31,43.26
2023-02-01,42.81
2023-02-02,42.16
2023-02-03,42.85
2023-02-06,42.56
2023-02-07,43.22
2023-02-08,33.58
2023-02-09,32.87
2023-02-10,32.37
2023-02-13,26.44
2023-02-14,24.48
2023-02-15,24.65
2023-02-16,24.38
2023-02-20,22.88
2023-02-21,22.29
2023-02-22,21.31
2023-02-23,21.31
2023-02-24,20.68
2023-02-27,20.68
2023-02-28,20.04
2023-03-01,20.06
2023-03-02,19.76
2023-03-03,19.35
2023-03-06,18.89
2023-03-07,18.84
2023-03-08,20.11
2023-03-09,19.65
2023-03-10,22.12
2023-03-13,21.42
2023-03-14,20.39
2023-03-15,19.71
2023-03-16,19.83
2023-03-17,20.72
2023-03-20,20.01
2023-03-21,19.55
2023-03-22,20.21
2023-03-23,19.88
2023-03-24,19.85
2023-03-27,19.73
2023-03-28,18.78
2023-03-29,18.4
2023-03-30,17.79
2023-03-31,18.06
2023-04-03,19.87
2023-04-04,19.49
2023-04-05,19.21
2023-04-07,18.45
2023-04-10,18.45
2023-04-11,17.8
2023-04-12,15.69
2023-04-13,15.08
2023-04-14,14.64
2023-04-17,14.27
2023-04-18,12.72
2023-04-19,12.25
2023-04-20,12.01
2023-04-21,11.66
2023-04-24,13.28
2023-04-25,13.1
2023-04-26,12.78
2023-04-27,12.73
2023-04-28,13.51
2023-05-01,13.51
2023-05-02,13.16
2023-05-03,12.7
2023-05-04,12.49
2023-05-05,12.96
2023-05-08,12.96
2023-05-09,12.88
2023-05-10,11.38
2023-05-11,34.63
2023-05-12,34.57
2023-05-15,34.35
2023-05-16,33.54
2023-05-17,32.77
2023-05-18,32.57
2023-05-19,32.43
2023-05-22,32.4
2023-05-23,30.85
2023-05-24,30.83
2023-05-25,30.8
2023-05-29,31.67
2023-05-30,31.46
2023-05-31,31.41
2023-06-01,33.3
2023-06-02,42.06
2023-06-05,44.51
2023-06-06,45.4
2023-06-07,45.33
2023-06-08,45.63
2023-06-09,44.49
2023-06-12,45.46
2023-06-13,46.04
2023-06-14,45.89
2023-06-15,45.54
2023-06-19,45.41
2023-06-20,45.06
2023-06-21,44.96
2023-06-22,45.1
2023-06-23,46.36
2023-06-26,46.56
2023-06-27,51.74
2023-06-28,51.76
2023-06-29,51.48
2023-06-30,50.02
2023-07-04,50.05
2023-07-05,49.62
2023-07-06,49.38
2023-07-07,48.93
2023-07-10,48.64
2023-07-11,48.67
2023-07-12,48.31
2023-07-13,47.23
2023-07-14,47.11
2023-07-17,46.34
2023-07-18,45.98
2023-07-19,46.25
2023-07-20,45.88
2023-07-21,46.15
2023-07-24,45.83
2023-07-25,45.03
2023-07-26,44.74
2023-07-27,44.34
2023-07-28,44.22
2023-07-31,44.25
2023-08-01,44.42
2023-08-02,44.11
2023-08-03,44.52
2023-08-04,44.83
2023-08-07,44.61
2023-08-08,44.34
2023-08-09,43.9
2023-08-10,43.39
2023-08-11,43.12
2023-08-14,42.92
2023-08-15,42.72
2023-08-16,42.46
2023-08-17,43.54
2023-08-18,58.76
2023-08-21,57.52
2023-08-22,53.46
2023-08-23,53.18
2023-08-24,53.9
2023-08-25,56.18
2023-08-28,56.18
2023-08-29,56.0
2023-08-30,55.04
2023-08-31,55.95
2023-09-04,55.5
2023-09-05,54.56
2023-09-06,54.9
2023-09-07,53.66
2023-09-08,54.26
2023-09-11,53.92
2023-09-12,53.77
2023-09-13,53.34
2023-09-14,52.16
2023-09-15,51.66
2023-09-18,51.89
2023-09-19,51.51
2023-09-20,51.15
2023-09-21,52.2
2023-09-22,57.56
2023-09-25,55.36
2023-09-26,55.21
2023-09-27,54.69
2023-09-28,54.29
2023-09-29,64.23
2023-10-02,64.21
2023-10-03,61.71
2023-10-04,61.56
2023-10-05,61.41
2023-10-09,61.0
2023-10-10,60.76
2023-10-11,60.76
2023-10-12,60.6
2023-10-13,60.44
2023-10-16,60.27
2023-10-17,60.1
2023-10-18,58.7
2023-10-19,58.5
2023-10-20,58.33
2023-10-23,58.16
2023-10-24,57.99
2023-10-25,57.86
2023-10-26,57.66
2023-10-27,57.43
2023-10-30,57.25
2023-10-31,57.07
2023-11-01,56.89
2023-11-02,56.7
2023-11-03,56.52
2023-11-06,56.33
2023-11-07,56.09
2023-11-08,55.85
2023-11-09,55.61
2023-11-10,52.48
2023-11-13,57.32
2023-11-14,56.39
2023-11-15,56.18
2023-11-16,56.0
2023-11-17,55.81
2023-11-20,55.63
2023-11-21,55.22
2023-11-23,57.69
2023-11-24,57.47
2023-11-27,57.29
2023-11-28,56.93
2023-11-29,56.6
2023-11-30,57.22
2023-12-01,56.75
2023-12-04,55.83
2023-12-05,55.16
2023-12-06,55.3
2023-12-07,54.91
2023-12-08,53.44
2023-12-11,54.05
2023-12-12,53.64
2023-12-13,53.28
2023-12-14,52.74
2023-12-15,53.71
2023-12-18,46.44
2023-12-19,45.04
2023-12-20,44.41
2023-12-21,43.85
2023-12-25,37.91
2023-12-26,37.91
2023-12-27,37.22
2023-12-28,35.37
2024-01-01,35.14
2024-01-02,33.92
2024-01-03,33.71
2024-01-04,33.29
2024-01-05,32.95
2024-01-08,31.68
2024-01-09,35.96
2024-01-10,36.4
2024-01-11,36.75
2024-01-15,36.17
2024-01-16,36.71
2024-01-17,36.42
2024-01-18,36.53
2024-01-19,37.66
2024-01-22,38.56
2024-01-23,38.2
2024-01-24,38.05
2024-01-25,37.33
2024-01-26,36.65
2024-01-29,36.17
2024-01-30,37.45
2024-01-31,40.74
2024-02-01,40.52
2024-02-02,40.28
2024-02-05,40.02
2024-02-06,39.52
2024-02-07,38.92
2024-02-08,38.45
2024-02-09,38.21
2024-02-12,38.01
2024-02-13,38.05
2024-02-14,38.23
2024-02-15,36.91
2024-02-19,34.99
2024-02-20,33.27
2024-02-21,32.75
2024-02-22,34.03
2024-02-23,34.53
2024-02-26,34.18
2024-02-27,34.17
2024-02-28,33.57
2024-02-29,33.85
2024-03-01,39.52
2024-03-04,39.23
2024-03-05,39.53
2024-03-06,39.77
2024-03-07,39.78
2024-03-08,39.75
2024-03-11,39.59
2024-03-12,39.38
2024-03-13,38.09
2024-03-14,38.01
2024-03-15,38.67
2024-03-18,38.59
2024-03-19,38.43
2024-03-20,39.21
2024-03-21,39.2
2024-03-22,39.1
2024-03-25,39.07
2024-03-26,38.65
2024-03-27,38.47
2024-03-29,38.24
2024-04-01,38.24
2024-04-02,37.94
2024-04-03,39.69
2024-04-04,39.19
2024-04-05,39.08
2024-04-08,38.96
2024-04-09,38.65
2024-04-10,38.27
2024-04-11,37.99
2024-04-12,37.91
2024-04-15,37.79
2024-04-16,52.71
2024-04-17,54.29
2024-04-18,57.92
2024-04-19,66.03
2024-04-22,69.6
2024-04-23,69.43
2024-04-24,69.14
2024-04-25,69.01
2024-04-26,68.96
2024-04-29,68.87
2024-04-30,73.13
2024-05-01,73.15
2024-05-02,55.03
2024-05-03,54.89
2024-05-06,54.89
2024-05-07,54.74
2024-05-08,54.41
2024-05-09,54.15
2024-05-10,13.61
2024-05-13,13.65
2024-05-14,10.44
2024-05-15,20.15
2024-05-16,35.87
2024-05-17,41.36
2024-05-20,41.61
2024-05-21,49.09
2024-05-22,45.97
2024-05-23,42.02
2024-05-27,41.9
2024-05-28,41.83
2024-05-29,41.65
2024-05-30,44.68
2024-05-31,46.82
2024-06-03,46.91
2024-06-04,46.75
2024-06-05,47.33
2024-06-06,47.33
2024-06-07,47.13
2024-06-10,47.07
2024-06-11,47.34
2024-06-12,48.23
2024-06-13,52.9
2024-06-14,54.93
2024-06-17,54.89
2024-06-19,54.84
2024-06-20,56.31
2024-06-21,55.79
2024-06-24,55.56
2024-06-25,55.33
2024-06-26,55.09
2024-06-27,54.83
2024-06-28,54.57
2024-07-01,54.33
2024-07-02,54.05
2024-07-04,53.58
2024-07-05,54.85
2024-07-08,54.95
2024-07-09,54.82
2024-07-10,54.76
2024-07-11,54.59
2024-07-12,54.34
2024-07-15,57.15
2024-07-16,58.01
2024-07-17,57.87
2024-07-18,57.77
2024-07-19,57.6
2024-07-22,57.43
2024-07-23,58.27
2024-07-24,58.14
2024-07-25,57.87
2024-07-26,61.55
2024-07-29,61.68
2024-07-30,61.54
2024-07-31,61.5
2024-08-01,61.34
2024-08-02,61.3
2024-08-05,61.14
2024-08-06,60.99
2024-08-07,61.1
2024-08-08,60.95
2024-08-09,60.9
2024-08-12,60.73
2024-08-13,60.57
2024-08-14,60.52
2024-08-15,60.36
2024-08-16,61.01
2024-08-19,60.85
2024-08-20,60.68
2024-08-21,60.52
2024-08-22,60.36
2024-08-23,60.2
2024-08-26,60.2
2024-08-27,60.03
2024-08-28,59.86
2024-08-29,59.7
2024-09-02,59.25
2024-09-03,59.08
2024-09-04,58.91
2024-09-05,58.74
2024-09-06,58.57
2024-09-09,58.05
2024-09-10,57.87
2024-09-11,57.69
2024-09-12,57.52
2024-09-13,57.33
2024-09-16,57.15
2024-09-17,56.98
2024-09-18,56.98
2024-09-19,56.98
2024-09-20,56.77
2024-09-23,56.58
2024-09-24,56.45
2024-09-25,53.81
2024-09-26,53.67
2024-09-27,53.52
2024-09-30,50.66
2024-10-01,50.5
2024-10-02,50.35
2024-10-03,49.23
2024-10-04,49.06
2024-10-07,48.9
2024-10-08,48.73
2024-10-09,48.57
2024-10-10,48.4
2024-10-14,47.91
2024-10-15,47.68
2024-10-16,47.23
2024-10-17,47.06
2024-10-18,47.05
2024-10-21,46.87
2024-10-22,46.7
2024-10-23,46.52
2024-10-24,46.34
2024-10-25,46.11
2024-10-28,45.93
2024-10-29,45.75
2024-10-30,45.56
2024-10-31,45.45
2024-11-01,45.26
2024-11-04,44.92
2024-11-05,44.73
2024-11-06,44.54
2024-11-07,44.35
2024-11-11,43.97
2024-11-12,43.76
2024-11-13,43.56
2024-11-14,43.36
2024-11-15,43.16
2024-11-18,42.96
2024-11-19,42.75
2024-11-20,42.55
2024-11-21,42.22
2024-11-22,44.02
2024-11-25,43.81
2024-11-26,43.61
2024-11-28,45.54
2024-11-29,45.34
2024-12-02,45.15
2024-12-03,44.93
2024-12-04,44.6
2024-12-05,44.39
2024-12-06,44.18
2024-12-09,43.94
2024-12-10,43.77
2024-12-11,43.53
2024-12-12,43.32
2024-12-13,43.32
2024-12-16,43.11
2024-12-17,42.86
2024-12-18,42.65
2024-12-19,43.41
2024-12-20,43.03
2024-12-23,42.81
2024-12-25,55.48
2024-12-26,55.48
2024-12-27,55.18
2024-12-30,55.01
2025-01-01,54.69
2025-01-02,54.37
2025-01-03,54.05
2025-01-06,53.8
2025-01-07,60.88
2025-01-08,60.72
2025-01-09,60.56
2025-01-10,59.92
2025-01-13,59.76
2025-01-14,59.6
2025-01-15,59.44
2025-01-16,59.27
2025-01-20,58.94
2025-01-21,58.76
2025-01-22,59.38
2025-01-23,59.21
2025-01-24,59.04
2025-01-27,59.03
2025-01-28,58.59
2025-01-29,58.41
2025-01-30,58.23
2025-01-31,58.23
2025-02-03,58.19
2025-02-04,57.76
2025-02-05,57.43
2025-02-06,57.09
2025-02-07,56.77
2025-02-10,56.42
2025-02-11,56.16
2025-02-12,54.66
2025-02-13,54.54
2025-02-17,53.84
2025-02-18,53.51
2025-02-19,58.43
2025-02-20,58.53
2025-02-21,58.5
2025-02-24,61.11
2025-02-25,61.51
2025-02-26,60.92
2025-02-27,60.62
2025-02-28,60.3
2025-03-03,59.99
2025-03-04,58.67
2025-03-05,58.31
2025-03-06,57.96
2025-03-07,57.67
2025-03-10,57.37
2025-03-11,57.02
2025-03-12,56.26
2025-03-13,55.27
2025-03-14,54.66
2025-03-17,54.25
2025-03-18,53.88
2025-03-19,53.49
2025-03-20,59.81
2025-03-21,59.51
2025-03-24,59.29
2025-03-25,58.98
2025-03-26,62.13
2025-03-27,55.36
2025-03-28,52.22
2025-03-31,51.85
2025-04-01,50.39
2025-04-02,50.38
2025-04-03,50.38
2025-04-04,50.15
2025-04-07,49.93
2025-04-08,44.9
2025-04-09,44.53
2025-04-10,44.13
2025-04-11,43.61
2025-04-14,43.33
2025-04-15,43.22
2025-04-16,42.35
2025-04-18,41.97
2025-04-21,41.97
2025-04-22,41.61
2025-04-23,40.77
2025-04-24,40.72
2025-04-25,40.49
2025-04-28,40.21
2025-04-29,39.92
2025-04-30,39.63
2025-05-01,39.34
2025-05-02,39.09
2025-05-05,39.09
2025-05-06,39.09
2025-05-07,38.5
2025-05-08,38.32
2025-05-09,38.01
2025-05-12,37.69
2025-05-13,37.42
2025-05-14,37.42
2025-05-15,37.1
2025-05-16,36.76
2025-05-19,12.82
2025-05-20,17.45
2025-05-21,17.02
2025-05-22,16.59
2025-05-26,16.08
2025-05-27,15.42
2025-05-28,14.47
2025-05-29,14.09
2025-05-30,13.6
2025-06-02,13.08
2025-06-03,12.51
2025-06-04,12.51
2025-06-05,12.03
2025-06-06,11.54
2025-06-09,11.05
2025-06-10,10.59
2025-06-11,10.01
2025-06-12,9.51
2025-06-13,8.9
2025-06-16,8.37
2025-06-17,7.82
2025-06-19,6.71
2025-06-20,6.14
2025-06-23,5.62
2025-06-24,5.33
2025-06-25,4.76
2025-06-26,4.17
2025-06-27,3.49
2025-06-30,3.07
2025-07-01,3.05
2025-07-02,2.42
2025-07-04,2.26
2025-07-07,2.22
2025-07-08,2.14
2025-07-09,2.1
2025-07-10,2.08
2025-07-11,2.05
2025-07-14,2.03
2025-07-15,1.93
2025-07-16,1.88
2025-07-17,1.83
2025-07-18,1.79
2025-07-21,1.74
2025-07-22,2.28
2025-07-23,2.22
2025-07-24,3.38
2025-07-25,3.33
2025-07-28,3.3
2025-07-29,3.18
2025-07-30,3.1
2025-07-31,3.04
2025-08-01,2.92
2025-08-04,2.48
2025-08-05,2.81
2025-08-06,3.04
2025-08-07,3.03
2025-08-08,3.02
2025-08-11,2.99
2025-08-12,2.98
2025-08-13,2.97
2025-08-14,2.97
2025-08-15,2.94
2025-08-18,2.93
2025-08-19,2.93
2025-08-20,2.93
2025-08-21,2.93
2025-08-22,2.77
2025-08-25,2.77
2025-08-26,2.64
2025-08-27,2.6
2025-08-28,2.58
2025-09-01,2.56
2025-09-02,2.26
2025-09-03,2.26
2025-09-04,2.26
2025-09-05,2.24
2025-09-08,8.83
2025-09-09,22.72
2025-09-10,22.72
2025-09-11,22.72
2025-09-12,22.72
2025-09-15,22.72
2025-09-16,22.48
2025-09-17,22.48
2025-09-18,21.25
2025-09-19,21.25
2025-09-22,21.25
2025-09-23,21.64
2025-09-24,21.23
2025-09-25,20.95
2025-09-26,20.27
2025-09-29,19.94
2025-09-30,19.62
2025-10-01,19.31
2025-10-02,18.83
2025-10-03,18.45
2025-10-06,18.05
2025-10-07,17.73
2025-10-08,21.25
2025-10-09,20.67
2025-10-13,19.82
2025-10-14,19.5
2025-10-15,18.69
2025-10-16,18.1
2025-10-17,17.42
2025-10-20,16.73
2025-10-21,16.21
2025-10-22,15.93
2025-10-23,15.08
2025-10-24,14.26
2025-10-27,13.77
2025-10-28,13.09
2025-10-29,12.55
2025-10-30,11.94
2025-10-31,9.16
2025-11-03,8.59
2025-11-04,8.26
2025-11-05,7.9
2025-11-06,7.55
2025-11-07,7.22
2025-11-11,6.54
2025-11-12,6.19
2025-11-13,5.73
2025-11-14,5.35
2025-11-17,4.98
2025-11-18,4.72
2025-11-19,10.13
2025-11-20,10.89
2025-11-21,10.45
2025-11-24,11.33
2025-11-25,10.97
2025-11-27,10.25
2025-11-28,9.92
2025-12-01,9.73
2025-12-02,9.39
2025-12-03,9.0
2025-12-04,8.57
2025-12-05,8.12
2025-12-08,7.68
2025-12-09,7.24
2025-12-10,6.8
2025-12-11,6.43
2025-12-12,6.74
2025-12-15,6.73
2025-12-16,12.89
2025-12-17,14.18
2025-12-18,14.2
2025-12-19,14.2
2025-12-22,14.32
2025-12-23,14.32
2025-12-25,14.05
2025-12-26,14.05
2025-12-29,13.76
2025-12-30,12.98
2026-01-01,12.56
2026-01-02,12.13
2026-01-05,11.7
2026-01-06,11.46
2026-01-07,11.02
2026-01-08,10.66
2026-01-09,10.4
2026-01-12,10.04
2026-01-13,9.6
2026-01-14,9.23
2026-01-15,8.86
2026-01-19,6.75
2026-01-20,6.37
2026-01-21,5.68
2026-01-22,5.26
2026-01-23,4.89
2026-01-26,4.55
2026-01-27,4.53
2026-01-28,5.12
2026-01-29,11.72
2026-01-30,11.81
2026-02-02,11.37
2026-02-03,11.01
2026-02-04,11.01
2026-02-05,10.61
2026-02-06,10.25
2026-02-09,9.88
2026-02-10,9.51
2026-02-11,9.13
2026-02-12,8.71
2026-02-16,8.99
2026-02-17,11.17
2026-02-18,10.89
2026-02-19,10.89
2026-02-20,11.0
2026-02-23,10.84
2026-02-24,10.46
2026-02-25,10.08
2026-02-26,9.69
2026-02-27,9.6
2026-03-02,9.21
2026-03-03,18.64
2026-03-04,18.22
2026-03-05,17.87
2026-03-06,17.46
2026-03-09,18.16
2026-03-10,39.48
2026-03-11,39.39
2026-03-12,39.01
2026-03-13,38.74
2026-03-16,38.62
2026-03-17,37.99
2026-03-18,37.46
2026-03-19,36.9
2026-03-20,36.45
2026-03-23,36.15
2026-03-24,36.15
2026-03-25,36.07
2026-03-26,35.51
2026-03-27,35.18
2026-03-30,34.96
2026-03-31,34.59
2026-04-01,34.88
2026-04-03,34.65
2026-04-06,34.65
2026-04-07,34.37
2026-04-08,33.49
2026-04-09,34.12
2026-04-10,11.2
2026-04-13,10.74
2026-04-14,10.2
2026-04-15,13.97
2026-04-16,14.0
2026-04-17,13.41
2026-04-20,12.83
2026-04-21,12.6
2026-04-22,12.09
2026-04-23,11.57
2026-04-24,10.97
2026-04-27,10.12
2026-04-28,9.53
2026-04-29,9.92
2026-04-30,9.39
2026-05-01,8.81
2026-05-04,8.81
2026-05-05,8.49
2026-05-06,7.91
2026-05-07,7.4
2026-05-08,6.76
2026-05-11,6.12
2026-05-12,5.49
2026-05-13,13.48
2026-05-14,15.81
2026-05-15,16.65
2026-05-18,16.94
2026-05-19,20.36
2026-05-20,19.35
2026-05-21,21.92
2026-05-25,22.26
2026-05-26,22.23
2026-05-27,23.47
2026-05-28,23.19
2026-05-29,24.67
2026-06-01,24.6
2026-06-02,24.09
2026-06-03,24.09
2026-06-04,24.04
2026-06-05,23.58
2026-06-08,23.06
2026-06-09,22.31
2026-06-10,22.87
2026-06-11,22.2
2026-06-12,21.69
2026-06-15,21.66
2026-06-16,22.14
2026-06-17,21.78
2026-06-19,21.48
2026-06-22,21.1
2026-06-23,20.58
2026-06-24,20.2
2026-06-25,19.68
2026-06-26,19.28
2026-06-29,19.14
