date,lme_zn_close
2014-06-02,2083.0
2014-06-03,2088.0
2014-06-04,2079.0
2014-06-05,2088.0
2014-06-06,2104.0
2014-06-09,2131.0
2014-06-10,2132.0
2014-06-11,2125.0
2014-06-12,2077.5
2014-06-13,2088.0
2014-06-16,2103.5
2014-06-17,2124.0
2014-06-18,2136.0
2014-06-19,2153.0
2014-06-20,2177.0
2014-06-23,2184.0
2014-06-24,2174.0
2014-06-25,2182.0
2014-06-26,2190.5
2014-06-27,2185.0
2014-06-30,2217.0
2014-07-01,2185.5
2014-07-02,2248.0
2014-07-03,2239.0
2014-07-04,2237.0
2014-07-07,2263.0
2014-07-08,2282.0
2014-07-09,2281.0
2014-07-10,2271.0
2014-07-11,2303.0
2014-07-14,2307.0
2014-07-15,2299.0
2014-07-16,2303.0
2014-07-17,2302.0
2014-07-18,2294.0
2014-07-21,2336.0
2014-07-22,2362.0
2014-07-23,2365.0
2014-07-24,2388.0
2014-07-25,2393.75
2014-07-28,2410.0
2014-07-29,2366.0
2014-07-30,2380.0
2014-07-31,2360.0
2014-08-01,2338.0
2014-08-04,2393.5
2014-08-05,2383.0
2014-08-06,2358.0
2014-08-07,2329.0
2014-08-08,2295.0
2014-08-11,2304.0
2014-08-12,2330.0
2014-08-13,2283.0
2014-08-14,2275.0
2014-08-15,2272.0
2014-08-18,2282.0
2014-08-19,2302.0
2014-08-20,2356.0
2014-08-21,2362.0
2014-08-22,2352.0
2014-08-26,2358.0
2014-08-27,2360.0
2014-08-28,2343.0
2014-08-29,2359.0
2014-09-01,2357.0
2014-09-02,2378.0
2014-09-03,2365.0
2014-09-04,2398.0
2014-09-05,2394.0
2014-09-08,2390.0
2014-09-09,2304.0
2014-09-10,2308.0
2014-09-11,2265.0
2014-09-12,2276.0
2014-09-15,2249.0
2014-09-16,2280.0
2014-09-17,2262.75
2014-09-18,2265.0
2014-09-19,2275.0
2014-09-22,2240.0
2014-09-23,2255.0
2014-09-24,2281.0
2014-09-25,2266.0
2014-09-26,2266.0
2014-09-29,2290.0
2014-09-30,2288.0
2014-10-01,2270.0
2014-10-02,2253.0
2014-10-03,2266.0
2014-10-06,2310.0
2014-10-07,2321.0
2014-10-08,2320.0
2014-10-09,2336.0
2014-10-10,2314.0
2014-10-13,2336.0
2014-10-14,2348.0
2014-10-15,2278.5
2014-10-16,2220.0
2014-10-17,2249.0
2014-10-20,2215.0
2014-10-21,2210.0
2014-10-22,2259.5
2014-10-23,2257.0
2014-10-24,2257.0
2014-10-27,2255.0
2014-10-28,2256.0
2014-10-29,2295.0
2014-10-30,2300.0
2014-10-31,2307.0
2014-11-03,2301.0
2014-11-04,2251.5
2014-11-05,2220.5
2014-11-06,2227.0
2014-11-07,2245.0
2014-11-10,2243.5
2014-11-11,2268.0
2014-11-12,2281.0
2014-11-13,2251.0
2014-11-14,2259.0
2014-11-17,2257.0
2014-11-18,2247.0
2014-11-19,2254.0
2014-11-20,2252.0
2014-11-21,2298.0
2014-11-24,2292.0
2014-11-25,2271.0
2014-11-26,2273.0
2014-11-27,2256.0
2014-11-28,2215.0
2014-12-01,2236.0
2014-12-02,2212.0
2014-12-03,2215.0
2014-12-04,2238.0
2014-12-05,2237.0
2014-12-08,2217.0
2014-12-09,2220.0
2014-12-10,2180.0
2014-12-11,2196.0
2014-12-12,2191.0
2014-12-15,2171.0
2014-12-16,2140.0
2014-12-17,2140.0
2014-12-18,2126.0
2014-12-19,2180.0
2014-12-22,2165.0
2014-12-23,2161.0
2014-12-24,2154.0
2014-12-29,2142.0
2014-12-30,2186.0
2014-12-31,2178.0
2015-01-02,2205.0
2015-01-05,2185.0
2015-01-06,2175.0
2015-01-07,2133.0
2015-01-08,2160.0
2015-01-09,2156.0
2015-01-12,2138.0
2015-01-13,2081.0
2015-01-14,2035.0
2015-01-15,2063.0
2015-01-16,2097.5
2015-01-19,2078.0
2015-01-20,2100.0
2015-01-21,2140.0
2015-01-22,2141.0
2015-01-23,2093.0
2015-01-26,2134.0
2015-01-27,2105.0
2015-01-28,2118.0
2015-01-29,2090.0
2015-01-30,2125.0
2015-02-02,2128.0
2015-02-03,2155.0
2015-02-04,2140.0
2015-02-05,2144.5
2015-02-06,2163.0
2015-02-09,2160.0
2015-02-10,2115.0
2015-02-11,2118.0
2015-02-12,2146.0
2015-02-13,2151.0
2015-02-16,2150.5
2015-02-17,2103.0
2015-02-18,2088.0
2015-02-19,2077.0
2015-02-20,2047.0
2015-02-23,2046.0
2015-02-24,2075.0
2015-02-25,2058.0
2015-02-26,2071.0
2015-02-27,2065.0
2015-03-02,2058.0
2015-03-03,2031.0
2015-03-04,2030.0
2015-03-05,2020.0
2015-03-06,2020.0
2015-03-09,2042.0
2015-03-10,2021.0
2015-03-11,1996.0
2015-03-12,2008.0
2015-03-13,2011.0
2015-03-16,2005.0
2015-03-17,2015.5
2015-03-18,1988.0
2015-03-19,2020.5
2015-03-20,2063.0
2015-03-23,2086.0
2015-03-24,2086.0
2015-03-25,2081.0
2015-03-26,2090.5
2015-03-27,2082.0
2015-03-30,2109.0
2015-03-31,2081.0
2015-04-01,2103.0
2015-04-02,2129.0
2015-04-07,2148.5
2015-04-08,2159.0
2015-04-09,2177.0
2015-04-10,2210.0
2015-04-13,2208.0
2015-04-14,2194.0
2015-04-15,2203.0
2015-04-16,2228.5
2015-04-17,2213.0
2015-04-20,2178.0
2015-04-21,2207.0
2015-04-22,2235.0
2015-04-23,2222.5
2015-04-24,2245.0
2015-04-27,2300.0
2015-04-28,2295.0
2015-04-29,2298.5
2015-04-30,2345.0
2015-05-01,2344.0
2015-05-05,2400.5
2015-05-06,2369.0
2015-05-07,2378.0
2015-05-08,2355.0
2015-05-11,2305.0
2015-05-12,2356.0
2015-05-13,2335.0
2015-05-14,2310.0
2015-05-15,2291.0
2015-05-18,2281.0
2015-05-19,2228.0
2015-05-20,2200.0
2015-05-21,2190.0
2015-05-22,2178.0
2015-05-26,2177.0
2015-05-27,2186.0
2015-05-28,2228.0
2015-05-29,2188.0
2015-06-01,2155.0
2015-06-02,2158.0
2015-06-03,2172.0
2015-06-04,2142.0
2015-06-05,2130.0
2015-06-08,2139.0
2015-06-09,2160.0
2015-06-10,2136.0
2015-06-11,2119.0
2015-06-12,2123.0
2015-06-15,2105.0
2015-06-16,2092.0
2015-06-17,2077.5
2015-06-18,2067.0
2015-06-19,2045.5
2015-06-22,2033.0
2015-06-23,2055.0
2015-06-24,2044.0
2015-06-25,2036.0
2015-06-26,2030.0
2015-06-29,2019.0
2015-06-30,2000.0
2015-07-01,2045.0
2015-07-02,2021.5
2015-07-03,2019.0
2015-07-06,2014.0
2015-07-07,1930.0
2015-07-08,1983.0
2015-07-09,2009.0
2015-07-10,2011.0
2015-07-13,2053.0
2015-07-14,2054.0
2015-07-15,2077.5
2015-07-16,2072.0
2015-07-17,2066.0
2015-07-20,2053.0
2015-07-21,2035.0
2015-07-22,2000.0
2015-07-23,1981.0
2015-07-24,1952.0
2015-07-27,1933.0
2015-07-28,1980.0
2015-07-29,1966.0
2015-07-30,1951.0
2015-07-31,1916.0
2015-08-03,1905.0
2015-08-04,1918.0
2015-08-05,1893.0
2015-08-06,1867.0
2015-08-07,1861.0
2015-08-10,1881.0
2015-08-11,1806.0
2015-08-12,1829.0
2015-08-13,1830.0
2015-08-14,1829.0
2015-08-17,1815.0
2015-08-18,1763.0
2015-08-19,1785.0
2015-08-20,1816.0
2015-08-21,1766.0
2015-08-24,1707.0
2015-08-25,1738.0
2015-08-26,1690.5
2015-08-27,1752.0
2015-08-28,1809.5
2015-09-01,1810.0
2015-09-02,1818.5
2015-09-03,1811.0
2015-09-04,1785.0
2015-09-07,1772.0
2015-09-08,1813.0
2015-09-09,1818.0
2015-09-10,1814.0
2015-09-11,1813.0
2015-09-14,1752.0
2015-09-15,1738.0
2015-09-16,1751.0
2015-09-17,1736.0
2015-09-18,1688.0
2015-09-21,1657.0
2015-09-22,1628.0
2015-09-23,1651.0
2015-09-24,1677.0
2015-09-25,1632.0
2015-09-28,1629.5
2015-09-29,1656.0
2015-09-30,1688.5
2015-10-01,1687.5
2015-10-02,1685.0
2015-10-05,1666.0
2015-10-06,1657.0
2015-10-07,1693.0
2015-10-08,1667.0
2015-10-09,1836.0
2015-10-12,1843.0
2015-10-13,1820.0
2015-10-14,1817.0
2015-10-15,1827.0
2015-10-16,1801.0
2015-10-19,1794.0
2015-10-20,1768.0
2015-10-21,1730.0
2015-10-22,1750.0
2015-10-23,1755.0
2015-10-26,1740.0
2015-10-27,1740.0
2015-10-28,1737.0
2015-10-29,1703.0
2015-10-30,1710.0
2015-11-02,1684.0
2015-11-03,1694.0
2015-11-04,1682.0
2015-11-05,1664.0
2015-11-06,1660.5
2015-11-09,1644.0
2015-11-10,1607.0
2015-11-11,1623.0
2015-11-12,1615.0
2015-11-13,1622.0
2015-11-16,1587.0
2015-11-17,1548.0
2015-11-18,1517.0
2015-11-19,1531.0
2015-11-20,1566.0
2015-11-23,1546.0
2015-11-24,1580.5
2015-11-25,1578.0
2015-11-26,1604.0
2015-11-27,1549.0
2015-11-30,1563.0
2015-12-01,1575.0
2015-12-02,1549.0
2015-12-03,1521.5
2015-12-04,1552.0
2015-12-07,1531.0
2015-12-08,1531.0
2015-12-09,1533.0
2015-12-10,1532.0
2015-12-11,1552.0
2015-12-14,1552.0
2015-12-15,1504.0
2015-12-16,1520.0
2015-12-17,1495.0
2015-12-18,1516.0
2015-12-21,1533.0
2015-12-22,1517.0
2015-12-23,1555.0
2015-12-24,1549.0
2015-12-29,1602.0
2015-12-30,1632.0
2015-12-31,1609.0
2016-01-04,1568.0
2016-01-05,1573.0
2016-01-06,1546.0
2016-01-07,1506.0
2016-01-08,1509.0
2016-01-11,1482.0
2016-01-12,1468.0
2016-01-13,1495.0
2016-01-14,1511.0
2016-01-15,1476.0
2016-01-18,1496.0
2016-01-19,1506.5
2016-01-20,1483.0
2016-01-21,1507.0
2016-01-22,1510.0
2016-01-25,1515.0
2016-01-26,1590.0
2016-01-27,1615.0
2016-01-28,1577.5
2016-01-29,1623.0
2016-02-01,1648.0
2016-02-02,1674.0
2016-02-03,1696.0
2016-02-04,1715.0
2016-02-05,1677.0
2016-02-08,1723.0
2016-02-09,1684.0
2016-02-10,1708.0
2016-02-11,1706.0
2016-02-12,1705.0
2016-02-15,1685.0
2016-02-16,1660.0
2016-02-17,1645.0
2016-02-18,1697.0
2016-02-19,1744.5
2016-02-22,1781.0
2016-02-23,1737.0
2016-02-24,1755.0
2016-02-25,1730.0
2016-02-26,1758.0
2016-02-29,1764.0
2016-03-01,1785.0
2016-03-02,1815.0
2016-03-03,1843.0
2016-03-04,1857.0
2016-03-07,1810.5
2016-03-08,1760.0
2016-03-09,1797.0
2016-03-10,1766.0
2016-03-11,1802.5
2016-03-14,1784.0
2016-03-15,1742.0
2016-03-16,1749.0
2016-03-17,1836.0
2016-03-18,1843.0
2016-03-21,1875.0
2016-03-22,1872.0
2016-03-23,1836.0
2016-03-24,1794.0
2016-03-29,1781.0
2016-03-30,1797.0
2016-03-31,1817.0
2016-04-01,1872.0
2016-04-04,1854.0
2016-04-05,1812.0
2016-04-06,1808.0
2016-04-07,1754.0
2016-04-08,1757.5
2016-04-11,1760.0
2016-04-12,1833.0
2016-04-13,1887.0
2016-04-14,1866.0
2016-04-15,1872.0
2016-04-18,1894.0
2016-04-19,1937.0
2016-04-20,1940.0
2016-04-21,1916.0
2016-04-22,1909.0
2016-04-25,1880.0
2016-04-26,1896.0
2016-04-27,1886.0
2016-04-28,1912.0
2016-04-29,1938.5
2016-05-03,1898.0
2016-05-04,1888.0
2016-05-05,1861.0
2016-05-06,1888.0
2016-05-09,1835.0
2016-05-10,1848.0
2016-05-11,1903.0
2016-05-12,1870.0
2016-05-13,1889.0
2016-05-16,1900.0
2016-05-17,1903.5
2016-05-18,1888.0
2016-05-19,1860.0
2016-05-20,1866.0
2016-05-23,1841.0
2016-05-24,1829.0
2016-05-25,1833.5
2016-05-26,1876.0
2016-05-27,1899.0
2016-05-31,1923.0
2016-06-01,1971.0
2016-06-02,1982.0
2016-06-03,1992.0
2016-06-06,2027.0
2016-06-07,2002.0
2016-06-08,2063.0
2016-06-09,2069.5
2016-06-10,2086.0
2016-06-13,2077.0
2016-06-14,2019.0
2016-06-15,2037.0
2016-06-16,1989.0
2016-06-17,1979.5
2016-06-20,2010.0
2016-06-21,2026.0
2016-06-22,2046.0
2016-06-23,2039.0
2016-06-24,2018.0
2016-06-27,1995.0
2016-06-28,2075.0
2016-06-29,2088.0
2016-06-30,2104.5
2016-07-01,2155.0
2016-07-04,2118.0
2016-07-05,2111.0
2016-07-06,2106.0
2016-07-07,2098.0
2016-07-08,2142.0
2016-07-11,2140.0
2016-07-12,2193.5
2016-07-13,2179.0
2016-07-14,2189.0
2016-07-15,2204.0
2016-07-18,2218.0
2016-07-19,2243.0
2016-07-20,2246.0
2016-07-21,2254.0
2016-07-22,2245.0
2016-07-25,2249.0
2016-07-26,2229.5
2016-07-27,2175.0
2016-07-28,2205.0
2016-07-29,2243.0
2016-08-01,2267.0
2016-08-02,2275.0
2016-08-03,2273.0
2016-08-04,2255.0
2016-08-05,2266.0
2016-08-08,2278.0
2016-08-09,2274.0
2016-08-10,2286.0
2016-08-11,2276.0
2016-08-12,2238.5
2016-08-15,2266.0
2016-08-16,2257.0
2016-08-17,2273.0
2016-08-18,2295.5
2016-08-19,2286.0
2016-08-22,2280.0
2016-08-23,2302.0
2016-08-24,2276.0
2016-08-25,2298.0
2016-08-26,2314.5
2016-08-30,2311.0
2016-08-31,2310.0
2016-09-01,2338.0
2016-09-02,2364.0
2016-09-05,2361.0
2016-09-06,2321.0
2016-09-07,2323.0
2016-09-08,2314.0
2016-09-09,2291.5
2016-09-12,2262.0
2016-09-13,2234.0
2016-09-14,2274.0
2016-09-15,2231.0
2016-09-16,2215.0
2016-09-19,2251.0
2016-09-20,2300.0
2016-09-21,2273.0
2016-09-22,2294.0
2016-09-23,2276.0
2016-09-26,2289.0
2016-09-27,2320.0
2016-09-28,2332.0
2016-09-29,2356.0
2016-09-30,2377.0
2016-10-03,2406.0
2016-10-04,2380.0
2016-10-05,2343.0
2016-10-06,2323.0
2016-10-07,2324.0
2016-10-10,2328.0
2016-10-11,2250.0
2016-10-12,2264.0
2016-10-13,2240.0
2016-10-14,2258.0
2016-10-17,2274.0
2016-10-18,2285.0
2016-10-19,2308.0
2016-10-20,2287.0
2016-10-21,2261.5
2016-10-24,2312.0
2016-10-25,2367.0
2016-10-26,2339.0
2016-10-27,2364.0
2016-10-28,2396.5
2016-10-31,2462.0
2016-11-01,2465.0
2016-11-02,2426.0
2016-11-03,2487.0
2016-11-04,2447.0
2016-11-07,2468.0
2016-11-08,2478.0
2016-11-09,2490.0
2016-11-10,2525.0
2016-11-11,2472.0
2016-11-14,2607.0
2016-11-15,2613.0
2016-11-16,2524.0
2016-11-17,2533.0
2016-11-18,2540.0
2016-11-21,2581.0
2016-11-22,2602.0
2016-11-23,2670.0
2016-11-24,2723.0
2016-11-25,2819.0
2016-11-28,2900.0
2016-11-29,2700.0
2016-11-30,2702.0
2016-12-01,2728.0
2016-12-02,2668.0
2016-12-05,2766.0
2016-12-06,2800.0
2016-12-07,2740.0
2016-12-08,2689.0
2016-12-09,2711.0
2016-12-12,2732.0
2016-12-13,2705.0
2016-12-14,2810.0
2016-12-15,2818.0
2016-12-16,2730.0
2016-12-19,2607.0
2016-12-20,2637.0
2016-12-21,2620.0
2016-12-22,2630.0
2016-12-23,2577.0
2016-12-28,2581.0
2016-12-29,2522.0
2016-12-30,2576.0
2017-01-03,2521.0
2017-01-04,2621.0
2017-01-05,2618.0
2017-01-06,2619.0
2017-01-09,2667.0
2017-01-10,2720.0
2017-01-11,2700.0
2017-01-12,2727.0
2017-01-13,2790.5
2017-01-16,2750.0
2017-01-17,2716.5
2017-01-18,2776.0
2017-01-19,2769.0
2017-01-20,2767.0
2017-01-23,2790.0
2017-01-24,2827.0
2017-01-25,2801.0
2017-01-26,2763.0
2017-01-27,2748.5
2017-01-30,2777.0
2017-01-31,2860.0
2017-02-01,2880.0
2017-02-02,2851.0
2017-02-03,2796.0
2017-02-06,2793.0
2017-02-07,2795.0
2017-02-08,2848.0
2017-02-09,2830.0
2017-02-10,2924.0
2017-02-13,2916.0
2017-02-14,2903.0
2017-02-15,2870.0
2017-02-16,2858.0
2017-02-17,2809.5
2017-02-20,2884.0
2017-02-21,2875.0
2017-02-22,2865.0
2017-02-23,2790.0
2017-02-24,2829.0
2017-02-27,2806.0
2017-02-28,2825.0
2017-03-01,2862.0
2017-03-02,2782.0
2017-03-03,2775.0
2017-03-06,2740.0
2017-03-07,2695.0
2017-03-08,2710.0
2017-03-09,2681.5
2017-03-10,2705.0
2017-03-13,2744.0
2017-03-14,2749.5
2017-03-15,2808.0
2017-03-16,2829.0
2017-03-17,2882.0
2017-03-20,2864.0
2017-03-21,2829.0
2017-03-22,2856.5
2017-03-23,2814.0
2017-03-24,2831.0
2017-03-27,2760.0
2017-03-28,2823.0
2017-03-29,2858.0
2017-03-30,2870.0
2017-03-31,2771.0
2017-04-03,2708.0
2017-04-04,2736.0
2017-04-05,2778.0
2017-04-06,2726.0
2017-04-07,2690.0
2017-04-10,2618.0
2017-04-11,2570.0
2017-04-12,2602.0
2017-04-13,2625.0
2017-04-18,2525.0
2017-04-19,2548.0
2017-04-20,2632.0
2017-04-21,2584.0
2017-04-24,2604.0
2017-04-25,2605.5
2017-04-26,2626.0
2017-04-27,2597.0
2017-04-28,2623.0
2017-05-02,2655.0
2017-05-03,2575.0
2017-05-04,2569.0
2017-05-05,2582.0
2017-05-08,2589.0
2017-05-09,2612.0
2017-05-10,2600.0
2017-05-11,2591.0
2017-05-12,2554.0
2017-05-15,2571.0
2017-05-16,2546.0
2017-05-17,2561.0
2017-05-18,2533.0
2017-05-19,2616.0
2017-05-22,2633.5
2017-05-23,2658.0
2017-05-24,2635.0
2017-05-25,2633.0
2017-05-26,2640.0
2017-05-30,2625.0
2017-05-31,2600.0
2017-06-01,2570.0
2017-06-02,2529.0
2017-06-05,2485.0
2017-06-06,2459.0
2017-06-07,2447.0
2017-06-08,2467.0
2017-06-09,2533.0
2017-06-12,2495.0
2017-06-13,2473.0
2017-06-14,2494.0
2017-06-15,2505.0
2017-06-16,2527.0
2017-06-19,2556.0
2017-06-20,2555.0
2017-06-21,2640.0
2017-06-22,2700.0
2017-06-23,2704.0
2017-06-26,2719.0
2017-06-27,2747.0
2017-06-28,2734.0
2017-06-29,2755.5
2017-06-30,2758.0
2017-07-03,2805.0
2017-07-04,2793.0
2017-07-05,2781.5
2017-07-06,2785.0
2017-07-07,2793.0
2017-07-10,2780.5
2017-07-11,2820.5
2017-07-12,2833.0
2017-07-13,2803.5
2017-07-14,2786.0
2017-07-17,2815.0
2017-07-18,2794.0
2017-07-19,2747.0
2017-07-20,2727.0
2017-07-21,2753.5
2017-07-24,2788.0
2017-07-25,2836.0
2017-07-26,2808.0
2017-07-27,2801.0
2017-07-28,2776.0
2017-07-31,2795.0
2017-08-01,2780.0
2017-08-02,2801.5
2017-08-03,2792.0
2017-08-04,2812.0
2017-08-07,2858.0
2017-08-08,2925.0
2017-08-09,2931.5
2017-08-10,2938.0
2017-08-11,2896.5
2017-08-14,2917.0
2017-08-15,2959.5
2017-08-16,3119.0
2017-08-17,3062.0
2017-08-18,3124.0
2017-08-21,3125.5
2017-08-22,3119.0
2017-08-23,3107.0
2017-08-24,3118.0
2017-08-25,3063.5
2017-08-29,3110.0
2017-08-30,3095.0
2017-08-31,3146.0
2017-09-01,3185.0
2017-09-04,3205.0
2017-09-05,3140.0
2017-09-06,3095.0
2017-09-07,3129.0
2017-09-08,3031.0
2017-09-11,3083.0
2017-09-12,3061.0
2017-09-13,3023.5
2017-09-14,3006.0
2017-09-15,3031.0
2017-09-18,3098.0
2017-09-19,3106.5
2017-09-20,3132.0
2017-09-21,3100.5
2017-09-22,3031.0
2017-09-25,3096.5
2017-09-26,3116.0
2017-09-27,3105.0
2017-09-28,3147.0
2017-09-29,3162.0
2017-10-02,3236.0
2017-10-03,3264.0
2017-10-04,3302.0
2017-10-05,3288.0
2017-10-06,3235.0
2017-10-09,3233.0
2017-10-10,3279.0
2017-10-11,3219.0
2017-10-12,3250.0
2017-10-13,3235.0
2017-10-16,3194.0
2017-10-17,3085.0
2017-10-18,3121.0
2017-10-19,3114.0
2017-10-20,3099.0
2017-10-23,3129.0
2017-10-24,3177.0
2017-10-25,3191.0
2017-10-26,3225.0
2017-10-27,3172.5
2017-10-30,3209.0
2017-10-31,3265.0
2017-11-01,3277.0
2017-11-02,3258.0
2017-11-03,3219.0
2017-11-06,3232.0
2017-11-07,3166.0
2017-11-08,3192.0
2017-11-09,3176.0
2017-11-10,3219.0
2017-11-13,3213.0
2017-11-14,3151.0
2017-11-15,3151.5
2017-11-16,3144.0
2017-11-17,3180.0
2017-11-20,3163.0
2017-11-21,3190.0
2017-11-22,3227.5
2017-11-23,3238.5
2017-11-24,3235.5
2017-11-27,3187.0
2017-11-28,3158.0
2017-11-29,3157.0
2017-11-30,3156.0
2017-12-01,3249.0
2017-12-04,3178.0
2017-12-05,3112.0
2017-12-06,3085.0
2017-12-07,3090.0
2017-12-08,3082.5
2017-12-11,3125.0
2017-12-12,3157.0
2017-12-13,3153.0
2017-12-14,3187.0
2017-12-15,3205.0
2017-12-18,3196.0
2017-12-19,3201.0
2017-12-20,3218.0
2017-12-21,3242.0
2017-12-22,3265.5
2017-12-27,3272.0
2017-12-28,3305.0
2017-12-29,3319.0
2018-01-02,3349.0
2018-01-03,3327.0
2018-01-04,3362.0
2018-01-05,3354.0
2018-01-08,3386.0
2018-01-09,3335.0
2018-01-10,3336.0
2018-01-11,3386.0
2018-01-12,3383.5
2018-01-15,3423.0
2018-01-16,3404.5
2018-01-17,3367.5
2018-01-18,3376.0
2018-01-19,3416.5
2018-01-22,3414.0
2018-01-23,3412.0
2018-01-24,3440.0
2018-01-25,3465.0
2018-01-26,3478.0
2018-01-29,3550.0
2018-01-30,3496.0
2018-01-31,3540.0
2018-02-01,3557.0
2018-02-02,3502.0
2018-02-05,3548.0
2018-02-06,3457.0
2018-02-07,3380.0
2018-02-08,3421.5
2018-02-09,3385.0
2018-02-12,3382.5
2018-02-13,3470.0
2018-02-14,3567.5
2018-02-15,3570.0
2018-02-16,3575.0
2018-02-19,3555.0
2018-02-20,3550.0
2018-02-21,3541.0
2018-02-22,3531.0
2018-02-23,3503.0
2018-02-26,3531.0
2018-02-27,3487.0
2018-02-28,3454.0
2018-03-01,3407.0
2018-03-02,3355.0
2018-03-05,3296.0
2018-03-06,3302.0
2018-03-07,3260.0
2018-03-08,3230.0
2018-03-09,3277.0
2018-03-12,3239.5
2018-03-13,3295.0
2018-03-14,3226.5
2018-03-15,3235.0
2018-03-16,3260.0
2018-03-19,3261.0
2018-03-20,3203.0
2018-03-21,3249.0
2018-03-22,3203.0
2018-03-23,3217.0
2018-03-26,3260.5
2018-03-27,3275.0
2018-03-28,3284.0
2018-03-29,3274.0
2018-04-03,3280.0
2018-04-04,3258.0
2018-04-05,3237.0
2018-04-06,3232.0
2018-04-09,3211.0
2018-04-10,3243.0
2018-04-11,3238.0
2018-04-12,3094.0
2018-04-13,3117.0
2018-04-16,3136.5
2018-04-17,3154.0
2018-04-18,3265.0
2018-04-19,3223.0
2018-04-20,3232.5
2018-04-23,3229.0
2018-04-24,3212.0
2018-04-25,3135.0
2018-04-26,3135.0
2018-04-27,3121.0
2018-04-30,3127.0
2018-05-01,3052.0
2018-05-02,3047.0
2018-05-03,3007.0
2018-05-04,3055.0
2018-05-08,3060.0
2018-05-09,3076.0
2018-05-10,3087.0
2018-05-11,3084.0
2018-05-14,3055.0
2018-05-15,3062.0
2018-05-16,3074.5
2018-05-17,3096.0
2018-05-18,3099.5
2018-05-21,3104.0
2018-05-22,3056.0
2018-05-23,3029.0
2018-05-24,3034.0
2018-05-25,3051.0
2018-05-29,3089.0
2018-05-30,3130.0
2018-05-31,3100.0
2018-06-01,3101.0
2018-06-04,3122.0
2018-06-05,3199.5
2018-06-06,3192.5
2018-06-07,3183.0
2018-06-08,3202.0
2018-06-11,3201.0
2018-06-12,3199.0
2018-06-13,3216.0
2018-06-14,3187.0
2018-06-15,3080.0
2018-06-18,3067.0
2018-06-19,3002.0
2018-06-20,2995.0
2018-06-21,2918.0
2018-06-22,2917.0
2018-06-25,2858.0
2018-06-26,2840.0
2018-06-27,2876.0
2018-06-28,2897.0
2018-06-29,2854.0
2018-07-02,2822.0
2018-07-03,2789.0
2018-07-04,2700.0
2018-07-05,2700.0
2018-07-06,2735.0
2018-07-09,2705.0
2018-07-10,2630.0
2018-07-11,2563.0
2018-07-12,2581.0
2018-07-13,2578.0
2018-07-16,2474.0
2018-07-17,2512.0
2018-07-18,2600.0
2018-07-19,2545.5
2018-07-20,2575.0
2018-07-23,2555.0
2018-07-24,2616.0
2018-07-25,2585.0
2018-07-26,2584.0
2018-07-27,2596.0
2018-07-30,2557.0
2018-07-31,2625.0
2018-08-01,2555.0
2018-08-02,2563.0
2018-08-03,2631.0
2018-08-06,2569.0
2018-08-07,2600.0
2018-08-08,2612.0
2018-08-09,2614.5
2018-08-10,2547.0
2018-08-13,2483.0
2018-08-14,2454.0
2018-08-15,2300.0
2018-08-16,2392.0
2018-08-17,2389.5
2018-08-20,2377.5
2018-08-21,2426.0
2018-08-22,2467.0
2018-08-23,2468.5
2018-08-24,2534.0
2018-08-28,2540.0
2018-08-29,2512.0
2018-08-30,2467.5
2018-08-31,2457.0
2018-09-03,2463.0
2018-09-04,2415.5
2018-09-05,2419.5
2018-09-06,2441.0
2018-09-07,2420.0
2018-09-10,2381.0
2018-09-11,2311.0
2018-09-12,2390.0
2018-09-13,2360.0
2018-09-14,2334.0
2018-09-17,2320.0
2018-09-18,2349.0
2018-09-19,2434.0
2018-09-20,2455.0
2018-09-21,2496.0
2018-09-24,2564.0
2018-09-25,2507.0
2018-09-26,2540.0
2018-09-27,2506.0
2018-09-28,2612.0
2018-10-01,2656.0
2018-10-02,2665.0
2018-10-03,2650.0
2018-10-04,2654.0
2018-10-05,2635.0
2018-10-08,2615.0
2018-10-09,2678.0
2018-10-10,2629.0
2018-10-11,2606.0
2018-10-12,2646.0
2018-10-15,2599.0
2018-10-16,2606.0
2018-10-17,2665.0
2018-10-18,2683.5
2018-10-19,2626.0
2018-10-22,2656.0
2018-10-23,2669.0
2018-10-24,2663.0
2018-10-25,2637.0
2018-10-26,2651.0
2018-10-29,2622.0
2018-10-30,2550.0
2018-10-31,2493.0
2018-11-01,2540.0
2018-11-02,2552.5
2018-11-05,2520.0
2018-11-06,2501.0
2018-11-07,2455.0
2018-11-08,2522.5
2018-11-09,2523.0
2018-11-12,2496.5
2018-11-13,2489.0
2018-11-14,2502.0
2018-11-15,2576.0
2018-11-16,2606.0
2018-11-19,2600.0
2018-11-20,2551.0
2018-11-21,2568.0
2018-11-22,2582.0
2018-11-23,2519.0
2018-11-26,2487.0
2018-11-27,2435.0
2018-11-28,2452.0
2018-11-29,2470.0
2018-11-30,2542.0
2018-12-03,2583.0
2018-12-04,2589.0
2018-12-05,2618.0
2018-12-06,2593.0
2018-12-07,2587.0
2018-12-10,2575.0
2018-12-11,2590.0
2018-12-12,2570.0
2018-12-13,2566.0
2018-12-14,2543.0
2018-12-17,2539.0
2018-12-18,2520.0
2018-12-19,2541.0
2018-12-20,2540.0
2018-12-21,2502.0
2018-12-24,2474.0
2018-12-27,2495.0
2018-12-28,2440.0
2018-12-31,2467.0
2019-01-02,2410.0
2019-01-03,2379.0
2019-01-04,2438.0
2019-01-07,2498.0
2019-01-08,2485.0
2019-01-09,2492.0
2019-01-10,2461.0
2019-01-11,2492.0
2019-01-14,2484.0
2019-01-15,2456.0
2019-01-16,2496.5
2019-01-17,2547.0
2019-01-18,2580.0
2019-01-21,2588.0
2019-01-22,2576.0
2019-01-23,2620.0
2019-01-24,2640.0
2019-01-25,2673.0
2019-01-28,2680.0
2019-01-29,2656.0
2019-01-30,2686.0
2019-01-31,2719.0
2019-02-01,2777.0
2019-02-04,2801.0
2019-02-05,2741.0
2019-02-06,2704.0
2019-02-07,2731.0
2019-02-08,2704.0
2019-02-11,2644.0
2019-02-12,2608.0
2019-02-13,2597.0
2019-02-14,2591.0
2019-02-15,2653.0
2019-02-18,2638.0
2019-02-19,2657.0
2019-02-20,2698.0
2019-02-21,2683.0
2019-02-22,2724.0
2019-02-25,2719.0
2019-02-26,2740.0
2019-02-27,2745.0
2019-02-28,2778.0
2019-03-01,2785.0
2019-03-04,2751.0
2019-03-05,2780.0
2019-03-06,2788.0
2019-03-07,2735.0
2019-03-08,2711.0
2019-03-11,2738.0
2019-03-12,2838.0
2019-03-13,2847.0
2019-03-14,2825.0
2019-03-15,2790.0
2019-03-18,2781.0
2019-03-19,2818.0
2019-03-20,2863.0
2019-03-21,2835.0
2019-03-22,2815.0
2019-03-25,2832.0
2019-03-26,2873.0
2019-03-27,2887.0
2019-03-28,2867.0
2019-03-29,2923.0
2019-04-01,2933.0
2019-04-02,2856.0
2019-04-03,2930.0
2019-04-04,2897.0
2019-04-05,2922.0
2019-04-08,2906.0
2019-04-09,2861.0
2019-04-10,2873.0
2019-04-11,2865.0
2019-04-12,2928.0
2019-04-15,2900.0
2019-04-16,2810.0
2019-04-17,2819.5
2019-04-18,2767.0
2019-04-23,2748.0
2019-04-24,2742.0
2019-04-25,2741.0
2019-04-26,2768.0
2019-04-29,2792.0
2019-04-30,2825.5
2019-05-01,2771.0
2019-05-02,2731.0
2019-05-03,2771.0
2019-05-07,2692.0
2019-05-08,2648.5
2019-05-09,2610.0
2019-05-10,2630.0
2019-05-13,2567.0
2019-05-14,2594.0
2019-05-15,2626.0
2019-05-16,2637.0
2019-05-17,2600.0
2019-05-20,2575.0
2019-05-21,2577.0
2019-05-22,2542.0
2019-05-23,2520.0
2019-05-24,2560.0
2019-05-28,2562.0
2019-05-29,2541.0
2019-05-30,2561.0
2019-05-31,2524.0
2019-06-03,2468.0
2019-06-04,2475.5
2019-06-05,2462.0
2019-06-06,2503.0
2019-06-07,2484.0
2019-06-10,2476.0
2019-06-11,2506.5
2019-06-12,2509.0
2019-06-13,2477.0
2019-06-14,2453.0
2019-06-17,2470.0
2019-06-18,2512.0
2019-06-19,2478.0
2019-06-20,2468.0
2019-06-21,2433.0
2019-06-24,2491.0
2019-06-25,2543.0
2019-06-26,2506.0
2019-06-27,2475.0
2019-06-28,2495.0
2019-07-01,2462.0
2019-07-02,2479.0
2019-07-03,2449.0
2019-07-04,2425.0
2019-07-05,2407.0
2019-07-08,2378.0
2019-07-09,2363.0
2019-07-10,2401.0
2019-07-11,2428.0
2019-07-12,2438.0
2019-07-15,2444.0
2019-07-16,2482.0
2019-07-17,2474.5
2019-07-18,2465.0
2019-07-19,2425.0
2019-07-22,2417.0
2019-07-23,2436.0
2019-07-24,2459.0
2019-07-25,2440.0
2019-07-26,2438.0
2019-07-29,2469.0
2019-07-30,2460.0
2019-07-31,2444.0
2019-08-01,2404.0
2019-08-02,2350.0
2019-08-05,2311.0
2019-08-06,2310.0
2019-08-07,2261.0
2019-08-08,2304.0
2019-08-09,2234.0
2019-08-12,2278.0
2019-08-13,2319.0
2019-08-14,2256.0
2019-08-15,2264.0
2019-08-16,2261.0
2019-08-19,2262.0
2019-08-20,2226.0
2019-08-21,2289.0
2019-08-22,2245.0
2019-08-23,2254.0
2019-08-27,2275.0
2019-08-28,2257.0
2019-08-29,2269.0
2019-08-30,2205.0
2019-09-02,2244.0
2019-09-03,2205.0
2019-09-04,2310.0
2019-09-05,2342.0
2019-09-06,2328.0
2019-09-09,2310.0
2019-09-10,2338.0
2019-09-11,2363.0
2019-09-12,2347.0
2019-09-13,2385.0
2019-09-16,2365.0
2019-09-17,2349.0
2019-09-18,2320.0
2019-09-19,2312.0
2019-09-20,2305.0
2019-09-23,2331.5
2019-09-24,2282.0
2019-09-25,2290.0
2019-09-26,2302.0
2019-09-27,2303.5
2019-09-30,2378.0
2019-10-01,2305.0
2019-10-02,2318.0
2019-10-03,2295.0
2019-10-04,2300.0
2019-10-07,2289.0
2019-10-08,2298.0
2019-10-09,2291.0
2019-10-10,2388.0
2019-10-11,2419.0
2019-10-14,2420.0
2019-10-15,2438.0
2019-10-16,2434.0
2019-10-17,2439.0
2019-10-18,2457.0
2019-10-21,2473.0
2019-10-22,2460.5
2019-10-23,2468.0
2019-10-24,2491.0
2019-10-25,2510.0
2019-10-28,2543.5
2019-10-29,2544.0
2019-10-30,2529.0
2019-10-31,2482.5
2019-11-01,2520.0
2019-11-04,2539.0
2019-11-05,2498.0
2019-11-06,2475.0
2019-11-07,2485.0
2019-11-08,2482.0
2019-11-11,2496.5
2019-11-12,2472.0
2019-11-13,2422.0
2019-11-14,2396.0
2019-11-15,2380.0
2019-11-18,2344.0
2019-11-19,2344.0
2019-11-20,2313.0
2019-11-21,2293.0
2019-11-22,2305.0
2019-11-25,2281.0
2019-11-26,2299.0
2019-11-27,2297.0
2019-11-28,2278.0
2019-11-29,2273.5
2019-12-02,2243.0
2019-12-03,2202.0
2019-12-04,2246.0
2019-12-05,2234.0
2019-12-06,2238.0
2019-12-09,2239.0
2019-12-10,2227.5
2019-12-11,2222.0
2019-12-12,2263.0
2019-12-13,2253.0
2019-12-16,2291.0
2019-12-17,2281.5
2019-12-18,2301.0
2019-12-19,2325.0
2019-12-20,2341.0
2019-12-23,2291.0
2019-12-24,2274.0
2019-12-27,2305.0
2019-12-30,2306.0
2019-12-31,2272.0
2020-01-02,2310.0
2020-01-03,2306.0
2020-01-06,2324.5
2020-01-07,2346.0
2020-01-08,2403.0
2020-01-09,2377.0
2020-01-10,2378.0
2020-01-13,2378.0
2020-01-14,2373.5
2020-01-15,2385.0
2020-01-16,2422.0
2020-01-17,2429.5
2020-01-20,2444.0
2020-01-21,2454.5
2020-01-22,2396.0
2020-01-23,2355.0
2020-01-24,2341.0
2020-01-27,2240.0
2020-01-28,2230.0
2020-01-29,2211.0
2020-01-30,2188.0
2020-01-31,2200.0
2020-02-03,2146.0
2020-02-04,2166.5
2020-02-05,2213.0
2020-02-06,2207.0
2020-02-07,2145.0
2020-02-10,2134.0
2020-02-11,2148.0
2020-02-12,2148.0
2020-02-13,2175.0
2020-02-14,2149.0
2020-02-17,2172.0
2020-02-18,2145.0
2020-02-19,2128.0
2020-02-20,2112.0
2020-02-21,2115.0
2020-02-24,2046.0
2020-02-25,2029.0
2020-02-26,2046.0
2020-02-27,2012.0
2020-02-28,2021.5
2020-03-02,2023.0
2020-03-03,1975.5
2020-03-04,1982.0
2020-03-05,2011.0
2020-03-06,1984.0
2020-03-09,1979.0
2020-03-10,1976.0
2020-03-11,1987.0
2020-03-12,1938.0
2020-03-13,1985.0
2020-03-16,1942.0
2020-03-17,1871.0
2020-03-18,1846.0
2020-03-19,1847.0
2020-03-20,1848.0
2020-03-23,1818.5
2020-03-24,1815.5
2020-03-25,1836.0
2020-03-26,1860.0
2020-03-27,1878.0
2020-03-30,1872.0
2020-03-31,1905.5
2020-04-01,1870.5
2020-04-02,1887.5
2020-04-03,1882.0
2020-04-06,1904.5
2020-04-07,1924.0
2020-04-08,1923.0
2020-04-09,1901.0
2020-04-14,1922.5
2020-04-15,1931.0
2020-04-16,1938.0
2020-04-17,1958.0
2020-04-20,1947.0
2020-04-21,1911.0
2020-04-22,1895.5
2020-04-23,1872.5
2020-04-24,1883.0
2020-04-27,1905.0
2020-04-28,1930.5
2020-04-29,1946.5
2020-04-30,1939.5
2020-05-01,1913.5
2020-05-04,1899.5
2020-05-05,1918.0
2020-05-06,1975.0
2020-05-07,2003.5
2020-05-11,2028.5
2020-05-12,2005.0
2020-05-13,1975.0
2020-05-14,1957.0
2020-05-15,1961.5
2020-05-18,2024.0
2020-05-19,2033.5
2020-05-20,2036.5
2020-05-21,1983.5
2020-05-22,1985.5
2020-05-26,1982.0
2020-05-27,1920.5
2020-05-28,1934.5
2020-05-29,1988.0
2020-06-01,2022.0
2020-06-02,2019.5
2020-06-03,2021.5
2020-06-04,2033.0
2020-06-05,2052.5
2020-06-08,2042.0
2020-06-09,2017.5
2020-06-10,2020.5
2020-06-11,2007.0
2020-06-12,1977.0
2020-06-15,1982.5
2020-06-16,1995.5
2020-06-17,2019.5
2020-06-18,2052.0
2020-06-19,2082.0
2020-06-22,2087.5
2020-06-23,2040.0
2020-06-24,2036.5
2020-06-25,2050.0
2020-06-26,2038.5
2020-06-29,2061.5
2020-06-30,2047.5
2020-07-01,2041.5
2020-07-02,2044.5
2020-07-03,2026.0
2020-07-06,2063.0
2020-07-07,2070.0
2020-07-08,2131.0
2020-07-09,2156.0
2020-07-10,2193.5
2020-07-13,2261.5
2020-07-14,2194.5
2020-07-15,2200.5
2020-07-16,2225.5
2020-07-17,2182.5
2020-07-20,2200.5
2020-07-21,2245.0
2020-07-22,2213.0
2020-07-23,2239.5
2020-07-24,2218.0
2020-07-27,2237.0
2020-07-28,2246.5
2020-07-29,2297.0
2020-07-30,2286.5
2020-07-31,2318.5
2020-08-03,2324.0
2020-08-04,2339.5
2020-08-05,2409.0
2020-08-06,2412.0
2020-08-07,2404.0
2020-08-10,2397.0
2020-08-11,2410.0
2020-08-12,2401.0
2020-08-13,2375.0
2020-08-14,2367.5
2020-08-17,2442.0
2020-08-18,2458.5
2020-08-19,2505.0
2020-08-20,2489.0
2020-08-21,2456.0
2020-08-24,2445.5
2020-08-25,2482.0
2020-08-26,2467.0
2020-08-27,2485.5
2020-08-28,2515.0
2020-09-01,2553.0
2020-09-02,2533.5
2020-09-03,2514.0
2020-09-04,2483.0
2020-09-07,2509.5
2020-09-08,2417.0
2020-09-09,2423.0
2020-09-10,2416.5
2020-09-11,2471.0
2020-09-14,2480.5
2020-09-15,2496.5
2020-09-16,2528.0
2020-09-17,2514.0
2020-09-18,2538.0
2020-09-21,2458.5
2020-09-22,2464.5
2020-09-23,2404.0
2020-09-24,2370.0
2020-09-25,2369.0
2020-09-28,2432.0
2020-09-29,2424.5
2020-09-30,2403.0
2020-10-01,2326.5
2020-10-02,2327.0
2020-10-05,2326.5
2020-10-06,2363.0
2020-10-07,2357.0
2020-10-08,2365.0
2020-10-09,2434.0
2020-10-12,2440.0
2020-10-13,2417.0
2020-10-14,2417.0
2020-10-15,2425.5
2020-10-16,2436.0
2020-10-19,2491.0
2020-10-20,2529.5
2020-10-21,2568.5
2020-10-22,2578.5
2020-10-23,2558.5
2020-10-26,2539.5
2020-10-27,2545.0
2020-10-28,2529.0
2020-10-29,2531.5
2020-10-30,2523.0
2020-11-02,2540.5
2020-11-03,2566.5
2020-11-04,2593.5
2020-11-05,2615.5
2020-11-06,2634.5
2020-11-09,2641.5
2020-11-10,2645.0
2020-11-11,2624.0
2020-11-12,2626.0
2020-11-13,2629.0
2020-11-16,2679.5
2020-11-17,2689.5
2020-11-18,2747.0
2020-11-19,2759.0
2020-11-20,2793.5
2020-11-23,2729.5
2020-11-24,2757.0
2020-11-25,2754.5
2020-11-26,2760.5
2020-11-27,2795.0
2020-11-30,2790.5
2020-12-01,2770.0
2020-12-02,2747.5
2020-12-03,2756.0
2020-12-04,2757.0
2020-12-07,2786.5
2020-12-08,2799.5
2020-12-09,2855.5
2020-12-10,2867.0
2020-12-11,2795.0
2020-12-14,2836.0
2020-12-15,2814.5
2020-12-16,2832.0
2020-12-17,2856.0
2020-12-18,2872.5
2020-12-21,2834.5
2020-12-22,2775.0
2020-12-23,2819.0
2020-12-24,2842.5
2020-12-29,2762.0
2020-12-30,2784.5
2020-12-31,2751.0
2021-01-04,2792.0
2021-01-05,2813.0
2021-01-06,2860.0
2021-01-07,2888.0
2021-01-08,2813.5
2021-01-11,2767.5
2021-01-12,2778.0
2021-01-13,2773.5
2021-01-14,2757.0
2021-01-15,2699.0
2021-01-18,2682.5
2021-01-19,2686.0
2021-01-20,2728.0
2021-01-21,2709.0
2021-01-22,2715.0
2021-01-25,2705.5
2021-01-26,2656.5
2021-01-27,2583.5
2021-01-28,2592.5
2021-01-29,2579.5
2021-02-01,2570.5
2021-02-02,2569.5
2021-02-03,2615.0
2021-02-04,2627.0
2021-02-05,2665.5
2021-02-08,2651.0
2021-02-09,2695.5
2021-02-10,2725.0
2021-02-11,2789.5
2021-02-12,2834.0
2021-02-15,2842.5
2021-02-16,2827.5
2021-02-17,2816.0
2021-02-18,2855.5
2021-02-19,2881.0
2021-02-22,2899.0
2021-02-23,2854.5
2021-02-24,2846.5
2021-02-25,2890.0
2021-02-26,2792.5
2021-03-01,2816.0
2021-03-02,2851.0
2021-03-03,2787.0
2021-03-04,2748.5
2021-03-05,2773.5
2021-03-08,2782.0
2021-03-09,2777.5
2021-03-10,2764.0
2021-03-11,2823.0
2021-03-12,2804.0
2021-03-15,2858.5
2021-03-16,2810.0
2021-03-17,2827.0
2021-03-18,2792.0
2021-03-19,2837.0
2021-03-22,2866.0
2021-03-23,2838.5
2021-03-24,2800.5
2021-03-25,2771.0
2021-03-26,2830.5
2021-03-29,2829.5
2021-03-30,2810.0
2021-03-31,2818.5
2021-04-01,2774.5
2021-04-06,2824.0
2021-04-07,2832.5
2021-04-08,2854.5
2021-04-09,2829.5
2021-04-12,2758.0
2021-04-13,2785.5
2021-04-14,2823.0
2021-04-15,2864.5
2021-04-16,2856.0
2021-04-19,2846.0
2021-04-20,2814.0
2021-04-21,2815.0
2021-04-22,2822.5
2021-04-23,2852.0
2021-04-26,2915.0
2021-04-27,2925.5
2021-04-28,2919.5
2021-04-29,2919.0
2021-04-30,2926.0
2021-05-04,2968.0
2021-05-05,2933.0
2021-05-06,2943.5
2021-05-07,3015.0
2021-05-10,2991.5
2021-05-11,3009.0
2021-05-12,2969.0
2021-05-13,2920.0
2021-05-14,2938.0
2021-05-17,3014.0
2021-05-18,3057.0
2021-05-19,2939.0
2021-05-20,2959.5
2021-05-21,2971.0
2021-05-24,2948.5
2021-05-25,2982.5
2021-05-26,2968.5
2021-05-27,3061.0
2021-05-28,3060.0
2021-06-01,3064.0
2021-06-02,3082.5
2021-06-03,2984.5
2021-06-04,3010.5
2021-06-07,2999.5
2021-06-08,3016.5
2021-06-09,3019.0
2021-06-10,2995.0
2021-06-11,3044.5
2021-06-14,3044.5
2021-06-15,3029.0
2021-06-16,3024.0
2021-06-17,2911.5
2021-06-18,2822.5
2021-06-21,2837.0
2021-06-22,2861.5
2021-06-23,2893.0
2021-06-24,2916.0
2021-06-25,2907.5
2021-06-28,2905.0
2021-06-29,2950.5
2021-06-30,2974.5
2021-07-01,2938.5
2021-07-02,2935.0
2021-07-05,2945.5
2021-07-06,2934.5
2021-07-07,2958.5
2021-07-08,2933.5
2021-07-09,2977.0
2021-07-12,2949.5
2021-07-13,2934.5
2021-07-14,2925.5
2021-07-15,2968.5
2021-07-16,3003.0
2021-07-19,2977.0
2021-07-20,2962.0
2021-07-21,2929.0
2021-07-22,2938.5
2021-07-23,2963.0
2021-07-26,3011.0
2021-07-27,2982.5
2021-07-28,2979.5
2021-07-29,2998.0
2021-07-30,3027.0
2021-08-02,3050.5
2021-08-03,2969.5
2021-08-04,2973.5
2021-08-05,3028.5
2021-08-06,2983.5
2021-08-09,2951.5
2021-08-10,3000.0
2021-08-11,3043.5
2021-08-12,2992.5
2021-08-13,3033.5
2021-08-16,3031.0
2021-08-17,3015.0
2021-08-18,2985.0
2021-08-19,2951.5
2021-08-20,2928.5
2021-08-23,2929.0
2021-08-24,3018.0
2021-08-25,3026.0
2021-08-26,3002.0
2021-08-27,3002.0
2021-08-31,3003.5
2021-09-01,2981.5
2021-09-02,2979.0
2021-09-03,2996.5
2021-09-06,3007.5
2021-09-07,3044.0
2021-09-08,3062.0
2021-09-09,3075.5
2021-09-10,3119.0
2021-09-13,3084.5
2021-09-14,3052.0
2021-09-15,3075.5
2021-09-16,3082.0
2021-09-17,3088.0
2021-09-20,3014.0
2021-09-21,2978.0
2021-09-22,3025.5
2021-09-23,3091.0
2021-09-24,3128.5
2021-09-27,3067.5
2021-09-28,3079.0
2021-09-29,3054.0
2021-09-30,2988.0
2021-10-01,2982.5
2021-10-04,3016.0
2021-10-05,3046.5
2021-10-06,3014.5
2021-10-07,3049.5
2021-10-08,3151.0
2021-10-11,3230.0
2021-10-12,3263.0
2021-10-13,3401.5
2021-10-14,3528.5
2021-10-15,3794.5
2021-10-18,3696.5
2021-10-19,3508.0
2021-10-20,3563.5
2021-10-21,3429.5
2021-10-22,3447.5
2021-10-25,3459.5
2021-10-26,3425.0
2021-10-27,3335.0
2021-10-28,3372.0
2021-10-29,3378.5
2021-11-01,3357.5
2021-11-02,3342.5
2021-11-03,3307.0
2021-11-04,3240.5
2021-11-05,3228.5
2021-11-08,3271.0
2021-11-09,3281.5
2021-11-10,3292.0
2021-11-11,3279.0
2021-11-12,3267.5
2021-11-15,3217.0
2021-11-16,3223.0
2021-11-17,3192.0
2021-11-18,3159.0
2021-11-19,3238.0
2021-11-22,3348.5
2021-11-23,3301.0
2021-11-24,3322.0
2021-11-25,3300.5
2021-11-26,3194.0
2021-11-29,3198.0
2021-11-30,3200.5
2021-12-01,3202.5
2021-12-02,3146.0
2021-12-03,3161.5
2021-12-06,3162.5
2021-12-07,3226.5
2021-12-08,3310.0
2021-12-09,3310.0
2021-12-10,3328.5
2021-12-13,3325.0
2021-12-14,3304.5
2021-12-15,3271.5
2021-12-16,3422.0
2021-12-17,3387.0
2021-12-20,3354.5
2021-12-21,3427.5
2021-12-22,3531.5
2021-12-23,3527.0
2021-12-24,3519.0
2021-12-29,3513.0
2021-12-30,3532.5
2021-12-31,3534.0
2022-01-04,3604.0
2022-01-05,3588.0
2022-01-06,3550.0
2022-01-07,3533.0
2022-01-10,3477.0
2022-01-11,3556.0
2022-01-12,3552.0
2022-01-13,3563.5
2022-01-14,3521.0
2022-01-17,3508.0
2022-01-18,3567.0
2022-01-19,3581.5
2022-01-20,3649.5
2022-01-21,3635.0
2022-01-24,3595.5
2022-01-25,3572.5
2022-01-26,3610.0
2022-01-27,3630.5
2022-01-28,3609.5
2022-01-31,3586.0
2022-02-01,3602.5
2022-02-02,3610.0
2022-02-03,3596.5
2022-02-04,3612.5
2022-02-07,3625.0
2022-02-08,3593.0
2022-02-09,3644.5
2022-02-10,3703.0
2022-02-11,3626.5
2022-02-14,3574.5
2022-02-15,3582.0
2022-02-16,3584.0
2022-02-17,3606.0
2022-02-18,3575.5
2022-02-21,3558.0
2022-02-22,3605.0
2022-02-23,3571.5
2022-02-24,3641.0
2022-02-25,3621.5
2022-02-28,3666.0
2022-03-01,3746.0
2022-03-02,3861.0
2022-03-03,3920.5
2022-03-04,4051.0
2022-03-07,4112.5
2022-03-08,4135.5
2022-03-09,3940.0
2022-03-10,3863.0
2022-03-11,3815.0
2022-03-14,3809.0
2022-03-15,3798.0
2022-03-16,3808.5
2022-03-17,3825.5
2022-03-18,3826.0
2022-03-21,3940.0
2022-03-22,3888.0
2022-03-23,4100.0
2022-03-24,4039.0
2022-03-25,4066.5
2022-03-28,4087.5
2022-03-29,4027.0
2022-03-30,4149.0
2022-03-31,4173.5
2022-04-01,4339.0
2022-04-04,4369.0
2022-04-05,4296.5
2022-04-06,4274.0
2022-04-07,4188.0
2022-04-08,4254.5
2022-04-11,4290.0
2022-04-12,4376.0
2022-04-13,4461.5
2022-04-14,4412.0
2022-04-19,4498.5
2022-04-20,4418.0
2022-04-21,4450.0
2022-04-22,4434.5
2022-04-25,4168.5
2022-04-26,4183.5
2022-04-27,4219.5
2022-04-28,4136.5
2022-04-29,4107.0
2022-05-03,3961.5
2022-05-04,3965.0
2022-05-05,3904.5
2022-05-06,3772.0
2022-05-09,3615.0
2022-05-10,3597.5
2022-05-11,3668.5
2022-05-12,3530.0
2022-05-13,3489.5
2022-05-16,3563.5
2022-05-17,3661.5
2022-05-18,3620.0
2022-05-19,3714.5
2022-05-20,3707.0
2022-05-23,3786.0
2022-05-24,3790.5
2022-05-25,3750.5
2022-05-26,3735.5
2022-05-27,3843.5
2022-05-30,3900.5
2022-05-31,3913.5
2022-06-01,3864.5
2022-06-06,3873.0
2022-06-07,3797.0
2022-06-08,3821.5
2022-06-09,3762.0
2022-06-10,3692.5
2022-06-13,3613.5
2022-06-14,3596.5
2022-06-15,3643.0
2022-06-16,3577.5
2022-06-17,3523.5
2022-06-20,3517.5
2022-06-21,3592.0
2022-06-22,3536.5
2022-06-23,3491.5
2022-06-24,3350.0
2022-06-27,3318.0
2022-06-28,3333.0
2022-06-29,3360.0
2022-06-30,3157.0
2022-07-01,3029.0
2022-07-04,3118.0
2022-07-05,2992.0
2022-07-06,2998.0
2022-07-07,3110.0
2022-07-08,3099.0
2022-07-11,3042.0
2022-07-12,3016.0
2022-07-13,2951.0
2022-07-14,2875.0
2022-07-15,2915.0
2022-07-18,3006.0
2022-07-19,2948.5
2022-07-20,3006.5
2022-07-21,2936.0
2022-07-22,2992.5
2022-07-25,2985.5
2022-07-26,3039.0
2022-07-27,3054.0
2022-07-28,3160.0
2022-07-29,3308.5
2022-08-01,3328.0
2022-08-02,3312.0
2022-08-03,3277.0
2022-08-04,3450.5
2022-08-05,3488.5
2022-08-08,3445.5
2022-08-09,3536.5
2022-08-10,3608.5
2022-08-11,3686.5
2022-08-12,3589.0
2022-08-15,3563.5
2022-08-16,3672.0
2022-08-17,3513.5
2022-08-18,3472.5
2022-08-19,3487.5
2022-08-22,3497.0
2022-08-23,3484.5
2022-08-24,3513.5
2022-08-25,3548.0
2022-08-26,3565.5
2022-08-30,3482.0
2022-08-31,3459.5
2022-09-01,3259.5
2022-09-02,3135.5
2022-09-05,3197.5
2022-09-06,3166.5
2022-09-07,3123.5
2022-09-08,3127.5
2022-09-09,3167.5
2022-09-12,3196.5
2022-09-13,3227.0
2022-09-14,3229.5
2022-09-15,3186.5
2022-09-16,3153.5
2022-09-19,3140.5
2022-09-20,3128.5
2022-09-21,3098.5
2022-09-22,3106.5
2022-09-23,3008.0
2022-09-26,2924.0
2022-09-27,2861.5
2022-09-28,2853.0
2022-09-29,2929.5
2022-09-30,2968.0
2022-10-03,2960.5
2022-10-04,3047.0
2022-10-05,3044.0
2022-10-06,3120.5
2022-10-07,2991.5
2022-10-10,2964.0
2022-10-11,2928.5
2022-10-12,2908.5
2022-10-13,2901.0
2022-10-14,2941.0
2022-10-17,2866.5
2022-10-18,2863.5
2022-10-19,2899.0
2022-10-20,2964.0
2022-10-21,2928.0
2022-10-24,2958.0
2022-10-25,2905.0
2022-10-26,2948.5
2022-10-27,2942.0
2022-10-28,2821.5
2022-10-31,2697.0
2022-11-01,2743.5
2022-11-02,2748.5
2022-11-03,2720.0
2022-11-04,2874.0
2022-11-07,2886.0
2022-11-08,2931.0
2022-11-09,2853.5
2022-11-10,2884.0
2022-11-11,3024.5
2022-11-14,3131.5
2022-11-15,3111.5
2022-11-16,3053.5
2022-11-17,2987.0
2022-11-18,3031.0
2022-11-21,2906.0
2022-11-22,2914.5
2022-11-23,2906.5
2022-11-24,2918.0
2022-11-25,2920.5
2022-11-28,2937.0
2022-11-29,2934.5
2022-11-30,3037.5
2022-12-01,3079.5
2022-12-02,3079.0
2022-12-05,3126.0
2022-12-06,3156.0
2022-12-07,3183.0
2022-12-08,3236.5
2022-12-09,3240.5
2022-12-12,3269.5
2022-12-13,3318.5
2022-12-14,3238.5
2022-12-15,3160.0
2022-12-16,3018.0
2022-12-19,3012.0
2022-12-20,3082.5
2022-12-21,3009.5
2022-12-22,2948.0
2022-12-23,2965.0
2022-12-28,3005.5
2022-12-29,2984.5
2022-12-30,2972.5
2023-01-03,3002.0
2023-01-04,2992.0
2023-01-05,3005.0
2023-01-06,3023.5
2023-01-09,3205.5
2023-01-10,3160.5
2023-01-11,3207.0
2023-01-12,3235.5
2023-01-13,3324.0
2023-01-16,3304.5
2023-01-17,3295.0
2023-01-18,3405.0
2023-01-19,3457.5
2023-01-20,3420.5
2023-01-23,3420.5
2023-01-24,3429.0
2023-01-25,3450.0
2023-01-26,3486.5
2023-01-27,3413.5
2023-01-30,3446.0
2023-01-31,3389.0
2023-02-01,3349.5
2023-02-02,3382.5
2023-02-03,3241.5
2023-02-06,3131.0
2023-02-07,3136.5
2023-02-08,3132.0
2023-02-09,3123.0
2023-02-10,3042.5
2023-02-13,3097.5
2023-02-14,3082.5
2023-02-15,3018.5
2023-02-16,3003.5
2023-02-17,3058.0
2023-02-20,3126.0
2023-02-21,3135.5
2023-02-22,3057.0
2023-02-23,3034.5
2023-02-24,2964.0
2023-02-27,2988.5
2023-02-28,3000.5
2023-03-01,3115.5
2023-03-02,3048.0
2023-03-03,3077.5
2023-03-06,3032.5
2023-03-07,2954.0
2023-03-08,2975.0
2023-03-09,2974.0
2023-03-10,2937.0
2023-03-13,2946.5
2023-03-14,2909.5
2023-03-15,2866.0
2023-03-16,2857.5
2023-03-17,2895.0
2023-03-20,2885.5
2023-03-21,2864.5
2023-03-22,2866.0
2023-03-23,2907.0
2023-03-24,2891.5
2023-03-27,2912.0
2023-03-28,2936.5
2023-03-29,2968.0
2023-03-30,2932.0
2023-03-31,2922.5
2023-04-03,2898.5
2023-04-04,2831.5
2023-04-05,2789.5
2023-04-06,2779.0
2023-04-11,2757.5
2023-04-12,2785.0
2023-04-13,2837.0
2023-04-14,2856.5
2023-04-17,2832.0
2023-04-18,2871.0
2023-04-19,2790.0
2023-04-20,2770.0
2023-04-21,2719.0
2023-04-24,2670.0
2023-04-25,2600.0
2023-04-26,2645.0
2023-04-27,2621.0
2023-04-28,2647.5
2023-05-02,2609.5
2023-05-03,2630.0
2023-05-04,2622.5
2023-05-05,2686.5
2023-05-09,2674.0
2023-05-10,2623.5
2023-05-11,2548.0
2023-05-12,2549.0
2023-05-15,2532.0
2023-05-16,2492.0
2023-05-17,2524.0
2023-05-18,2459.0
2023-05-19,2479.0
2023-05-22,2431.5
2023-05-23,2372.5
2023-05-24,2313.0
2023-05-25,2272.0
2023-05-26,2343.5
2023-05-30,2302.5
2023-05-31,2248.5
2023-06-01,2267.0
2023-06-02,2306.5
2023-06-05,2288.5
2023-06-06,2319.0
2023-06-07,2398.5
2023-06-08,2408.5
2023-06-09,2404.5
2023-06-12,2349.5
2023-06-13,2381.5
2023-06-14,2486.5
2023-06-15,2480.5
2023-06-16,2478.0
2023-06-19,2437.0
2023-06-20,2359.5
2023-06-21,2416.0
2023-06-22,2456.0
2023-06-23,2364.5
2023-06-26,2328.0
2023-06-27,2386.5
2023-06-28,2349.5
2023-06-29,2341.5
2023-06-30,2388.0
2023-07-03,2365.0
2023-07-04,2411.0
2023-07-05,2357.5
2023-07-06,2363.5
2023-07-07,2362.0
2023-07-10,2353.0
2023-07-11,2356.0
2023-07-12,2425.5
2023-07-13,2479.0
2023-07-14,2439.0
2023-07-17,2410.0
2023-07-18,2395.0
2023-07-19,2359.5
2023-07-20,2383.5
2023-07-21,2372.0
2023-07-24,2417.0
2023-07-25,2488.0
2023-07-26,2473.5
2023-07-27,2454.0
2023-07-28,2497.5
2023-07-31,2565.0
2023-08-01,2569.0
2023-08-02,2482.5
2023-08-03,2485.0
2023-08-04,2504.0
2023-08-07,2496.5
2023-08-08,2456.0
2023-08-09,2479.5
2023-08-10,2457.0
2023-08-11,2397.5
2023-08-14,2349.5
2023-08-15,2314.5
2023-08-16,2283.5
2023-08-17,2298.0
2023-08-18,2300.0
2023-08-21,2317.5
2023-08-22,2332.0
2023-08-23,2371.0
2023-08-24,2394.0
2023-08-25,2382.5
2023-08-29,2440.0
2023-08-30,2435.0
2023-08-31,2430.5
2023-09-01,2485.5
2023-09-04,2479.5
2023-09-05,2472.5
2023-09-06,2463.0
2023-09-07,2479.5
2023-09-08,2443.5
2023-09-11,2509.5
2023-09-12,2479.0
2023-09-13,2526.0
2023-09-14,2570.0
2023-09-15,2520.5
2023-09-18,2542.0
2023-09-19,2497.5
2023-09-20,2555.5
2023-09-21,2514.0
2023-09-22,2562.0
2023-09-25,2532.0
2023-09-26,2511.0
2023-09-27,2476.5
2023-09-28,2620.5
2023-09-29,2649.5
2023-10-02,2600.5
2023-10-03,2502.0
2023-10-04,2493.0
2023-10-05,2476.5
2023-10-06,2509.0
2023-10-09,2513.0
2023-10-10,2472.0
2023-10-11,2476.5
2023-10-12,2449.5
2023-10-13,2446.0
2023-10-16,2446.0
2023-10-17,2421.0
2023-10-18,2436.5
2023-10-19,2414.5
2023-10-20,2438.0
2023-10-23,2420.0
2023-10-24,2442.5
2023-10-25,2480.0
2023-10-26,2435.0
2023-10-27,2471.5
2023-10-30,2465.5
2023-10-31,2429.5
2023-11-01,2500.0
2023-11-02,2478.0
2023-11-03,2524.5
2023-11-06,2573.0
2023-11-07,2568.0
2023-11-08,2610.0
2023-11-09,2602.5
2023-11-10,2562.0
2023-11-13,2553.0
2023-11-14,2600.5
2023-11-15,2656.0
2023-11-16,2576.0
2023-11-17,2555.0
2023-11-20,2563.5
2023-11-21,2546.0
2023-11-22,2495.0
2023-11-23,2537.5
2023-11-24,2553.5
2023-11-27,2539.0
2023-11-28,2537.5
2023-11-29,2501.0
2023-11-30,2475.5
2023-12-01,2509.5
2023-12-04,2453.0
2023-12-05,2421.5
2023-12-06,2428.5
2023-12-07,2406.5
2023-12-08,2399.5
2023-12-11,2407.0
2023-12-12,2430.5
2023-12-13,2426.5
2023-12-14,2493.0
2023-12-15,2532.0
2023-12-18,2539.0
2023-12-19,2581.5
2023-12-20,2573.0
2023-12-21,2547.0
2023-12-22,2601.0
2023-12-27,2641.5
2023-12-28,2641.0
2023-12-29,2658.0
2024-01-02,2621.0
2024-01-03,2585.5
2024-01-04,2538.0
2024-01-05,2562.5
2024-01-08,2509.0
2024-01-09,2503.5
2024-01-10,2495.5
2024-01-11,2502.5
2024-01-12,2514.0
2024-01-15,2558.5
2024-01-16,2547.0
2024-01-17,2466.0
2024-01-18,2462.5
2024-01-19,2462.0
2024-01-22,2456.5
2024-01-23,2519.5
2024-01-24,2584.5
2024-01-25,2580.0
2024-01-26,2577.5
2024-01-29,2552.0
2024-01-30,2564.5
2024-01-31,2527.5
2024-02-01,2478.0
2024-02-02,2451.0
2024-02-05,2420.0
2024-02-06,2432.5
2024-02-07,2400.5
2024-02-08,2327.5
2024-02-09,2300.5
2024-02-12,2320.0
2024-02-13,2314.5
2024-02-14,2312.5
2024-02-15,2354.5
2024-02-16,2385.0
2024-02-19,2401.5
2024-02-20,2379.0
2024-02-21,2394.5
2024-02-22,2386.5
2024-02-23,2405.0
2024-02-26,2424.5
2024-02-27,2422.0
2024-02-28,2414.5
2024-02-29,2426.0
2024-03-01,2417.0
2024-03-04,2449.0
2024-03-05,2455.0
2024-03-06,2494.5
2024-03-07,2535.0
2024-03-08,2527.5
2024-03-11,2567.0
2024-03-12,2561.0
2024-03-13,2576.0
2024-03-14,2548.0
2024-03-15,2561.0
2024-03-18,2532.0
2024-03-19,2505.5
2024-03-20,2508.5
2024-03-21,2524.5
2024-03-22,2484.0
2024-03-25,2495.5
2024-03-26,2442.0
2024-03-27,2437.0
2024-03-28,2439.0
2024-04-02,2479.5
2024-04-03,2548.0
2024-04-04,2645.5
2024-04-05,2638.5
2024-04-08,2664.0
2024-04-09,2709.5
2024-04-10,2735.5
2024-04-11,2758.5
2024-04-12,2828.5
2024-04-15,2774.5
2024-04-16,2771.0
2024-04-17,2839.0
2024-04-18,2812.5
2024-04-19,2852.0
2024-04-22,2832.0
2024-04-23,2792.5
2024-04-24,2805.0
2024-04-25,2848.0
2024-04-26,2844.0
2024-04-29,2943.5
2024-04-30,2926.0
2024-05-01,2881.0
2024-05-02,2886.0
2024-05-03,2903.0
2024-05-07,2960.0
2024-05-08,2905.5
2024-05-09,2909.5
2024-05-10,2930.5
2024-05-13,2997.5
2024-05-14,3003.5
2024-05-15,2976.0
2024-05-16,2960.0
2024-05-17,3031.0
2024-05-20,3114.0
2024-05-21,3139.5
2024-05-22,3062.5
2024-05-23,3062.5
2024-05-24,3057.0
2024-05-28,3100.0
2024-05-29,3103.0
2024-05-30,3071.5
2024-05-31,2969.5
2024-06-03,2943.0
2024-06-04,2935.0
2024-06-05,2864.0
2024-06-06,2910.0
2024-06-07,2767.0
2024-06-10,2850.5
2024-06-11,2771.0
2024-06-12,2894.0
2024-06-13,2860.0
2024-06-14,2767.5
2024-06-17,2815.5
2024-06-18,2838.0
2024-06-19,2869.0
2024-06-20,2873.5
2024-06-21,2844.0
2024-06-24,2846.0
2024-06-25,2871.0
2024-06-26,2941.0
2024-06-27,2929.5
2024-06-28,2937.5
2024-07-01,2928.5
2024-07-02,2922.5
2024-07-03,2991.0
2024-07-04,2986.5
2024-07-05,3001.0
2024-07-08,2955.5
2024-07-09,2930.5
2024-07-10,2965.5
2024-07-11,2959.0
2024-07-12,2943.0
2024-07-15,2955.0
2024-07-16,2885.0
2024-07-17,2847.5
2024-07-18,2809.0
2024-07-19,2776.5
2024-07-22,2726.5
2024-07-23,2688.5
2024-07-24,2685.0
2024-07-25,2681.0
2024-07-26,2669.0
2024-07-29,2637.0
2024-07-30,2629.0
2024-07-31,2675.5
2024-08-01,2707.0
2024-08-02,2653.0
2024-08-05,2633.5
2024-08-06,2601.0
2024-08-07,2581.5
2024-08-08,2646.0
2024-08-09,2736.5
2024-08-12,2743.0
2024-08-13,2688.5
2024-08-14,2715.0
2024-08-15,2782.0
2024-08-16,2762.5
2024-08-19,2787.0
2024-08-20,2805.0
2024-08-21,2850.5
2024-08-22,2858.0
2024-08-23,2912.0
2024-08-27,2943.0
2024-08-28,2881.0
2024-08-29,2878.0
2024-08-30,2897.0
2024-09-02,2841.0
2024-09-03,2846.0
2024-09-04,2795.5
2024-09-05,2737.5
2024-09-06,2717.5
2024-09-09,2731.0
2024-09-10,2712.0
2024-09-11,2770.0
2024-09-12,2856.0
2024-09-13,2904.5
2024-09-16,2946.0
2024-09-17,2926.0
2024-09-18,2886.0
2024-09-19,2929.5
2024-09-20,2874.0
2024-09-23,2885.0
2024-09-24,3009.5
2024-09-25,2997.5
2024-09-26,3099.0
2024-09-27,3089.5
2024-09-30,3091.0
2024-10-01,3146.5
2024-10-02,3173.5
2024-10-03,3124.0
2024-10-04,3166.0
2024-10-07,3174.5
2024-10-08,3091.0
2024-10-09,3020.0
2024-10-10,3086.5
2024-10-11,3154.0
2024-10-14,3082.5
2024-10-15,3053.0
2024-10-16,3052.5
2024-10-17,3052.0
2024-10-18,3089.5
2024-10-21,3075.5
2024-10-22,3137.5
2024-10-23,3144.0
2024-10-24,3174.5
2024-10-25,3102.0
2024-10-28,3139.0
2024-10-29,3122.0
2024-10-30,3086.5
2024-10-31,3029.0
2024-11-01,3069.5
2024-11-04,3035.5
2024-11-05,3103.5
2024-11-06,2973.0
2024-11-07,3052.0
2024-11-08,2979.5
2024-11-11,2979.0
2024-11-12,2938.0
2024-11-13,2981.0
2024-11-14,2942.5
2024-11-15,2947.5
2024-11-18,2951.5
2024-11-19,2951.0
2024-11-20,2987.5
2024-11-21,2990.0
2024-11-22,2966.5
2024-11-25,3020.0
2024-11-26,3075.5
2024-11-27,3131.5
2024-11-28,3054.0
2024-11-29,3103.0
2024-12-02,3076.5
2024-12-03,3095.5
2024-12-04,3099.0
2024-12-05,3118.5
2024-12-06,3071.5
2024-12-09,3126.0
2024-12-10,3135.0
2024-12-11,3125.5
2024-12-12,3075.0
2024-12-13,3095.5
2024-12-16,3056.0
2024-12-17,3035.5
2024-12-18,2995.0
2024-12-19,2967.0
2024-12-20,2971.5
2024-12-23,2984.5
2024-12-24,3049.0
2024-12-27,3031.5
2024-12-30,3019.0
2024-12-31,2978.5
2025-01-02,2927.0
2025-01-03,2888.0
2025-01-06,2901.5
2025-01-07,2875.5
2025-01-08,2825.0
2025-01-09,2848.0
2025-01-10,2868.0
2025-01-13,2865.5
2025-01-14,2862.5
2025-01-15,2863.0
2025-01-16,2874.5
2025-01-17,2942.0
2025-01-20,2963.5
2025-01-21,2914.0
2025-01-22,2900.0
2025-01-23,2846.5
2025-01-24,2827.5
2025-01-27,2839.0
2025-01-28,2775.0
2025-01-29,2783.0
2025-01-30,2793.5
2025-01-31,2742.0
2025-02-03,2799.0
2025-02-04,2807.5
2025-02-05,2780.0
2025-02-06,2818.0
2025-02-07,2840.0
2025-02-10,2846.5
2025-02-11,2821.0
2025-02-12,2862.5
2025-02-13,2845.5
2025-02-14,2842.5
2025-02-17,2872.5
2025-02-18,2884.0
2025-02-19,2876.0
2025-02-20,2918.5
2025-02-21,2928.0
2025-02-24,2850.5
2025-02-25,2811.5
2025-02-26,2812.0
2025-02-27,2809.0
2025-02-28,2793.0
2025-03-03,2843.0
2025-03-04,2810.5
2025-03-05,2879.0
2025-03-06,2929.0
2025-03-07,2886.5
2025-03-10,2856.5
2025-03-11,2912.5
2025-03-12,2923.5
2025-03-13,2961.0
2025-03-14,2972.5
2025-03-17,2958.0
2025-03-18,2963.0
2025-03-19,2924.5
2025-03-20,2918.5
2025-03-21,2928.0
2025-03-24,2946.0
2025-03-25,2972.0
2025-03-26,2956.0
2025-03-27,2899.5
2025-03-28,2857.0
2025-03-31,2852.5
2025-04-01,2822.0
2025-04-02,2780.5
2025-04-03,2713.5
2025-04-04,2657.0
2025-04-07,2614.5
2025-04-08,2563.0
2025-04-09,2558.0
2025-04-10,2641.0
2025-04-11,2651.5
2025-04-14,2636.0
2025-04-15,2615.0
2025-04-16,2582.0
2025-04-17,2577.0
2025-04-22,2596.0
2025-04-23,2639.5
2025-04-24,2687.5
2025-04-25,2646.5
2025-04-28,2633.5
2025-04-29,2649.5
2025-04-30,2592.5
2025-05-01,2577.5
2025-05-02,2607.5
2025-05-06,2632.5
2025-05-07,2616.5
2025-05-08,2619.0
2025-05-09,2653.5
2025-05-12,2680.0
2025-05-13,2705.0
2025-05-14,2765.0
2025-05-15,2724.5
2025-05-16,2691.5
2025-05-19,2676.5
2025-05-20,2710.5
2025-05-21,2693.0
2025-05-22,2697.5
2025-05-23,2701.5
2025-05-27,2705.5
2025-05-28,2687.0
2025-05-29,2675.5
2025-05-30,2620.0
2025-06-02,2698.0
2025-06-03,2706.5
2025-06-04,2701.5
2025-06-05,2686.0
2025-06-06,2666.0
2025-06-09,2649.5
2025-06-10,2657.5
2025-06-11,2653.5
2025-06-12,2642.5
2025-06-13,2623.0
2025-06-16,2658.0
2025-06-17,2638.5
2025-06-18,2636.5
2025-06-19,2640.5
2025-06-20,2630.5
2025-06-23,2687.0
2025-06-24,2681.5
2025-06-25,2704.5
2025-06-26,2768.0
2025-06-27,2779.0
2025-06-30,2751.5
2025-07-01,2714.0
2025-07-02,2757.5
2025-07-03,2750.5
2025-07-04,2724.0
2025-07-07,2684.5
2025-07-08,2720.5
2025-07-09,2742.5
2025-07-10,2777.0
2025-07-11,2738.5
2025-07-14,2730.0
2025-07-15,2697.0
2025-07-16,2711.0
2025-07-17,2737.0
2025-07-18,2818.5
2025-07-21,2838.5
2025-07-22,2860.0
2025-07-23,2862.0
2025-07-24,2843.5
2025-07-25,2823.5
2025-07-28,2817.5
2025-07-29,2805.0
2025-07-30,2785.5
2025-07-31,2760.5
2025-08-01,2727.0
2025-08-04,2749.5
2025-08-05,2758.0
2025-08-06,2788.5
2025-08-07,2813.0
2025-08-08,2827.0
2025-08-11,2822.0
2025-08-12,2847.5
2025-08-13,2829.0
2025-08-14,2848.5
2025-08-15,2795.0
2025-08-18,2777.0
2025-08-19,2768.5
2025-08-20,2787.0
2025-08-21,2765.5
2025-08-22,2818.0
2025-08-26,2813.5
2025-08-27,2761.5
2025-08-28,2781.0
2025-08-29,2819.0
2025-09-01,2832.5
2025-09-02,2865.0
2025-09-03,2861.0
2025-09-04,2843.5
2025-09-05,2861.0
2025-09-08,2876.5
2025-09-09,2856.0
2025-09-10,2886.5
2025-09-11,2900.0
2025-09-12,2957.0
2025-09-15,2979.0
2025-09-16,2992.0
2025-09-17,2943.5
2025-09-18,2916.5
2025-09-19,2889.0
2025-09-22,2894.0
2025-09-23,2888.5
2025-09-24,2938.0
2025-09-25,2926.5
2025-09-26,2888.5
2025-09-29,2940.5
2025-09-30,2960.0
2025-10-01,2987.5
2025-10-02,3020.5
2025-10-03,3034.5
2025-10-06,3007.0
2025-10-07,3046.0
2025-10-08,3005.0
2025-10-09,3010.5
2025-10-10,3001.5
2025-10-13,3021.0
2025-10-14,2941.5
2025-10-15,2948.0
2025-10-16,2973.0
2025-10-17,2933.5
2025-10-20,2978.5
2025-10-21,2988.0
2025-10-22,3029.0
2025-10-23,3017.5
2025-10-24,3025.5
2025-10-27,3055.0
2025-10-28,3058.0
2025-10-29,3082.5
2025-10-30,3037.5
2025-10-31,3055.5
2025-11-03,3100.0
2025-11-04,3088.5
2025-11-05,3043.0
2025-11-06,3047.0
2025-11-07,3056.5
2025-11-10,3081.0
2025-11-11,3066.5
2025-11-12,3075.0
2025-11-13,3055.0
2025-11-14,3020.5
2025-11-17,2994.0
2025-11-18,2989.0
2025-11-19,2981.0
2025-11-20,3016.0
2025-11-21,2989.0
2025-11-24,3000.0
2025-11-25,2993.0
2025-11-26,3056.5
2025-11-27,3015.0
2025-11-28,3055.5
2025-12-01,3096.5
2025-12-02,3062.5
2025-12-03,3065.0
2025-12-04,3090.5
2025-12-05,3098.0
2025-12-08,3121.0
2025-12-09,3090.0
2025-12-10,3082.0
2025-12-11,3203.5
2025-12-12,3125.0
2025-12-15,3093.5
2025-12-16,3041.5
2025-12-17,3073.5
2025-12-18,3064.0
2025-12-19,3072.5
2025-12-22,3085.0
2025-12-23,3093.5
2025-12-24,3090.5
2025-12-29,3088.5
2025-12-30,3124.0
2025-12-31,3117.5
2026-01-02,3127.0
2026-01-05,3195.0
2026-01-06,3251.0
2026-01-07,3167.5
2026-01-08,3135.0
2026-01-09,3153.5
2026-01-12,3216.0
2026-01-13,3201.5
2026-01-14,3276.0
2026-01-15,3314.5
2026-01-16,3209.0
2026-01-19,3221.5
2026-01-20,3173.0
2026-01-21,3175.5
2026-01-22,3211.0
2026-01-23,3260.5
2026-01-26,3342.5
2026-01-27,3351.0
2026-01-28,3364.0
2026-01-29,3412.0
2026-01-30,3402.0
2026-02-02,3323.5
2026-02-03,3338.5
2026-02-04,3309.0
2026-02-05,3302.0
2026-02-06,3345.5
2026-02-09,3375.5
2026-02-10,3395.0
2026-02-11,3406.5
2026-02-12,3374.0
2026-02-13,3337.5
2026-02-16,3290.0
2026-02-17,3286.5
2026-02-18,3353.5
2026-02-19,3339.5
2026-02-20,3382.5
2026-02-23,3354.5
2026-02-24,3379.5
2026-02-25,3388.5
2026-02-26,3378.5
2026-02-27,3317.0
2026-03-02,3317.0
2026-03-03,3269.5
2026-03-04,3325.5
2026-03-05,3227.0
2026-03-06,3298.0
2026-03-09,3328.5
2026-03-10,3345.5
2026-03-11,3309.0
2026-03-12,3301.5
2026-03-13,3296.0
2026-03-16,3269.5
2026-03-17,3227.5
2026-03-18,3133.5
2026-03-19,3071.5
2026-03-20,3067.0
2026-03-23,3077.5
2026-03-24,3042.0
2026-03-25,3079.5
2026-03-26,3081.5
2026-03-27,3115.0
2026-03-30,3182.0
2026-03-31,3226.5
2026-04-01,3289.5
2026-04-02,3264.5
2026-04-07,3307.0
2026-04-08,3292.5
2026-04-09,3327.0
2026-04-10,3333.0
2026-04-13,3317.0
2026-04-14,3342.5
2026-04-15,3397.0
2026-04-16,3424.0
2026-04-17,3446.0
2026-04-20,3408.5
2026-04-21,3442.5
2026-04-22,3470.0
2026-04-23,3453.0
2026-04-24,3472.5
2026-04-27,3398.0
2026-04-28,3370.5
2026-04-29,3314.0
2026-04-30,3361.0
2026-05-01,3344.5
2026-05-05,3370.5
2026-05-06,3399.0
2026-05-07,3458.5
2026-05-08,3430.0
2026-05-11,3480.0
2026-05-12,3531.5
2026-05-13,3528.5
2026-05-14,3584.5
2026-05-15,3534.0
2026-05-18,3524.0
2026-05-19,3513.0
2026-05-20,3555.5
2026-05-21,3522.5
2026-05-22,3543.0
2026-05-26,3533.0
2026-05-27,3512.5
2026-05-28,3551.0
2026-05-29,3540.0
2026-06-01,3578.0
2026-06-02,3641.5
2026-06-03,3610.5
2026-06-04,3588.0
2026-06-05,3530.0
2026-06-08,3537.0
2026-06-09,3555.5
2026-06-10,3491.0
2026-06-11,3496.0
2026-06-12,3584.0
2026-06-15,3590.0
2026-06-16,3569.0
2026-06-17,3588.0
2026-06-18,3638.0
2026-06-19,3556.5
2026-06-22,3608.5
2026-06-23,3492.0
2026-06-24,3421.5
2026-06-25,3434.5
2026-06-26,3472.0
