date,shfe_cu_close
2014-06-03,49770.0
2014-06-04,49570.0
2014-06-05,49520.0
2014-06-06,49550.0
2014-06-09,48720.0
2014-06-10,48420.0
2014-06-11,48480.0
2014-06-12,48560.0
2014-06-13,48860.0
2014-06-16,49390.0
2014-06-17,48730.0
2014-06-18,48740.0
2014-06-19,48580.0
2014-06-20,49060.0
2014-06-23,49900.0
2014-06-24,49840.0
2014-06-25,49850.0
2014-06-26,50270.0
2014-06-27,50370.0
2014-06-30,50530.0
2014-07-01,51370.0
2014-07-02,51260.0
2014-07-03,51920.0
2014-07-04,52290.0
2014-07-07,51800.0
2014-07-08,51740.0
2014-07-09,51680.0
2014-07-10,51270.0
2014-07-11,51580.0
2014-07-14,51720.0
2014-07-15,50920.0
2014-07-16,50890.0
2014-07-17,50350.0
2014-07-18,50210.0
2014-07-21,49820.0
2014-07-22,50210.0
2014-07-23,50090.0
2014-07-24,50590.0
2014-07-25,50910.0
2014-07-28,50590.0
2014-07-29,50790.0
2014-07-30,50430.0
2014-07-31,50670.0
2014-08-01,50720.0
2014-08-04,50590.0
2014-08-05,50790.0
2014-08-06,50300.0
2014-08-07,50180.0
2014-08-08,50160.0
2014-08-11,50420.0
2014-08-12,50200.0
2014-08-13,50000.0
2014-08-14,49580.0
2014-08-15,49320.0
2014-08-18,49330.0
2014-08-19,49450.0
2014-08-20,49510.0
2014-08-21,50390.0
2014-08-22,50830.0
2014-08-25,50950.0
2014-08-26,50870.0
2014-08-27,50640.0
2014-08-28,50500.0
2014-08-29,50080.0
2014-09-01,50250.0
2014-09-02,50220.0
2014-09-03,50240.0
2014-09-04,50080.0
2014-09-05,50310.0
2014-09-09,50160.0
2014-09-10,49550.0
2014-09-11,49430.0
2014-09-12,49290.0
2014-09-15,49030.0
2014-09-16,49080.0
2014-09-17,49720.0
2014-09-18,49590.0
2014-09-19,49280.0
2014-09-22,48670.0
2014-09-23,48570.0
2014-09-24,48520.0
2014-09-25,48570.0
2014-09-26,48560.0
2014-09-29,48410.0
2014-09-30,48870.0
2014-10-08,48660.0
2014-10-09,48480.0
2014-10-10,48290.0
2014-10-13,48570.0
2014-10-14,48560.0
2014-10-15,48910.0
2014-10-16,48100.0
2014-10-17,47510.0
2014-10-20,47570.0
2014-10-21,47510.0
2014-10-22,47890.0
2014-10-23,47860.0
2014-10-24,48030.0
2014-10-27,47870.0
2014-10-28,48200.0
2014-10-29,48300.0
2014-10-30,48390.0
2014-10-31,48330.0
2014-11-03,48170.0
2014-11-04,48340.0
2014-11-05,47760.0
2014-11-06,47760.0
2014-11-07,47980.0
2014-11-10,48270.0
2014-11-11,48020.0
2014-11-12,48100.0
2014-11-13,48090.0
2014-11-14,47830.0
2014-11-17,48250.0
2014-11-18,47880.0
2014-11-19,47680.0
2014-11-20,47860.0
2014-11-21,47870.0
2014-11-24,48240.0
2014-11-25,47990.0
2014-11-26,47630.0
2014-11-27,47470.0
2014-11-28,46990.0
2014-12-01,45350.0
2014-12-02,46290.0
2014-12-03,46240.0
2014-12-04,46470.0
2014-12-05,46800.0
2014-12-08,46810.0
2014-12-09,46460.0
2014-12-10,46960.0
2014-12-11,46940.0
2014-12-12,47100.0
2014-12-15,47620.0
2014-12-16,46420.0
2014-12-17,46080.0
2014-12-18,46070.0
2014-12-19,46140.0
2014-12-22,46600.0
2014-12-23,46480.0
2014-12-24,46400.0
2014-12-25,46410.0
2014-12-26,46390.0
2014-12-29,46110.0
2014-12-30,46190.0
2014-12-31,46560.0
2015-01-05,46100.0
2015-01-06,45560.0
2015-01-07,45530.0
2015-01-08,45580.0
2015-01-09,45360.0
2015-01-12,44980.0
2015-01-13,44290.0
2015-01-14,42540.0
2015-01-15,40870.0
2015-01-16,41270.0
2015-01-19,41760.0
2015-01-20,41560.0
2015-01-21,41530.0
2015-01-22,41820.0
2015-01-23,41350.0
2015-01-26,40030.0
2015-01-27,40660.0
2015-01-28,40170.0
2015-01-29,40030.0
2015-01-30,39730.0
2015-02-02,40410.0
2015-02-03,40800.0
2015-02-04,41580.0
2015-02-05,41300.0
2015-02-06,41670.0
2015-02-09,41310.0
2015-02-10,41300.0
2015-02-11,41180.0
2015-02-12,41140.0
2015-02-13,41880.0
2015-02-16,41970.0
2015-02-17,42150.0
2015-02-25,42150.0
2015-02-26,42440.0
2015-02-27,42840.0
2015-03-02,43070.0
2015-03-03,42780.0
2015-03-04,42610.0
2015-03-05,42560.0
2015-03-06,42410.0
2015-03-09,42050.0
2015-03-10,42520.0
2015-03-11,42210.0
2015-03-12,42090.0
2015-03-13,42640.0
2015-03-16,42460.0
2015-03-17,42540.0
2015-03-18,42130.0
2015-03-19,41680.0
2015-03-20,42180.0
2015-03-23,43440.0
2015-03-24,43920.0
2015-03-25,43660.0
2015-03-26,43910.0
2015-03-27,43820.0
2015-03-30,43740.0
2015-03-31,43760.0
2015-04-01,43440.0
2015-04-02,43450.0
2015-04-03,43450.0
2015-04-07,43550.0
2015-04-08,43570.0
2015-04-09,43350.0
2015-04-10,43530.0
2015-04-13,43690.0
2015-04-14,43380.0
2015-04-15,43080.0
2015-04-16,43350.0
2015-04-17,43810.0
2015-04-20,43920.0
2015-04-21,43460.0
2015-04-22,43350.0
2015-04-23,43160.0
2015-04-24,43420.0
2015-04-27,43890.0
2015-04-28,44050.0
2015-04-29,44020.0
2015-04-30,44300.0
2015-05-04,45650.0
2015-05-05,45830.0
2015-05-06,46180.0
2015-05-07,45930.0
2015-05-08,45970.0
2015-05-11,45810.0
2015-05-12,45810.0
2015-05-13,46100.0
2015-05-14,45990.0
2015-05-15,45860.0
2015-05-18,46030.0
2015-05-19,45850.0
2015-05-20,45020.0
2015-05-21,45100.0
2015-05-22,45190.0
2015-05-25,44710.0
2015-05-26,44920.0
2015-05-27,44440.0
2015-05-28,44310.0
2015-05-29,44400.0
2015-06-01,43890.0
2015-06-02,43730.0
2015-06-03,43870.0
2015-06-04,43620.0
2015-06-05,43130.0
2015-06-08,43290.0
2015-06-09,43360.0
2015-06-10,43480.0
2015-06-11,43720.0
2015-06-12,43000.0
2015-06-15,42830.0
2015-06-16,42320.0
2015-06-17,41990.0
2015-06-18,42110.0
2015-06-19,42020.0
2015-06-23,42010.0
2015-06-24,42150.0
2015-06-25,42070.0
2015-06-26,42170.0
2015-06-29,42430.0
2015-06-30,42490.0
2015-07-01,42300.0
2015-07-02,42490.0
2015-07-03,42570.0
2015-07-06,41790.0
2015-07-07,40910.0
2015-07-08,39160.0
2015-07-09,40930.0
2015-07-10,41360.0
2015-07-13,40840.0
2015-07-14,41180.0
2015-07-15,41330.0
2015-07-16,40770.0
2015-07-17,40780.0
2015-07-20,40190.0
2015-07-21,40300.0
2015-07-22,39920.0
2015-07-23,39410.0
2015-07-24,38700.0
2015-07-27,38830.0
2015-07-28,38520.0
2015-07-29,39400.0
2015-07-30,39220.0
2015-07-31,38910.0
2015-08-03,38690.0
2015-08-04,38480.0
2015-08-05,38550.0
2015-08-06,38550.0
2015-08-07,38300.0
2015-08-10,38340.0
2015-08-11,39480.0
2015-08-12,39290.0
2015-08-13,39710.0
2015-08-14,39560.0
2015-08-17,39190.0
2015-08-18,39130.0
2015-08-19,38700.0
2015-08-20,38760.0
2015-08-21,39160.0
2015-08-24,38500.0
2015-08-25,38840.0
2015-08-26,39310.0
2015-08-27,38880.0
2015-08-28,39440.0
2015-08-31,39400.0
2015-09-01,39390.0
2015-09-02,39240.0
2015-09-07,39440.0
2015-09-08,39550.0
2015-09-09,40870.0
2015-09-10,40970.0
2015-09-11,41160.0
2015-09-14,40980.0
2015-09-15,40620.0
2015-09-16,40680.0
2015-09-17,41090.0
2015-09-18,40890.0
2015-09-21,40200.0
2015-09-22,40180.0
2015-09-23,38800.0
2015-09-24,38940.0
2015-09-25,39050.0
2015-09-28,38830.0
2015-09-29,38030.0
2015-09-30,38310.0
2015-10-08,39410.0
2015-10-09,39700.0
2015-10-12,40180.0
2015-10-13,39750.0
2015-10-14,39750.0
2015-10-15,40050.0
2015-10-16,39900.0
2015-10-19,39550.0
2015-10-20,39180.0
2015-10-21,39100.0
2015-10-22,39170.0
2015-10-23,39540.0
2015-10-26,39160.0
2015-10-27,39120.0
2015-10-28,39110.0
2015-10-29,39090.0
2015-10-30,38800.0
2015-11-02,38620.0
2015-11-03,38650.0
2015-11-04,38720.0
2015-11-05,38650.0
2015-11-06,38060.0
2015-11-09,37930.0
2015-11-10,37470.0
2015-11-11,37360.0
2015-11-12,37290.0
2015-11-13,36430.0
2015-11-16,36150.0
2015-11-17,35200.0
2015-11-18,34940.0
2015-11-19,34720.0
2015-11-20,34820.0
2015-11-23,33990.0
2015-11-24,33630.0
2015-11-25,34510.0
2015-11-26,35120.0
2015-11-27,35240.0
2015-11-30,34830.0
2015-12-01,35140.0
2015-12-02,35310.0
2015-12-03,34910.0
2015-12-04,34820.0
2015-12-07,35410.0
2015-12-08,34990.0
2015-12-09,35190.0
2015-12-10,35280.0
2015-12-11,35580.0
2015-12-14,36360.0
2015-12-15,36240.0
2015-12-16,35530.0
2015-12-17,35530.0
2015-12-18,35510.0
2015-12-21,36100.0
2015-12-22,36390.0
2015-12-23,36280.0
2015-12-24,36410.0
2015-12-25,36390.0
2015-12-28,36240.0
2015-12-29,36120.0
2015-12-30,36650.0
2015-12-31,36740.0
2016-01-04,36270.0
2016-01-05,36330.0
2016-01-06,36450.0
2016-01-07,36380.0
2016-01-08,35940.0
2016-01-11,35510.0
2016-01-12,35060.0
2016-01-13,34870.0
2016-01-14,34730.0
2016-01-15,34900.0
2016-01-18,34890.0
2016-01-19,35130.0
2016-01-20,35110.0
2016-01-21,35000.0
2016-01-22,35170.0
2016-01-25,35020.0
2016-01-26,34990.0
2016-01-27,35480.0
2016-01-28,35610.0
2016-01-29,35500.0
2016-02-01,35390.0
2016-02-02,35410.0
2016-02-03,35330.0
2016-02-04,35920.0
2016-02-05,36030.0
2016-02-15,35420.0
2016-02-16,35700.0
2016-02-17,35550.0
2016-02-18,35600.0
2016-02-19,35640.0
2016-02-22,35980.0
2016-02-23,36140.0
2016-02-24,35860.0
2016-02-25,35950.0
2016-02-26,35710.0
2016-02-29,35910.0
2016-03-01,35720.0
2016-03-02,36270.0
2016-03-03,36650.0
2016-03-04,37210.0
2016-03-07,37810.0
2016-03-08,37470.0
2016-03-09,36860.0
2016-03-10,37050.0
2016-03-11,37110.0
2016-03-14,37450.0
2016-03-15,36940.0
2016-03-16,37230.0
2016-03-17,37620.0
2016-03-18,38190.0
2016-03-21,38060.0
2016-03-22,38080.0
2016-03-23,38110.0
2016-03-24,37510.0
2016-03-25,37580.0
2016-03-28,37630.0
2016-03-29,37620.0
2016-03-30,37270.0
2016-03-31,36840.0
2016-04-01,36980.0
2016-04-05,36680.0
2016-04-06,36690.0
2016-04-07,36710.0
2016-04-08,35870.0
2016-04-11,35890.0
2016-04-12,35810.0
2016-04-13,36710.0
2016-04-14,36690.0
2016-04-15,36780.0
2016-04-18,36770.0
2016-04-19,36860.0
2016-04-20,37320.0
2016-04-21,37680.0
2016-04-22,37820.0
2016-04-25,38130.0
2016-04-26,37690.0
2016-04-27,37590.0
2016-04-28,37160.0
2016-04-29,37430.0
2016-05-03,37470.0
2016-05-04,37140.0
2016-05-05,36880.0
2016-05-06,36470.0
2016-05-09,36030.0
2016-05-10,35790.0
2016-05-11,35780.0
2016-05-12,35960.0
2016-05-13,35310.0
2016-05-16,35270.0
2016-05-17,35710.0
2016-05-18,35540.0
2016-05-19,35320.0
2016-05-20,35240.0
2016-05-23,35110.0
2016-05-24,35190.0
2016-05-25,35500.0
2016-05-26,35830.0
2016-05-27,35810.0
2016-05-30,35700.0
2016-05-31,35770.0
2016-06-01,35370.0
2016-06-02,35320.0
2016-06-03,35510.0
2016-06-06,36160.0
2016-06-07,35990.0
2016-06-08,35470.0
2016-06-13,35460.0
2016-06-14,35460.0
2016-06-15,35370.0
2016-06-16,35710.0
2016-06-17,35420.0
2016-06-20,35530.0
2016-06-21,35690.0
2016-06-22,35900.0
2016-06-23,36170.0
2016-06-24,36200.0
2016-06-27,36370.0
2016-06-28,36830.0
2016-06-29,37110.0
2016-06-30,37430.0
2016-07-01,37360.0
2016-07-04,38030.0
2016-07-05,37620.0
2016-07-06,37320.0
2016-07-07,37050.0
2016-07-08,36590.0
2016-07-11,36820.0
2016-07-12,37010.0
2016-07-13,38370.0
2016-07-14,38310.0
2016-07-15,38220.0
2016-07-18,38070.0
2016-07-19,38210.0
2016-07-20,38320.0
2016-07-21,38400.0
2016-07-22,38350.0
2016-07-25,38100.0
2016-07-26,37740.0
2016-07-27,37820.0
2016-07-28,37680.0
2016-07-29,37730.0
2016-08-01,37870.0
2016-08-02,37760.0
2016-08-03,37780.0
2016-08-04,37540.0
2016-08-05,37470.0
2016-08-08,37440.0
2016-08-09,37280.0
2016-08-10,37240.0
2016-08-11,37360.0
2016-08-12,37380.0
2016-08-15,37040.0
2016-08-16,37080.0
2016-08-17,37200.0
2016-08-18,37170.0
2016-08-19,37230.0
2016-08-22,37180.0
2016-08-23,37080.0
2016-08-24,36770.0
2016-08-25,36310.0
2016-08-26,36340.0
2016-08-29,36370.0
2016-08-30,36390.0
2016-08-31,36270.0
2016-09-01,36420.0
2016-09-02,36500.0
2016-09-05,36540.0
2016-09-06,36500.0
2016-09-07,36670.0
2016-09-08,36620.0
2016-09-09,36610.0
2016-09-12,36340.0
2016-09-13,36520.0
2016-09-14,36660.0
2016-09-19,37070.0
2016-09-20,37200.0
2016-09-21,37280.0
2016-09-22,37500.0
2016-09-23,37710.0
2016-09-26,37720.0
2016-09-27,37580.0
2016-09-28,37440.0
2016-09-29,37800.0
2016-09-30,37670.0
2016-10-10,37540.0
2016-10-11,37980.0
2016-10-12,37920.0
2016-10-13,37850.0
2016-10-14,37480.0
2016-10-17,37330.0
2016-10-18,37300.0
2016-10-19,37260.0
2016-10-20,37270.0
2016-10-21,37150.0
2016-10-24,37320.0
2016-10-25,37860.0
2016-10-26,37920.0
2016-10-27,37830.0
2016-10-28,38190.0
2016-10-31,38420.0
2016-11-01,38680.0
2016-11-02,38740.0
2016-11-03,38810.0
2016-11-04,39130.0
2016-11-07,39880.0
2016-11-08,40360.0
2016-11-09,41470.0
2016-11-10,43460.0
2016-11-11,45390.0
2016-11-14,45770.0
2016-11-15,45360.0
2016-11-16,44190.0
2016-11-17,43810.0
2016-11-18,44040.0
2016-11-21,44590.0
2016-11-22,45690.0
2016-11-23,45720.0
2016-11-24,47560.0
2016-11-25,48030.0
2016-11-28,48670.0
2016-11-29,47520.0
2016-11-30,46060.0
2016-12-01,46850.0
2016-12-02,46290.0
2016-12-05,46890.0
2016-12-06,47510.0
2016-12-07,47590.0
2016-12-08,46980.0
2016-12-09,46840.0
2016-12-12,47420.0
2016-12-13,46580.0
2016-12-14,46180.0
2016-12-15,46500.0
2016-12-16,46570.0
2016-12-19,45880.0
2016-12-20,44860.0
2016-12-21,45110.0
2016-12-22,44690.0
2016-12-23,44750.0
2016-12-26,43950.0
2016-12-27,44310.0
2016-12-28,45430.0
2016-12-29,45320.0
2016-12-30,45210.0
2017-01-03,45780.0
2017-01-04,45000.0
2017-01-05,45560.0
2017-01-06,45160.0
2017-01-09,45330.0
2017-01-10,45530.0
2017-01-11,46660.0
2017-01-12,46690.0
2017-01-13,47240.0
2017-01-16,47590.0
2017-01-17,47040.0
2017-01-18,46350.0
2017-01-19,46530.0
2017-01-20,46340.0
2017-01-23,46780.0
2017-01-24,46810.0
2017-01-25,47480.0
2017-01-26,47660.0
2017-02-03,46720.0
2017-02-06,46480.0
2017-02-07,46690.0
2017-02-08,47150.0
2017-02-09,47250.0
2017-02-10,47010.0
2017-02-13,49320.0
2017-02-14,49400.0
2017-02-15,48490.0
2017-02-16,48780.0
2017-02-17,48400.0
2017-02-20,48280.0
2017-02-21,48850.0
2017-02-22,48630.0
2017-02-23,48320.0
2017-02-24,47460.0
2017-02-27,47700.0
2017-02-28,47640.0
2017-03-01,48150.0
2017-03-02,48430.0
2017-03-03,47860.0
2017-03-06,47900.0
2017-03-07,47430.0
2017-03-08,46990.0
2017-03-09,46480.0
2017-03-10,46220.0
2017-03-13,46690.0
2017-03-14,46840.0
2017-03-15,47020.0
2017-03-16,47770.0
2017-03-17,47690.0
2017-03-20,47810.0
2017-03-21,47330.0
2017-03-22,46580.0
2017-03-23,46830.0
2017-03-24,46820.0
2017-03-27,46230.0
2017-03-28,46260.0
2017-03-29,47140.0
2017-03-30,47220.0
2017-03-31,47510.0
2017-04-05,47150.0
2017-04-06,47640.0
2017-04-07,47400.0
2017-04-10,46960.0
2017-04-11,46610.0
2017-04-12,46420.0
2017-04-13,45870.0
2017-04-14,45830.0
2017-04-17,46240.0
2017-04-18,46170.0
2017-04-19,45630.0
2017-04-20,45380.0
2017-04-21,45730.0
2017-04-24,45740.0
2017-04-25,45900.0
2017-04-26,46180.0
2017-04-27,46200.0
2017-04-28,46190.0
2017-05-02,46760.0
2017-05-03,46540.0
2017-05-04,45460.0
2017-05-05,45070.0
2017-05-08,44910.0
2017-05-09,44690.0
2017-05-10,44840.0
2017-05-11,44880.0
2017-05-12,44930.0
2017-05-15,45170.0
2017-05-16,45230.0
2017-05-17,45370.0
2017-05-18,45050.0
2017-05-19,45160.0
2017-05-22,45760.0
2017-05-23,45880.0
2017-05-24,45790.0
2017-05-25,45870.0
2017-05-26,45920.0
2017-05-31,45500.0
2017-06-01,45250.0
2017-06-02,45280.0
2017-06-05,45200.0
2017-06-06,45070.0
2017-06-07,44970.0
2017-06-08,44990.0
2017-06-09,45630.0
2017-06-12,46150.0
2017-06-13,45890.0
2017-06-14,45600.0
2017-06-15,45360.0
2017-06-16,45530.0
2017-06-19,45510.0
2017-06-20,45790.0
2017-06-21,45420.0
2017-06-22,45900.0
2017-06-23,46090.0
2017-06-26,46420.0
2017-06-27,46460.0
2017-06-28,46700.0
2017-06-29,47170.0
2017-06-30,47280.0
2017-07-03,47250.0
2017-07-04,46940.0
2017-07-05,47010.0
2017-07-06,46680.0
2017-07-07,46720.0
2017-07-10,46690.0
2017-07-11,46640.0
2017-07-12,47060.0
2017-07-13,46980.0
2017-07-14,46850.0
2017-07-17,47330.0
2017-07-18,47700.0
2017-07-19,47670.0
2017-07-20,47640.0
2017-07-21,47720.0
2017-07-24,47760.0
2017-07-25,48150.0
2017-07-26,49680.0
2017-07-27,49970.0
2017-07-28,49820.0
2017-07-31,50230.0
2017-08-01,50180.0
2017-08-02,49880.0
2017-08-03,50090.0
2017-08-04,50120.0
2017-08-07,50060.0
2017-08-08,50410.0
2017-08-09,50770.0
2017-08-10,50520.0
2017-08-11,49760.0
2017-08-14,49970.0
2017-08-15,49950.0
2017-08-16,49990.0
2017-08-17,51110.0
2017-08-18,50730.0
2017-08-21,51050.0
2017-08-22,51550.0
2017-08-23,51410.0
2017-08-24,51640.0
2017-08-25,52330.0
2017-08-28,52430.0
2017-08-29,52590.0
2017-08-30,52610.0
2017-08-31,52580.0
2017-09-01,52600.0
2017-09-04,52980.0
2017-09-05,53220.0
2017-09-06,52960.0
2017-09-07,52850.0
2017-09-08,52270.0
2017-09-11,51200.0
2017-09-12,51410.0
2017-09-13,51070.0
2017-09-14,50420.0
2017-09-15,50220.0
2017-09-18,50370.0
2017-09-19,50670.0
2017-09-20,50690.0
2017-09-21,50240.0
2017-09-22,49710.0
2017-09-25,50180.0
2017-09-26,50510.0
2017-09-27,50340.0
2017-09-28,50360.0
2017-09-29,51260.0
2017-10-09,52100.0
2017-10-10,52130.0
2017-10-11,52370.0
2017-10-12,53390.0
2017-10-13,53790.0
2017-10-16,54020.0
2017-10-17,55370.0
2017-10-18,54970.0
2017-10-19,54790.0
2017-10-20,54850.0
2017-10-23,54720.0
2017-10-24,55520.0
2017-10-25,55040.0
2017-10-26,54980.0
2017-10-27,54440.0
2017-10-30,53630.0
2017-10-31,53730.0
2017-11-01,54430.0
2017-11-02,54160.0
2017-11-03,54390.0
2017-11-06,54300.0
2017-11-07,54470.0
2017-11-08,53650.0
2017-11-09,53450.0
2017-11-10,53450.0
2017-11-13,53450.0
2017-11-14,53870.0
2017-11-15,52820.0
2017-11-16,52890.0
2017-11-17,52890.0
2017-11-20,52950.0
2017-11-21,53270.0
2017-11-22,53910.0
2017-11-23,53910.0
2017-11-24,54100.0
2017-11-27,54150.0
2017-11-28,53480.0
2017-11-29,53160.0
2017-11-30,52680.0
2017-12-01,52750.0
2017-12-04,53320.0
2017-12-05,53000.0
2017-12-06,51410.0
2017-12-07,51370.0
2017-12-08,51420.0
2017-12-11,51470.0
2017-12-12,51810.0
2017-12-13,51940.0
2017-12-14,52240.0
2017-12-15,52510.0
2017-12-18,53410.0
2017-12-19,53420.0
2017-12-20,53530.0
2017-12-21,54120.0
2017-12-22,54160.0
2017-12-25,54730.0
2017-12-26,54700.0
2017-12-27,54910.0
2017-12-28,55260.0
2017-12-29,55430.0
2018-01-02,54920.0
2018-01-03,54710.0
2018-01-04,54730.0
2018-01-05,54720.0
2018-01-08,54280.0
2018-01-09,54440.0
2018-01-10,54510.0
2018-01-11,54690.0
2018-01-12,54310.0
2018-01-15,54320.0
2018-01-16,54420.0
2018-01-17,53690.0
2018-01-18,53590.0
2018-01-19,53560.0
2018-01-22,53500.0
2018-01-23,53490.0
2018-01-24,52630.0
2018-01-25,53470.0
2018-01-26,53380.0
2018-01-29,53370.0
2018-01-30,53040.0
2018-01-31,52880.0
2018-02-01,52880.0
2018-02-02,53030.0
2018-02-05,52720.0
2018-02-06,52630.0
2018-02-07,52630.0
2018-02-08,51660.0
2018-02-09,51240.0
2018-02-12,51250.0
2018-02-13,51710.0
2018-02-14,52360.0
2018-02-22,52520.0
2018-02-23,53290.0
2018-02-26,53190.0
2018-02-27,53070.0
2018-02-28,52490.0
2018-03-01,52120.0
2018-03-02,52060.0
2018-03-05,51860.0
2018-03-06,51980.0
2018-03-07,52050.0
2018-03-08,51730.0
2018-03-09,51020.0
2018-03-12,51530.0
2018-03-13,51310.0
2018-03-14,51520.0
2018-03-15,51670.0
2018-03-16,51690.0
2018-03-19,51200.0
2018-03-20,51100.0
2018-03-21,50590.0
2018-03-22,50860.0
2018-03-23,49970.0
2018-03-26,49140.0
2018-03-27,49360.0
2018-03-28,49230.0
2018-03-29,49620.0
2018-03-30,49980.0
2018-04-02,50250.0
2018-04-03,50480.0
2018-04-04,50460.0
2018-04-09,50370.0
2018-04-10,50960.0
2018-04-11,51170.0
2018-04-12,50670.0
2018-04-13,50530.0
2018-04-16,50410.0
2018-04-17,50700.0
2018-04-18,50680.0
2018-04-19,51650.0
2018-04-20,51220.0
2018-04-23,51550.0
2018-04-24,51280.0
2018-04-25,51490.0
2018-04-26,51460.0
2018-04-27,51370.0
2018-05-02,50810.0
2018-05-03,50780.0
2018-05-04,50950.0
2018-05-07,50900.0
2018-05-08,50980.0
2018-05-09,50600.0
2018-05-10,50780.0
2018-05-11,51080.0
2018-05-14,51190.0
2018-05-15,50910.0
2018-05-16,50780.0
2018-05-17,50920.0
2018-05-18,51050.0
2018-05-21,51170.0
2018-05-22,51290.0
2018-05-23,51660.0
2018-05-24,51190.0
2018-05-25,51350.0
2018-05-28,51290.0
2018-05-29,51410.0
2018-05-30,51080.0
2018-05-31,51110.0
2018-06-01,51220.0
2018-06-04,51750.0
2018-06-05,51870.0
2018-06-06,52620.0
2018-06-07,53630.0
2018-06-08,53540.0
2018-06-11,53800.0
2018-06-12,53520.0
2018-06-13,53250.0
2018-06-14,53350.0
2018-06-15,53090.0
2018-06-19,52220.0
2018-06-20,51690.0
2018-06-21,51620.0
2018-06-22,51570.0
2018-06-25,51760.0
2018-06-26,51370.0
2018-06-27,51430.0
2018-06-28,51570.0
2018-06-29,51320.0
2018-07-02,51190.0
2018-07-03,51200.0
2018-07-04,50610.0
2018-07-05,49520.0
2018-07-06,49010.0
2018-07-09,49570.0
2018-07-10,49570.0
2018-07-11,47990.0
2018-07-12,48440.0
2018-07-13,48490.0
2018-07-16,48680.0
2018-07-17,48740.0
2018-07-18,48380.0
2018-07-19,48640.0
2018-07-20,48290.0
2018-07-23,48770.0
2018-07-24,49170.0
2018-07-25,49910.0
2018-07-26,49910.0
2018-07-27,49950.0
2018-07-30,49740.0
2018-07-31,49690.0
2018-08-01,49820.0
2018-08-02,49090.0
2018-08-03,49140.0
2018-08-06,49220.0
2018-08-07,49290.0
2018-08-08,49440.0
2018-08-09,49600.0
2018-08-10,49620.0
2018-08-13,49550.0
2018-08-14,49480.0
2018-08-15,48680.0
2018-08-16,47730.0
2018-08-17,47870.0
2018-08-20,48200.0
2018-08-21,48510.0
2018-08-22,48560.0
2018-08-23,48190.0
2018-08-24,48410.0
2018-08-27,48750.0
2018-08-28,48570.0
2018-08-29,48930.0
2018-08-30,48710.0
2018-08-31,48580.0
2018-09-03,48170.0
2018-09-04,48030.0
2018-09-05,47420.0
2018-09-06,47740.0
2018-09-07,47820.0
2018-09-10,47760.0
2018-09-11,47930.0
2018-09-12,47860.0
2018-09-13,48620.0
2018-09-14,48770.0
2018-09-17,48380.0
2018-09-18,48620.0
2018-09-19,49660.0
2018-09-20,49630.0
2018-09-21,49880.0
2018-09-25,50410.0
2018-09-26,50700.0
2018-09-27,50500.0
2018-09-28,50240.0
2018-10-08,50220.0
2018-10-09,50510.0
2018-10-10,50910.0
2018-10-11,50130.0
2018-10-12,50610.0
2018-10-15,50810.0
2018-10-16,50510.0
2018-10-17,50230.0
2018-10-18,50280.0
2018-10-19,50080.0
2018-10-22,50450.0
2018-10-23,50330.0
2018-10-24,50090.0
2018-10-25,49680.0
2018-10-26,49930.0
2018-10-29,49830.0
2018-10-30,49680.0
2018-10-31,49120.0
2018-11-01,48720.0
2018-11-02,49340.0
2018-11-05,49890.0
2018-11-06,49630.0
2018-11-07,49460.0
2018-11-08,49500.0
2018-11-09,49340.0
2018-11-12,49030.0
2018-11-13,48830.0
2018-11-14,48840.0
2018-11-15,49030.0
2018-11-16,49530.0
2018-11-19,49630.0
2018-11-20,49710.0
2018-11-21,49350.0
2018-11-22,49530.0
2018-11-23,49620.0
2018-11-26,49330.0
2018-11-27,49130.0
2018-11-28,49040.0
2018-11-29,49550.0
2018-11-30,49600.0
2018-12-03,50160.0
2018-12-04,49790.0
2018-12-05,49280.0
2018-12-06,49080.0
2018-12-07,49120.0
2018-12-10,49030.0
2018-12-11,49090.0
2018-12-12,49170.0
2018-12-13,49200.0
2018-12-14,49070.0
2018-12-17,49050.0
2018-12-18,48970.0
2018-12-19,48360.0
2018-12-20,48160.0
2018-12-21,48320.0
2018-12-24,48210.0
2018-12-25,47880.0
2018-12-26,47970.0
2018-12-27,48400.0
2018-12-28,48190.0
2019-01-02,47870.0
2019-01-03,47280.0
2019-01-04,46830.0
2019-01-07,47380.0
2019-01-08,47350.0
2019-01-09,47600.0
2019-01-10,47460.0
2019-01-11,47180.0
2019-01-14,47000.0
2019-01-15,46880.0
2019-01-16,47170.0
2019-01-17,47360.0
2019-01-18,47670.0
2019-01-21,47870.0
2019-01-22,47570.0
2019-01-23,47470.0
2019-01-24,47350.0
2019-01-25,47300.0
2019-01-28,47590.0
2019-01-29,47420.0
2019-01-30,47630.0
2019-01-31,47890.0
2019-02-01,47930.0
2019-02-11,48150.0
2019-02-12,48050.0
2019-02-13,47870.0
2019-02-14,47970.0
2019-02-15,48000.0
2019-02-18,48650.0
2019-02-19,49130.0
2019-02-20,49420.0
2019-02-21,49570.0
2019-02-22,49530.0
2019-02-25,50110.0
2019-02-26,49950.0
2019-02-27,49960.0
2019-02-28,50050.0
2019-03-01,50030.0
2019-03-04,50060.0
2019-03-05,49960.0
2019-03-06,49920.0
2019-03-07,49870.0
2019-03-08,49710.0
2019-03-11,49650.0
2019-03-12,49820.0
2019-03-13,49920.0
2019-03-14,49920.0
2019-03-15,49660.0
2019-03-18,49090.0
2019-03-19,49100.0
2019-03-20,49110.0
2019-03-21,49200.0
2019-03-22,48900.0
2019-03-25,48260.0
2019-03-26,48140.0
2019-03-27,48270.0
2019-03-28,48240.0
2019-03-29,48540.0
2019-04-01,49200.0
2019-04-02,49120.0
2019-04-03,49150.0
2019-04-04,49390.0
2019-04-08,49180.0
2019-04-09,49350.0
2019-04-10,49360.0
2019-04-11,49160.0
2019-04-12,48980.0
2019-04-15,49300.0
2019-04-16,49360.0
2019-04-17,49480.0
2019-04-18,49630.0
2019-04-19,49380.0
2019-04-22,49350.0
2019-04-23,49150.0
2019-04-24,49000.0
2019-04-25,49190.0
2019-04-26,48850.0
2019-04-29,48840.0
2019-04-30,48880.0
2019-05-06,47890.0
2019-05-07,48300.0
2019-05-08,47890.0
2019-05-09,47570.0
2019-05-10,47810.0
2019-05-13,47590.0
2019-05-14,47430.0
2019-05-15,47480.0
2019-05-16,47730.0
2019-05-17,47820.0
2019-05-20,47700.0
2019-05-21,47700.0
2019-05-22,47340.0
2019-05-23,46750.0
2019-05-24,46950.0
2019-05-27,47110.0
2019-05-28,47190.0
2019-05-29,46930.0
2019-05-30,46590.0
2019-05-31,46370.0
2019-06-03,46130.0
2019-06-04,46240.0
2019-06-05,46480.0
2019-06-06,45980.0
2019-06-10,46190.0
2019-06-11,46640.0
2019-06-12,46530.0
2019-06-13,46270.0
2019-06-14,46370.0
2019-06-17,46040.0
2019-06-18,46270.0
2019-06-19,46790.0
2019-06-20,46810.0
2019-06-21,46830.0
2019-06-24,46780.0
2019-06-25,46890.0
2019-06-26,47240.0
2019-06-27,47050.0
2019-06-28,46970.0
2019-07-01,47250.0
2019-07-02,46630.0
2019-07-03,46300.0
2019-07-04,46400.0
2019-07-05,46320.0
2019-07-08,46320.0
2019-07-09,46140.0
2019-07-10,45870.0
2019-07-11,46420.0
2019-07-12,46560.0
2019-07-15,46570.0
2019-07-16,46860.0
2019-07-17,46870.0
2019-07-18,46730.0
2019-07-19,47500.0
2019-07-22,47670.0
2019-07-23,47280.0
2019-07-24,46960.0
2019-07-25,46980.0
2019-07-26,46980.0
2019-07-29,46850.0
2019-07-30,47180.0
2019-07-31,46800.0
2019-08-01,46580.0
2019-08-02,46360.0
2019-08-05,45900.0
2019-08-06,46050.0
2019-08-07,46030.0
2019-08-08,46340.0
2019-08-09,46500.0
2019-08-12,46540.0
2019-08-13,46490.0
2019-08-14,46560.0
2019-08-15,46250.0
2019-08-16,46390.0
2019-08-19,46430.0
2019-08-20,46590.0
2019-08-21,46340.0
2019-08-22,46320.0
2019-08-23,46270.0
2019-08-26,46010.0
2019-08-27,46340.0
2019-08-28,46520.0
2019-08-29,46520.0
2019-08-30,46650.0
2019-09-02,46580.0
2019-09-03,46380.0
2019-09-04,46200.0
2019-09-05,46950.0
2019-09-06,47400.0
2019-09-09,47260.0
2019-09-10,47340.0
2019-09-11,47180.0
2019-09-12,47290.0
2019-09-16,47730.0
2019-09-17,47380.0
2019-09-18,47310.0
2019-09-19,47190.0
2019-09-20,47180.0
2019-09-23,47080.0
2019-09-24,47140.0
2019-09-25,47050.0
2019-09-26,47120.0
2019-09-27,46840.0
2019-09-30,47140.0
2019-10-08,46890.0
2019-10-09,46660.0
2019-10-10,46590.0
2019-10-11,46910.0
2019-10-14,46980.0
2019-10-15,46900.0
2019-10-16,46840.0
2019-10-17,46610.0
2019-10-18,46660.0
2019-10-21,47050.0
2019-10-22,47090.0
2019-10-23,46980.0
2019-10-24,47260.0
2019-10-25,47280.0
2019-10-28,47390.0
2019-10-29,47330.0
2019-10-30,47400.0
2019-10-31,47240.0
2019-11-01,46940.0
2019-11-04,46970.0
2019-11-05,47100.0
2019-11-06,47240.0
2019-11-07,47050.0
2019-11-08,47260.0
2019-11-11,47080.0
2019-11-12,47060.0
2019-11-13,46920.0
2019-11-14,46880.0
2019-11-15,46790.0
2019-11-18,46860.0
2019-11-19,46820.0
2019-11-20,47050.0
2019-11-21,47010.0
2019-11-22,46850.0
2019-11-25,47010.0
2019-11-26,47000.0
2019-11-27,47200.0
2019-11-28,47270.0
2019-11-29,47200.0
2019-12-02,47200.0
2019-12-03,47030.0
2019-12-04,46930.0
2019-12-05,47090.0
2019-12-06,47210.0
2019-12-09,47890.0
2019-12-10,48390.0
2019-12-11,48540.0
2019-12-12,48890.0
2019-12-13,48860.0
2019-12-16,48620.0
2019-12-17,49060.0
2019-12-18,48960.0
2019-12-19,48900.0
2019-12-20,49100.0
2019-12-23,48880.0
2019-12-24,49130.0
2019-12-25,49390.0
2019-12-26,49450.0
2019-12-27,49530.0
2019-12-30,49320.0
2019-12-31,49150.0
2020-01-02,49130.0
2020-01-03,48850.0
2020-01-06,48610.0
2020-01-07,48690.0
2020-01-08,48610.0
2020-01-09,48740.0
2020-01-10,48670.0
2020-01-13,48650.0
2020-01-14,48910.0
2020-01-15,49020.0
2020-01-16,49100.0
2020-01-17,49120.0
2020-01-20,48940.0
2020-01-21,48490.0
2020-01-22,48330.0
2020-01-23,48010.0
2020-02-03,44860.0
2020-02-04,44960.0
2020-02-05,45230.0
2020-02-06,45800.0
2020-02-07,45560.0
2020-02-10,45310.0
2020-02-11,45420.0
2020-02-12,45430.0
2020-02-13,45510.0
2020-02-14,45640.0
2020-02-17,45750.0
2020-02-18,46140.0
2020-02-19,46220.0
2020-02-20,46220.0
2020-02-21,46060.0
2020-02-24,45720.0
2020-02-25,45690.0
2020-02-26,45510.0
2020-02-27,45350.0
2020-02-28,44670.0
2020-03-02,44890.0
2020-03-03,45430.0
2020-03-04,45100.0
2020-03-05,45160.0
2020-03-06,44780.0
2020-03-09,43570.0
2020-03-10,44170.0
2020-03-11,44220.0
2020-03-12,43170.0
2020-03-13,42950.0
2020-03-16,43080.0
2020-03-17,42360.0
2020-03-18,41240.0
2020-03-19,37970.0
2020-03-20,38230.0
2020-03-23,36580.0
2020-03-24,38030.0
2020-03-25,38800.0
2020-03-26,38990.0
2020-03-27,38980.0
2020-03-30,38640.0
2020-03-31,39300.0
2020-04-01,39300.0
2020-04-02,39200.0
2020-04-03,39740.0
2020-04-07,40710.0
2020-04-08,40720.0
2020-04-09,40870.0
2020-04-10,41100.0
2020-04-13,41850.0
2020-04-14,41890.0
2020-04-15,41730.0
2020-04-16,41580.0
2020-04-17,42290.0
2020-04-20,42520.0
2020-04-21,41850.0
2020-04-22,40980.0
2020-04-23,41860.0
2020-04-24,41940.0
2020-04-27,42650.0
2020-04-28,42360.0
2020-04-29,42650.0
2020-04-30,42920.0
2020-05-06,42720.0
2020-05-07,42920.0
2020-05-08,43530.0
2020-05-11,43930.0
2020-05-12,43540.0
2020-05-13,43110.0
2020-05-14,43160.0
2020-05-15,43190.0
2020-05-18,43060.0
2020-05-19,43780.0
2020-05-20,43820.0
2020-05-21,44290.0
2020-05-22,43770.0
2020-05-25,43590.0
2020-05-26,43880.0
2020-05-27,43940.0
2020-05-28,43780.0
2020-05-29,43940.0
2020-06-01,44510.0
2020-06-02,44700.0
2020-06-03,44960.0
2020-06-04,44830.0
2020-06-05,45090.0
2020-06-08,45790.0
2020-06-09,46330.0
2020-06-10,46830.0
2020-06-11,47300.0
2020-06-12,46890.0
2020-06-15,47050.0
2020-06-16,46770.0
2020-06-17,46780.0
2020-06-18,46900.0
2020-06-19,47320.0
2020-06-22,47580.0
2020-06-23,47770.0
2020-06-24,47910.0
2020-06-29,48500.0
2020-06-30,48690.0
2020-07-01,49290.0
2020-07-02,49390.0
2020-07-03,49200.0
2020-07-06,49090.0
2020-07-07,49520.0
2020-07-08,49800.0
2020-07-09,50530.0
2020-07-10,50540.0
2020-07-13,52910.0
2020-07-14,52130.0
2020-07-15,52410.0
2020-07-16,51280.0
2020-07-17,51430.0
2020-07-20,51400.0
2020-07-21,51870.0
2020-07-22,52410.0
2020-07-23,51750.0
2020-07-24,51770.0
2020-07-27,51680.0
2020-07-28,51760.0
2020-07-29,51760.0
2020-07-30,51810.0
2020-07-31,51670.0
2020-08-03,50950.0
2020-08-04,51590.0
2020-08-05,51330.0
2020-08-06,51390.0
2020-08-07,51320.0
2020-08-10,50190.0
2020-08-11,50630.0
2020-08-12,49900.0
2020-08-13,50420.0
2020-08-14,49900.0
2020-08-17,50290.0
2020-08-18,51030.0
2020-08-19,51940.0
2020-08-20,52230.0
2020-08-21,51920.0
2020-08-24,51240.0
2020-08-25,51090.0
2020-08-26,51290.0
2020-08-27,51450.0
2020-08-28,51730.0
2020-08-31,51960.0
2020-09-01,52430.0
2020-09-02,52010.0
2020-09-03,51920.0
2020-09-04,51420.0
2020-09-07,52400.0
2020-09-08,52460.0
2020-09-09,51930.0
2020-09-10,52000.0
2020-09-11,51500.0
2020-09-14,52070.0
2020-09-15,51960.0
2020-09-16,51810.0
2020-09-17,51490.0
2020-09-18,51990.0
2020-09-21,52260.0
2020-09-22,51730.0
2020-09-23,51550.0
2020-09-24,50650.0
2020-09-25,50620.0
2020-09-28,50900.0
2020-09-29,51020.0
2020-09-30,51010.0
2020-10-09,51390.0
2020-10-12,51400.0
2020-10-13,51370.0
2020-10-14,51280.0
2020-10-15,51160.0
2020-10-16,51480.0
2020-10-19,51290.0
2020-10-20,51390.0
2020-10-21,52050.0
2020-10-22,52360.0
2020-10-23,52050.0
2020-10-26,51790.0
2020-10-27,51500.0
2020-10-28,51650.0
2020-10-29,51370.0
2020-10-30,51220.0
2020-11-02,50970.0
2020-11-03,51580.0
2020-11-04,51610.0
2020-11-05,51510.0
2020-11-06,51470.0
2020-11-09,52040.0
2020-11-10,51950.0
2020-11-11,51800.0
2020-11-12,51740.0
2020-11-13,51900.0
2020-11-16,53130.0
2020-11-17,53100.0
2020-11-18,52570.0
2020-11-19,52710.0
2020-11-20,52970.0
2020-11-23,53950.0
2020-11-24,54670.0
2020-11-25,54630.0
2020-11-26,54950.0
2020-11-27,55580.0
2020-11-30,56980.0
2020-12-01,57220.0
2020-12-02,57180.0
2020-12-03,57030.0
2020-12-04,57220.0
2020-12-07,57270.0
2020-12-08,56960.0
2020-12-09,57180.0
2020-12-10,57050.0
2020-12-11,58060.0
2020-12-14,57800.0
2020-12-15,57460.0
2020-12-16,57850.0
2020-12-17,58240.0
2020-12-18,59020.0
2020-12-21,59120.0
2020-12-22,58440.0
2020-12-23,57630.0
2020-12-24,58090.0
2020-12-25,58490.0
2020-12-28,58700.0
2020-12-29,58500.0
2020-12-30,58270.0
2020-12-31,57890.0
2021-01-04,58010.0
2021-01-05,58010.0
2021-01-06,58880.0
2021-01-07,59170.0
2021-01-08,60150.0
2021-01-11,59140.0
2021-01-12,58260.0
2021-01-13,58710.0
2021-01-14,58600.0
2021-01-15,59370.0
2021-01-18,58640.0
2021-01-19,58800.0
2021-01-20,58960.0
2021-01-21,59140.0
2021-01-22,58860.0
2021-01-25,59020.0
2021-01-26,58720.0
2021-01-27,58720.0
2021-01-28,57940.0
2021-01-29,57890.0
2021-02-01,57830.0
2021-02-02,57560.0
2021-02-03,57040.0
2021-02-04,57630.0
2021-02-05,57790.0
2021-02-08,58590.0
2021-02-09,59280.0
2021-02-10,60050.0
2021-02-18,62600.0
2021-02-19,63390.0
2021-02-22,67190.0
2021-02-23,67410.0
2021-02-24,67650.0
2021-02-25,69640.0
2021-02-26,68770.0
2021-03-01,67440.0
2021-03-02,66310.0
2021-03-03,67730.0
2021-03-04,66950.0
2021-03-05,65120.0
2021-03-08,66240.0
2021-03-09,66570.0
2021-03-10,65500.0
2021-03-11,65970.0
2021-03-12,66620.0
2021-03-15,67400.0
2021-03-16,67270.0
2021-03-17,66430.0
2021-03-18,67020.0
2021-03-19,66480.0
2021-03-22,66770.0
2021-03-23,66940.0
2021-03-24,66290.0
2021-03-25,65480.0
2021-03-26,65710.0
2021-03-29,66270.0
2021-03-30,66240.0
2021-03-31,65430.0
2021-04-01,65400.0
2021-04-02,66090.0
2021-04-06,67090.0
2021-04-07,66880.0
2021-04-08,66530.0
2021-04-09,66680.0
2021-04-12,65750.0
2021-04-13,65690.0
2021-04-14,66020.0
2021-04-15,67030.0
2021-04-16,68680.0
2021-04-19,68510.0
2021-04-20,69190.0
2021-04-21,68730.0
2021-04-22,69000.0
2021-04-23,69210.0
2021-04-26,70780.0
2021-04-27,71910.0
2021-04-28,71310.0
2021-04-29,72290.0
2021-04-30,71760.0
2021-05-06,72840.0
2021-05-07,74170.0
2021-05-10,76840.0
2021-05-11,75630.0
2021-05-12,76240.0
2021-05-13,75700.0
2021-05-14,74480.0
2021-05-17,74400.0
2021-05-18,75610.0
2021-05-19,75010.0
2021-05-20,72880.0
2021-05-21,72460.0
2021-05-24,71540.0
2021-05-25,72050.0
2021-05-26,71690.0
2021-05-27,71570.0
2021-05-28,73240.0
2021-05-31,73500.0
2021-06-01,73770.0
2021-06-02,73580.0
2021-06-03,72770.0
2021-06-04,70990.0
2021-06-07,71410.0
2021-06-08,71190.0
2021-06-09,71490.0
2021-06-10,71130.0
2021-06-11,70830.0
2021-06-15,69990.0
2021-06-16,69020.0
2021-06-17,69080.0
2021-06-18,67830.0
2021-06-21,66780.0
2021-06-22,67120.0
2021-06-23,68130.0
2021-06-24,68880.0
2021-06-25,68800.0
2021-06-28,68340.0
2021-06-29,68080.0
2021-06-30,68160.0
2021-07-01,68480.0
2021-07-02,68020.0
2021-07-05,68720.0
2021-07-06,69580.0
2021-07-07,68500.0
2021-07-08,68740.0
2021-07-09,68580.0
2021-07-12,69120.0
2021-07-13,69090.0
2021-07-14,68590.0
2021-07-15,68450.0
2021-07-16,69210.0
2021-07-19,68950.0
2021-07-20,67910.0
2021-07-21,68190.0
2021-07-22,68620.0
2021-07-23,69540.0
2021-07-26,70390.0
2021-07-27,71940.0
2021-07-28,72040.0
2021-07-29,71460.0
2021-07-30,71550.0
2021-08-02,71450.0
2021-08-03,70740.0
2021-08-04,70060.0
2021-08-05,69540.0
2021-08-06,69790.0
2021-08-09,69520.0
2021-08-10,69430.0
2021-08-11,69850.0
2021-08-12,70250.0
2021-08-13,70040.0
2021-08-16,70380.0
2021-08-17,69790.0
2021-08-18,68910.0
2021-08-19,67530.0
2021-08-20,66760.0
2021-08-23,67770.0
2021-08-24,68690.0
2021-08-25,69380.0
2021-08-26,69180.0
2021-08-27,68990.0
2021-08-30,69900.0
2021-08-31,69880.0
2021-09-01,69620.0
2021-09-02,69160.0
2021-09-03,69370.0
2021-09-06,69550.0
2021-09-07,69460.0
2021-09-08,69140.0
2021-09-09,68930.0
2021-09-10,69960.0
2021-09-13,71530.0
2021-09-14,70480.0
2021-09-15,69760.0
2021-09-16,70210.0
2021-09-17,69400.0
2021-09-22,68630.0
2021-09-23,68820.0
2021-09-24,69010.0
2021-09-27,69470.0
2021-09-28,69340.0
2021-09-29,68840.0
2021-09-30,68450.0
2021-10-08,69510.0
2021-10-11,69800.0
2021-10-12,70310.0
2021-10-13,70310.0
2021-10-14,72340.0
2021-10-15,73890.0
2021-10-18,75630.0
2021-10-19,75290.0
2021-10-20,73640.0
2021-10-21,74160.0
2021-10-22,72340.0
2021-10-25,71950.0
2021-10-26,72170.0
2021-10-27,71600.0
2021-10-28,70600.0
2021-10-29,71100.0
2021-11-01,70650.0
2021-11-02,70420.0
2021-11-03,70750.0
2021-11-04,70820.0
2021-11-05,70190.0
2021-11-08,70800.0
2021-11-09,70940.0
2021-11-10,70570.0
2021-11-11,70700.0
2021-11-12,71140.0
2021-11-15,71460.0
2021-11-16,70820.0
2021-11-17,70180.0
2021-11-18,69250.0
2021-11-19,69940.0
2021-11-22,70850.0
2021-11-23,71440.0
2021-11-24,71420.0
2021-11-25,72100.0
2021-11-26,71280.0
2021-11-29,70300.0
2021-11-30,70190.0
2021-12-01,69880.0
2021-12-02,69420.0
2021-12-03,69610.0
2021-12-06,69610.0
2021-12-07,69780.0
2021-12-08,69850.0
2021-12-09,69950.0
2021-12-10,69680.0
2021-12-13,69610.0
2021-12-14,69080.0
2021-12-15,68810.0
2021-12-16,67940.0
2021-12-17,69280.0
2021-12-20,69010.0
2021-12-21,69040.0
2021-12-22,69440.0
2021-12-23,69820.0
2021-12-24,69690.0
2021-12-27,69630.0
2021-12-28,70220.0
2021-12-29,70050.0
2021-12-30,69920.0
2021-12-31,69940.0
2022-01-04,69720.0
2022-01-05,70130.0
2022-01-06,69690.0
2022-01-07,69420.0
2022-01-10,69740.0
2022-01-11,69600.0
2022-01-12,70630.0
2022-01-13,71900.0
2022-01-14,71670.0
2022-01-17,70580.0
2022-01-18,69970.0
2022-01-19,69960.0
2022-01-20,70750.0
2022-01-21,71150.0
2022-01-24,70910.0
2022-01-25,69850.0
2022-01-26,70190.0
2022-01-27,70410.0
2022-01-28,70450.0
2022-02-07,70790.0
2022-02-08,70610.0
2022-02-09,70330.0
2022-02-10,72020.0
2022-02-11,72320.0
2022-02-14,71210.0
2022-02-15,70720.0
2022-02-16,71360.0
2022-02-17,71360.0
2022-02-18,71510.0
2022-02-21,71490.0
2022-02-22,71110.0
2022-02-23,71260.0
2022-02-24,70850.0
2022-02-25,70960.0
2022-02-28,70820.0
2022-03-01,70880.0
2022-03-02,71440.0
2022-03-03,72590.0
2022-03-04,72730.0
2022-03-07,74600.0
2022-03-08,73300.0
2022-03-09,72840.0
2022-03-10,71890.0
2022-03-11,72050.0
2022-03-14,72000.0
2022-03-15,71640.0
2022-03-16,71660.0
2022-03-17,72270.0
2022-03-18,72890.0
2022-03-21,73160.0
2022-03-22,73200.0
2022-03-23,73180.0
2022-03-24,73700.0
2022-03-25,73610.0
2022-03-28,73120.0
2022-03-29,73650.0
2022-03-30,73780.0
2022-03-31,73580.0
2022-04-01,73400.0
2022-04-06,73810.0
2022-04-07,73580.0
2022-04-08,73680.0
2022-04-11,73610.0
2022-04-12,73610.0
2022-04-13,74350.0
2022-04-14,74280.0
2022-04-15,75090.0
2022-04-18,74930.0
2022-04-19,75160.0
2022-04-20,74510.0
2022-04-21,74470.0
2022-04-22,74920.0
2022-04-25,74240.0
2022-04-26,73410.0
2022-04-27,73480.0
2022-04-28,73520.0
2022-04-29,73630.0
2022-05-05,73440.0
2022-05-06,72660.0
2022-05-09,72230.0
2022-05-10,71960.0
2022-05-11,71930.0
2022-05-12,71750.0
2022-05-13,71050.0
2022-05-16,71300.0
2022-05-17,71640.0
2022-05-18,71730.0
2022-05-19,71340.0
2022-05-20,71770.0
2022-05-23,72020.0
2022-05-24,72040.0
2022-05-25,71730.0
2022-05-26,71500.0
2022-05-27,72110.0
2022-05-30,72260.0
2022-05-31,72380.0
2022-06-01,71930.0
2022-06-02,72290.0
2022-06-06,72940.0
2022-06-07,72810.0
2022-06-08,72860.0
2022-06-09,72890.0
2022-06-10,72620.0
2022-06-13,72120.0
2022-06-14,71680.0
2022-06-15,71110.0
2022-06-16,70780.0
2022-06-17,69610.0
2022-06-20,68670.0
2022-06-21,68180.0
2022-06-22,68000.0
2022-06-23,66410.0
2022-06-24,64620.0
2022-06-27,63680.0
2022-06-28,64190.0
2022-06-29,64050.0
2022-06-30,64270.0
2022-07-01,62640.0
2022-07-04,61350.0
2022-07-05,61000.0
2022-07-06,57770.0
2022-07-07,58430.0
2022-07-08,59540.0
2022-07-11,58370.0
2022-07-12,58040.0
2022-07-13,56150.0
2022-07-14,55840.0
2022-07-15,54560.0
2022-07-18,55310.0
2022-07-19,56490.0
2022-07-20,56360.0
2022-07-21,56490.0
2022-07-22,56450.0
2022-07-25,57290.0
2022-07-26,58280.0
2022-07-27,58500.0
2022-07-28,59560.0
2022-07-29,60000.0
2022-08-01,61150.0
2022-08-02,60160.0
2022-08-03,60260.0
2022-08-04,59680.0
2022-08-05,60260.0
2022-08-08,61060.0
2022-08-09,61510.0
2022-08-10,61670.0
2022-08-11,62560.0
2022-08-12,63090.0
2022-08-15,62320.0
2022-08-16,61760.0
2022-08-17,62080.0
2022-08-18,61540.0
2022-08-19,62250.0
2022-08-22,62880.0
2022-08-23,62820.0
2022-08-24,63320.0
2022-08-25,62970.0
2022-08-26,63730.0
2022-08-29,63650.0
2022-08-30,62810.0
2022-08-31,62470.0
2022-09-01,61350.0
2022-09-02,60200.0
2022-09-05,60520.0
2022-09-06,61390.0
2022-09-07,61300.0
2022-09-08,61490.0
2022-09-09,63170.0
2022-09-13,63670.0
2022-09-14,63070.0
2022-09-15,63320.0
2022-09-16,62010.0
2022-09-19,62570.0
2022-09-20,62480.0
2022-09-21,62550.0
2022-09-22,62390.0
2022-09-23,62530.0
2022-09-26,61080.0
2022-09-27,61160.0
2022-09-28,60980.0
2022-09-29,61650.0
2022-09-30,62050.0
2022-10-10,62530.0
2022-10-11,63910.0
2022-10-12,64030.0
2022-10-13,64060.0
2022-10-14,64890.0
2022-10-17,64440.0
2022-10-18,62830.0
2022-10-19,62210.0
2022-10-20,62170.0
2022-10-21,63070.0
2022-10-24,63610.0
2022-10-25,63860.0
2022-10-26,63700.0
2022-10-27,64350.0
2022-10-28,64280.0
2022-10-31,63530.0
2022-11-01,64040.0
2022-11-02,64780.0
2022-11-03,64510.0
2022-11-04,64650.0
2022-11-07,66570.0
2022-11-08,66350.0
2022-11-09,66940.0
2022-11-10,67470.0
2022-11-11,68490.0
2022-11-14,67730.0
2022-11-15,67250.0
2022-11-16,66690.0
2022-11-17,66320.0
2022-11-18,65860.0
2022-11-21,65110.0
2022-11-22,64620.0
2022-11-23,64950.0
2022-11-24,64990.0
2022-11-25,65140.0
2022-11-28,64700.0
2022-11-29,65090.0
2022-11-30,64970.0
2022-12-01,65930.0
2022-12-02,66040.0
2022-12-05,66600.0
2022-12-06,66050.0
2022-12-07,65940.0
2022-12-08,66250.0
2022-12-09,66950.0
2022-12-12,66250.0
2022-12-13,66100.0
2022-12-14,66580.0
2022-12-15,66260.0
2022-12-16,65460.0
2022-12-19,65310.0
2022-12-20,65160.0
2022-12-21,65640.0
2022-12-22,65990.0
2022-12-23,65500.0
2022-12-26,65830.0
2022-12-27,66330.0
2022-12-28,66470.0
2022-12-29,66330.0
2022-12-30,66180.0
2023-01-03,65680.0
2023-01-04,65020.0
2023-01-05,64180.0
2023-01-06,65170.0
2023-01-09,66020.0
2023-01-10,66480.0
2023-01-11,67450.0
2023-01-12,68510.0
2023-01-13,68590.0
2023-01-16,68380.0
2023-01-17,68450.0
2023-01-18,69680.0
2023-01-19,70100.0
2023-01-20,70080.0
2023-01-30,69650.0
2023-01-31,69370.0
2023-02-01,69520.0
2023-02-02,69090.0
2023-02-03,68620.0
2023-02-06,68250.0
2023-02-07,67930.0
2023-02-08,68240.0
2023-02-09,68320.0
2023-02-10,68260.0
2023-02-13,68010.0
2023-02-14,68440.0
2023-02-15,68800.0
2023-02-16,68260.0
2023-02-17,68980.0
2023-02-20,69040.0
2023-02-21,69830.0
2023-02-22,70350.0
2023-02-23,70080.0
2023-02-24,69440.0
2023-02-27,68600.0
2023-02-28,68640.0
2023-03-01,69680.0
2023-03-02,69850.0
2023-03-03,69380.0
2023-03-06,69320.0
2023-03-07,69540.0
2023-03-08,68850.0
2023-03-09,69210.0
2023-03-10,68970.0
2023-03-13,69000.0
2023-03-14,68440.0
2023-03-15,68800.0
2023-03-16,67090.0
2023-03-17,66890.0
2023-03-20,67220.0
2023-03-21,67550.0
2023-03-22,68150.0
2023-03-23,68590.0
2023-03-24,69220.0
2023-03-27,69310.0
2023-03-28,69570.0
2023-03-29,69490.0
2023-03-30,69710.0
2023-03-31,69520.0
2023-04-03,69470.0
2023-04-04,69180.0
2023-04-06,68730.0
2023-04-07,68790.0
2023-04-10,68830.0
2023-04-11,68650.0
2023-04-12,69060.0
2023-04-13,69280.0
2023-04-14,70200.0
2023-04-17,69960.0
2023-04-18,69640.0
2023-04-19,69600.0
2023-04-20,69480.0
2023-04-21,68910.0
2023-04-24,68500.0
2023-04-25,68290.0
2023-04-26,67280.0
2023-04-27,66900.0
2023-04-28,67110.0
2023-05-04,67140.0
2023-05-05,66710.0
2023-05-08,67180.0
2023-05-09,67420.0
2023-05-10,67330.0
2023-05-11,66550.0
2023-05-12,64570.0
2023-05-15,64810.0
2023-05-16,64800.0
2023-05-17,64340.0
2023-05-18,65600.0
2023-05-19,65360.0
2023-05-22,65310.0
2023-05-23,64890.0
2023-05-24,64160.0
2023-05-25,63540.0
2023-05-26,64120.0
2023-05-29,65170.0
2023-05-30,65160.0
2023-05-31,65000.0
2023-06-01,65570.0
2023-06-02,66100.0
2023-06-05,66050.0
2023-06-06,66740.0
2023-06-07,66920.0
2023-06-08,66860.0
2023-06-09,67060.0
2023-06-12,67110.0
2023-06-13,67280.0
2023-06-14,68110.0
2023-06-15,68130.0
2023-06-16,68420.0
2023-06-19,68500.0
2023-06-20,68540.0
2023-06-21,69010.0
2023-06-26,68500.0
2023-06-27,68420.0
2023-06-28,68080.0
2023-06-29,67670.0
2023-06-30,67530.0
2023-07-03,68610.0
2023-07-04,68560.0
2023-07-05,68270.0
2023-07-06,68210.0
2023-07-07,68110.0
2023-07-10,68220.0
2023-07-11,68350.0
2023-07-12,68050.0
2023-07-13,68760.0
2023-07-14,69760.0
2023-07-17,69420.0
2023-07-18,68430.0
2023-07-19,68470.0
2023-07-20,68520.0
2023-07-21,68630.0
2023-07-24,68370.0
2023-07-25,68780.0
2023-07-26,69210.0
2023-07-27,69260.0
2023-07-28,68940.0
2023-07-31,69570.0
2023-08-01,70700.0
2023-08-02,69850.0
2023-08-03,69130.0
2023-08-04,69490.0
2023-08-07,69100.0
2023-08-08,69030.0
2023-08-09,68430.0
2023-08-10,68590.0
2023-08-11,68520.0
2023-08-14,68090.0
2023-08-15,68340.0
2023-08-16,67870.0
2023-08-17,67810.0
2023-08-18,68300.0
2023-08-21,68430.0
2023-08-22,68540.0
2023-08-23,69060.0
2023-08-24,69270.0
2023-08-25,69030.0
2023-08-28,69180.0
2023-08-29,69320.0
2023-08-30,69530.0
2023-08-31,69740.0
2023-09-01,69820.0
2023-09-04,69980.0
2023-09-05,69600.0
2023-09-06,69790.0
2023-09-07,69440.0
2023-09-08,69130.0
2023-09-11,69050.0
2023-09-12,69530.0
2023-09-13,69340.0
2023-09-14,69480.0
2023-09-15,69800.0
2023-09-18,69360.0
2023-09-19,68980.0
2023-09-20,68760.0
2023-09-21,68700.0
2023-09-22,67970.0
2023-09-25,68040.0
2023-09-26,67700.0
2023-09-27,67360.0
2023-09-28,67340.0
2023-10-09,67460.0
2023-10-10,67000.0
2023-10-11,66770.0
2023-10-12,66700.0
2023-10-13,66430.0
2023-10-16,66330.0
2023-10-17,66170.0
2023-10-18,66490.0
2023-10-19,66490.0
2023-10-20,66460.0
2023-10-23,66040.0
2023-10-24,66340.0
2023-10-25,66940.0
2023-10-26,66670.0
2023-10-27,66700.0
2023-10-30,67400.0
2023-10-31,67480.0
2023-11-01,67350.0
2023-11-02,67580.0
2023-11-03,67800.0
2023-11-06,67550.0
2023-11-07,67690.0
2023-11-08,67500.0
2023-11-09,67420.0
2023-11-10,67470.0
2023-11-13,67290.0
2023-11-14,67740.0
2023-11-15,68170.0
2023-11-16,67820.0
2023-11-17,67800.0
2023-11-20,67900.0
2023-11-21,68260.0
2023-11-22,68170.0
2023-11-23,67980.0
2023-11-24,68180.0
2023-11-27,68230.0
2023-11-28,68030.0
2023-11-29,68360.0
2023-11-30,68380.0
2023-12-01,68690.0
2023-12-04,69140.0
2023-12-05,68570.0
2023-12-06,68250.0
2023-12-07,67980.0
2023-12-08,68330.0
2023-12-11,68690.0
2023-12-12,68390.0
2023-12-13,68310.0
2023-12-14,68570.0
2023-12-15,68960.0
2023-12-18,68580.0
2023-12-19,68480.0
2023-12-20,68930.0
2023-12-21,68860.0
2023-12-22,69080.0
2023-12-25,69090.0
2023-12-26,69220.0
2023-12-27,69220.0
2023-12-28,69510.0
2023-12-29,69070.0
2024-01-02,68920.0
2024-01-03,68700.0
2024-01-04,68510.0
2024-01-05,68470.0
2024-01-08,68290.0
2024-01-09,68370.0
2024-01-10,68110.0
2024-01-11,68240.0
2024-01-12,68260.0
2024-01-15,67940.0
2024-01-16,67830.0
2024-01-17,67900.0
2024-01-18,67700.0
2024-01-19,67680.0
2024-01-22,68000.0
2024-01-23,67880.0
2024-01-24,68160.0
2024-01-25,68780.0
2024-01-26,68930.0
2024-01-29,68850.0
2024-01-30,68920.0
2024-01-31,69140.0
2024-02-01,69150.0
2024-02-02,68710.0
2024-02-05,68510.0
2024-02-06,68010.0
2024-02-07,67940.0
2024-02-08,67680.0
2024-02-19,68220.0
2024-02-20,68370.0
2024-02-21,68810.0
2024-02-22,69130.0
2024-02-23,69290.0
2024-02-26,69060.0
2024-02-27,68780.0
2024-02-28,68800.0
2024-02-29,68740.0
2024-03-01,68870.0
2024-03-04,68910.0
2024-03-05,69030.0
2024-03-06,68940.0
2024-03-07,69300.0
2024-03-08,69710.0
2024-03-11,69360.0
2024-03-12,69520.0
2024-03-13,69760.0
2024-03-14,71690.0
2024-03-15,72030.0
2024-03-18,72960.0
2024-03-19,73070.0
2024-03-20,72540.0
2024-03-21,72850.0
2024-03-22,72350.0
2024-03-25,72310.0
2024-03-26,71990.0
2024-03-27,71920.0
2024-03-28,72090.0
2024-03-29,72200.0
2024-04-01,72720.0
2024-04-02,72920.0
2024-04-03,73520.0
2024-04-08,75230.0
2024-04-09,75910.0
2024-04-10,76090.0
2024-04-11,75890.0
2024-04-12,76010.0
2024-04-15,76290.0
2024-04-16,76920.0
2024-04-17,76450.0
2024-04-18,77440.0
2024-04-19,78880.0
2024-04-22,79940.0
2024-04-23,78520.0
2024-04-24,78520.0
2024-04-25,78990.0
2024-04-26,80210.0
2024-04-29,80560.0
2024-04-30,81650.0
2024-05-06,80820.0
2024-05-07,80700.0
2024-05-08,79820.0
2024-05-09,79600.0
2024-05-10,80110.0
2024-05-13,80480.0
2024-05-14,81590.0
2024-05-15,81230.0
2024-05-16,82060.0
2024-05-17,82970.0
2024-05-20,86450.0
2024-05-21,86790.0
2024-05-22,86170.0
2024-05-23,83500.0
2024-05-24,83580.0
2024-05-27,83520.0
2024-05-28,84520.0
2024-05-29,84590.0
2024-05-30,83350.0
2024-05-31,81950.0
2024-06-03,81470.0
2024-06-04,81830.0
2024-06-05,80290.0
2024-06-06,81010.0
2024-06-07,81390.0
2024-06-11,79750.0
2024-06-12,79540.0
2024-06-13,79400.0
2024-06-14,79330.0
2024-06-17,78610.0
2024-06-18,78550.0
2024-06-19,78470.0
2024-06-20,79490.0
2024-06-21,79710.0
2024-06-24,78560.0
2024-06-25,78580.0
2024-06-26,77760.0
2024-06-27,77670.0
2024-06-28,77830.0
2024-07-01,77910.0
2024-07-02,78440.0
2024-07-03,78760.0
2024-07-04,79760.0
2024-07-05,79860.0
2024-07-08,79960.0
2024-07-09,79990.0
2024-07-10,79580.0
2024-07-11,79710.0
2024-07-12,78910.0
2024-07-15,79410.0
2024-07-16,79360.0
2024-07-17,78590.0
2024-07-18,78180.0
2024-07-19,76780.0
2024-07-22,76120.0
2024-07-23,75220.0
2024-07-24,74720.0
2024-07-25,73500.0
2024-07-26,74030.0
2024-07-29,74180.0
2024-07-30,73300.0
2024-07-31,73590.0
2024-08-01,74780.0
2024-08-02,73530.0
2024-08-05,72860.0
2024-08-06,71050.0
2024-08-07,71330.0
2024-08-08,70750.0
2024-08-09,71470.0
2024-08-12,71450.0
2024-08-13,72270.0
2024-08-14,72060.0
2024-08-15,72280.0
2024-08-16,73610.0
2024-08-19,73630.0
2024-08-20,73930.0
2024-08-21,73710.0
2024-08-22,73940.0
2024-08-23,73540.0
2024-08-26,74370.0
2024-08-27,74850.0
2024-08-28,74910.0
2024-08-29,74080.0
2024-08-30,73930.0
2024-09-02,73630.0
2024-09-03,73400.0
2024-09-04,71990.0
2024-09-05,71890.0
2024-09-06,72530.0
2024-09-09,72080.0
2024-09-10,72870.0
2024-09-11,72820.0
2024-09-12,73570.0
2024-09-13,74200.0
2024-09-18,74380.0
2024-09-19,74890.0
2024-09-20,75770.0
2024-09-23,75410.0
2024-09-24,76100.0
2024-09-25,77460.0
2024-09-26,77410.0
2024-09-27,78720.0
2024-09-30,78940.0
2024-10-08,78270.0
2024-10-09,77670.0
2024-10-10,77180.0
2024-10-11,77360.0
2024-10-14,77480.0
2024-10-15,77190.0
2024-10-16,76570.0
2024-10-17,76720.0
2024-10-18,76620.0
2024-10-21,77350.0
2024-10-22,76950.0
2024-10-23,76800.0
2024-10-24,76490.0
2024-10-25,76470.0
2024-10-28,76580.0
2024-10-29,76490.0
2024-10-30,76600.0
2024-10-31,76490.0
2024-11-01,76480.0
2024-11-04,76960.0
2024-11-05,77470.0
2024-11-06,77310.0
2024-11-07,76040.0
2024-11-08,77210.0
2024-11-11,76490.0
2024-11-12,75760.0
2024-11-13,74660.0
2024-11-14,73520.0
2024-11-15,73840.0
2024-11-18,73830.0
2024-11-19,74030.0
2024-11-20,74400.0
2024-11-21,74450.0
2024-11-22,73900.0
2024-11-25,74040.0
2024-11-26,73830.0
2024-11-27,73910.0
2024-11-28,73860.0
2024-11-29,73800.0
2024-12-02,73730.0
2024-12-03,74070.0
2024-12-04,74690.0
2024-12-05,74470.0
2024-12-06,74560.0
2024-12-09,74810.0
2024-12-10,75340.0
2024-12-11,75560.0
2024-12-12,75380.0
2024-12-13,74680.0
2024-12-16,74370.0
2024-12-17,74560.0
2024-12-18,74030.0
2024-12-19,73980.0
2024-12-20,73730.0
2024-12-23,74030.0
2024-12-24,73930.0
2024-12-25,74060.0
2024-12-26,74160.0
2024-12-27,74310.0
2024-12-30,74200.0
2024-12-31,73800.0
2025-01-02,73330.0
2025-01-03,73060.0
2025-01-06,73700.0
2025-01-07,74330.0
2025-01-08,74390.0
2025-01-09,74740.0
2025-01-10,75260.0
2025-01-13,75350.0
2025-01-14,75340.0
2025-01-15,75340.0
2025-01-16,75780.0
2025-01-17,76220.0
2025-01-20,75510.0
2025-01-21,75520.0
2025-01-22,75430.0
2025-01-23,75010.0
2025-01-24,75310.0
2025-01-27,75400.0
2025-02-05,75200.0
2025-02-06,75970.0
2025-02-07,76730.0
2025-02-10,77080.0
2025-02-11,77010.0
2025-02-12,76650.0
2025-02-13,77220.0
2025-02-14,77590.0
2025-02-17,77270.0
2025-02-18,76790.0
2025-02-19,77000.0
2025-02-20,77380.0
2025-02-21,77340.0
2025-02-24,77250.0
2025-02-25,77070.0
2025-02-26,77040.0
2025-02-27,76880.0
2025-02-28,76850.0
2025-03-03,76970.0
2025-03-04,76970.0
2025-03-05,76970.0
2025-03-06,78170.0
2025-03-07,78620.0
2025-03-10,78270.0
2025-03-11,77720.0
2025-03-12,78690.0
2025-03-13,79480.0
2025-03-14,79900.0
2025-03-17,80080.0
2025-03-18,80270.0
2025-03-19,80620.0
2025-03-20,81360.0
2025-03-21,81120.0
2025-03-24,81020.0
2025-03-25,81650.0
2025-03-26,82370.0
2025-03-27,81570.0
2025-03-28,80670.0
2025-03-31,80190.0
2025-04-01,79980.0
2025-04-02,79920.0
2025-04-03,79110.0
2025-04-07,74320.0
2025-04-08,73440.0
2025-04-09,72340.0
2025-04-10,74840.0
2025-04-11,74810.0
2025-04-14,76140.0
2025-04-15,76090.0
2025-04-16,75650.0
2025-04-17,75950.0
2025-04-18,76120.0
2025-04-21,76640.0
2025-04-22,77130.0
2025-04-23,77990.0
2025-04-24,77870.0
2025-04-25,77870.0
2025-04-28,77560.0
2025-04-29,77780.0
2025-04-30,77730.0
2025-05-06,77930.0
2025-05-07,78300.0
2025-05-08,78090.0
2025-05-09,78130.0
2025-05-12,78370.0
2025-05-13,78250.0
2025-05-14,78990.0
2025-05-15,78830.0
2025-05-16,78310.0
2025-05-19,77740.0
2025-05-20,77860.0
2025-05-21,78090.0
2025-05-22,77910.0
2025-05-23,77830.0
2025-05-26,78270.0
2025-05-27,78280.0
2025-05-28,78330.0
2025-05-29,78290.0
2025-05-30,78080.0
2025-06-03,78040.0
2025-06-04,78370.0
2025-06-05,78250.0
2025-06-06,78840.0
2025-06-09,78780.0
2025-06-10,79180.0
2025-06-11,79250.0
2025-06-12,78890.0
2025-06-13,78740.0
2025-06-16,78610.0
2025-06-17,78530.0
2025-06-18,78620.0
2025-06-19,78490.0
2025-06-20,78180.0
2025-06-23,78330.0
2025-06-24,78440.0
2025-06-25,78550.0
2025-06-26,78860.0
2025-06-27,79890.0
2025-06-30,79970.0
2025-07-01,80140.0
2025-07-02,80830.0
2025-07-03,80910.0
2025-07-04,80370.0
2025-07-07,79720.0
2025-07-08,79720.0
2025-07-09,79110.0
2025-07-10,78670.0
2025-07-11,78680.0
2025-07-14,78450.0
2025-07-15,77950.0
2025-07-16,77960.0
2025-07-17,77900.0
2025-07-18,78310.0
2025-07-21,79230.0
2025-07-22,79560.0
2025-07-23,79680.0
2025-07-24,79720.0
2025-07-25,79260.0
2025-07-28,78950.0
2025-07-29,78920.0
2025-07-30,79060.0
2025-07-31,78430.0
2025-08-01,78260.0
2025-08-04,78240.0
2025-08-05,78490.0
2025-08-06,78200.0
2025-08-07,78380.0
2025-08-08,78420.0
2025-08-11,78960.0
2025-08-12,78940.0
2025-08-13,79310.0
2025-08-14,79130.0
2025-08-15,78990.0
2025-08-18,79020.0
2025-08-19,78880.0
2025-08-20,78580.0
2025-08-21,78600.0
2025-08-22,78710.0
2025-08-25,79260.0
2025-08-26,79450.0
2025-08-27,79340.0
2025-08-28,78880.0
2025-08-29,79200.0
2025-09-01,79750.0
2025-09-02,79840.0
2025-09-03,80270.0
2025-09-04,79910.0
2025-09-05,79980.0
2025-09-08,79710.0
2025-09-09,79760.0
2025-09-10,79730.0
2025-09-11,80090.0
2025-09-12,80710.0
2025-09-15,80870.0
2025-09-16,81090.0
2025-09-17,80720.0
2025-09-18,79800.0
2025-09-19,79840.0
2025-09-22,80130.0
2025-09-23,79940.0
2025-09-24,79990.0
2025-09-25,82080.0
2025-09-26,82500.0
2025-09-29,82180.0
2025-09-30,83220.0
2025-10-09,86040.0
2025-10-10,86530.0
2025-10-13,84900.0
2025-10-14,85820.0
2025-10-15,85080.0
2025-10-16,85040.0
2025-10-17,84720.0
2025-10-20,85300.0
2025-10-21,85520.0
2025-10-22,84970.0
2025-10-23,85550.0
2025-10-24,86770.0
2025-10-27,88050.0
2025-10-28,87740.0
2025-10-29,87970.0
2025-10-30,88260.0
2025-10-31,87240.0
2025-11-03,86980.0
2025-11-04,86340.0
2025-11-05,85430.0
2025-11-06,86070.0
2025-11-07,85900.0
2025-11-10,86420.0
2025-11-11,86680.0
2025-11-12,86670.0
2025-11-13,87260.0
2025-11-14,86990.0
2025-11-17,86360.0
2025-11-18,85930.0
2025-11-19,85960.0
2025-11-20,86320.0
2025-11-21,85870.0
2025-11-24,86050.0
2025-11-25,86420.0
2025-11-26,86640.0
2025-11-27,86980.0
2025-11-28,87230.0
2025-12-01,88920.0
2025-12-02,88770.0
2025-12-03,88900.0
2025-12-04,90840.0
2025-12-05,91610.0
2025-12-08,92480.0
2025-12-09,91920.0
2025-12-10,91660.0
2025-12-11,92330.0
2025-12-12,93570.0
2025-12-15,92330.0
2025-12-16,92270.0
2025-12-17,92300.0
2025-12-18,92510.0
2025-12-19,92560.0
2025-12-22,93770.0
2025-12-23,93690.0
2025-12-24,95080.0
2025-12-25,95190.0
2025-12-26,98060.0
2025-12-29,100360.0
2025-12-30,97480.0
2025-12-31,98650.0
2026-01-05,100350.0
2026-01-06,103450.0
2026-01-07,103550.0
2026-01-08,101570.0
2026-01-09,100280.0
2026-01-12,102970.0
2026-01-13,102490.0
2026-01-14,103750.0
2026-01-15,102420.0
2026-01-16,101570.0
2026-01-19,100610.0
2026-01-20,100960.0
2026-01-21,100200.0
2026-01-22,100390.0
2026-01-23,100590.0
2026-01-26,102420.0
2026-01-27,102220.0
2026-01-28,102060.0
2026-01-29,105970.0
2026-01-30,106800.0
2026-02-02,100200.0
2026-02-03,101610.0
2026-02-04,104460.0
2026-02-05,101490.0
2026-02-06,99430.0
2026-02-09,101490.0
2026-02-10,101510.0
2026-02-11,101450.0
2026-02-12,102110.0
2026-02-13,100260.0
2026-02-24,101250.0
2026-02-25,102120.0
2026-02-26,102270.0
2026-02-27,102310.0
2026-03-02,102980.0
2026-03-03,101970.0
2026-03-04,101180.0
2026-03-05,101090.0
2026-03-06,100730.0
2026-03-09,99530.0
2026-03-10,101090.0
2026-03-11,101210.0
2026-03-12,100550.0
2026-03-13,100340.0
2026-03-16,99190.0
2026-03-17,100060.0
2026-03-18,98880.0
2026-03-19,95850.0
2026-03-20,94510.0
2026-03-23,92760.0
2026-03-24,94350.0
2026-03-25,95380.0
2026-03-26,95460.0
2026-03-27,95660.0
2026-03-30,95370.0
2026-03-31,95540.0
2026-04-01,96660.0
2026-04-02,96010.0
2026-04-03,96240.0
2026-04-07,96670.0
2026-04-08,97400.0
2026-04-09,97620.0
2026-04-10,98280.0
2026-04-13,98940.0
2026-04-14,100840.0
2026-04-15,102430.0
2026-04-16,102330.0
2026-04-17,102040.0
2026-04-20,102580.0
2026-04-21,102180.0
2026-04-22,102340.0
2026-04-23,102910.0
2026-04-24,102570.0
2026-04-27,102840.0
2026-04-28,102090.0
2026-04-29,101300.0
2026-04-30,101100.0
2026-05-06,102440.0
2026-05-07,102890.0
2026-05-08,103240.0
2026-05-11,104320.0
2026-05-12,106790.0
2026-05-13,108350.0
2026-05-14,107380.0
2026-05-15,105840.0
2026-05-18,104090.0
2026-05-19,104410.0
2026-05-20,103550.0
2026-05-21,104730.0
2026-05-22,104370.0
2026-05-25,105320.0
2026-05-26,105010.0
2026-05-27,104860.0
2026-05-28,103880.0
2026-05-29,104770.0
2026-06-01,104690.0
2026-06-02,106040.0
2026-06-03,106660.0
2026-06-04,105390.0
2026-06-05,105310.0
2026-06-08,104020.0
2026-06-09,104240.0
2026-06-10,104080.0
2026-06-11,103270.0
2026-06-12,104410.0
2026-06-15,105550.0
2026-06-16,104970.0
2026-06-17,105290.0
2026-06-18,104970.0
2026-06-22,104700.0
2026-06-23,104100.0
2026-06-24,103220.0
2026-06-25,101390.0
2026-06-26,101690.0
2026-06-29,102610.0
