date,ttf_close
2014-06-02,18.135
2014-06-03,18.35
2014-06-04,17.35
2014-06-05,16.775
2014-06-06,16.425
2014-06-09,16.025
2014-06-10,17.215
2014-06-11,17.565
2014-06-12,16.975
2014-06-13,18.05
2014-06-16,18.05
2014-06-17,17.965
2014-06-18,17.9
2014-06-19,17.6
2014-06-20,17.45
2014-06-23,17.2
2014-06-24,17.35
2014-06-25,17.45
2014-06-26,17.35
2014-06-27,17.42
2014-06-30,16.35
2014-07-01,16.7
2014-07-02,16.4
2014-07-03,15.6
2014-07-04,15.8
2014-07-07,14.8
2014-07-08,15.9
2014-07-09,15.55
2014-07-10,15.25
2014-07-11,15.2
2014-07-14,16.5
2014-07-15,16.15
2014-07-16,16.45
2014-07-17,17.0
2014-07-18,16.5
2014-07-21,16.55
2014-07-22,16.5
2014-07-23,16.8
2014-07-24,16.75
2014-07-25,17.95
2014-07-28,18.3
2014-07-29,17.8
2014-07-30,17.3
2014-07-31,17.1
2014-08-01,16.1
2014-08-04,16.4
2014-08-05,16.6
2014-08-06,16.2
2014-08-07,16.35
2014-08-08,16.7
2014-08-11,16.23
2014-08-12,16.25
2014-08-13,17.3
2014-08-14,17.35
2014-08-15,18.85
2014-08-18,18.0
2014-08-19,17.92
2014-08-20,17.55
2014-08-21,17.35
2014-08-22,18.0
2014-08-26,18.55
2014-08-27,18.8
2014-08-28,19.15
2014-08-29,19.75
2014-09-01,21.1
2014-09-02,21.05
2014-09-03,20.35
2014-09-04,20.65
2014-09-05,20.4
2014-09-08,20.05
2014-09-09,19.7
2014-09-10,19.85
2014-09-11,19.4
2014-09-12,18.88
2014-09-15,20.75
2014-09-16,21.35
2014-09-17,20.6
2014-09-18,21.35
2014-09-19,20.75
2014-09-22,21.85
2014-09-23,21.1
2014-09-24,22.25
2014-09-25,22.05
2014-09-26,21.9
2014-09-29,22.45
2014-09-30,20.7
2014-10-01,21.85
2014-10-02,21.17
2014-10-03,20.7
2014-10-06,21.25
2014-10-07,20.15
2014-10-08,20.7
2014-10-09,21.1
2014-10-10,20.9
2014-10-13,21.23
2014-10-14,21.05
2014-10-15,21.0
2014-10-16,21.4
2014-10-17,20.75
2014-10-20,20.7
2014-10-21,21.45
2014-10-22,22.35
2014-10-23,22.0
2014-10-24,21.95
2014-10-27,21.4
2014-10-28,22.4
2014-10-29,22.2
2014-10-30,21.05
2014-10-31,19.75
2014-11-03,22.1
2014-11-04,22.35
2014-11-05,21.7
2014-11-06,21.48
2014-11-07,22.75
2014-11-10,22.55
2014-11-11,22.8
2014-11-12,22.4
2014-11-13,22.2
2014-11-14,22.2
2014-11-17,22.85
2014-11-18,23.0
2014-11-19,22.9
2014-11-20,23.35
2014-11-21,23.2
2014-11-24,24.0
2014-11-25,25.0
2014-11-26,24.35
2014-11-27,24.0
2014-11-28,24.2
2014-12-01,24.05
2014-12-02,23.8
2014-12-03,23.9
2014-12-04,23.42
2014-12-05,23.38
2014-12-08,23.0
2014-12-09,23.1
2014-12-10,23.0
2014-12-11,22.6
2014-12-12,22.75
2014-12-15,22.35
2014-12-16,22.35
2014-12-17,22.45
2014-12-18,22.25
2014-12-19,22.05
2014-12-22,21.48
2014-12-23,21.85
2014-12-24,22.7
2014-12-29,21.85
2014-12-30,21.2
2014-12-31,20.4
2015-01-02,20.3
2015-01-05,19.95
2015-01-06,19.2
2015-01-07,19.15
2015-01-08,19.4
2015-01-09,19.35
2015-01-12,19.65
2015-01-13,19.8
2015-01-14,20.1
2015-01-15,20.1
2015-01-16,19.6
2015-01-19,19.2
2015-01-20,19.13
2015-01-21,19.17
2015-01-22,19.42
2015-01-23,19.38
2015-01-26,19.5
2015-01-27,20.1
2015-01-28,20.3
2015-01-29,20.65
2015-01-30,20.15
2015-02-02,21.0
2015-02-03,21.0
2015-02-04,21.38
2015-02-05,21.65
2015-02-06,21.2
2015-02-09,21.25
2015-02-10,22.25
2015-02-11,23.25
2015-02-12,24.1
2015-02-13,23.6
2015-02-16,23.2
2015-02-17,22.85
2015-02-18,22.92
2015-02-19,22.15
2015-02-20,22.35
2015-02-23,21.95
2015-02-24,22.7
2015-02-25,23.25
2015-02-26,23.75
2015-02-27,23.88
2015-03-02,23.3
2015-03-03,22.2
2015-03-04,22.45
2015-03-05,21.95
2015-03-06,22.3
2015-03-09,21.9
2015-03-10,22.02
2015-03-11,22.08
2015-03-12,21.9
2015-03-13,21.48
2015-03-16,21.35
2015-03-17,21.3
2015-03-18,21.5
2015-03-19,21.05
2015-03-20,21.08
2015-03-23,21.2
2015-03-24,21.7
2015-03-25,21.35
2015-03-26,21.4
2015-03-27,21.9
2015-03-30,22.0
2015-03-31,22.4
2015-04-01,23.15
2015-04-02,22.9
2015-04-07,22.6
2015-04-08,22.17
2015-04-09,22.38
2015-04-10,23.1
2015-04-13,22.33
2015-04-14,21.85
2015-04-15,22.25
2015-04-16,22.175
2015-04-17,21.48
2015-04-20,21.55
2015-04-21,21.75
2015-04-22,21.7
2015-04-23,21.35
2015-04-24,21.75
2015-04-27,21.55
2015-04-28,21.6
2015-04-29,21.3
2015-04-30,20.8
2015-05-01,20.1
2015-05-05,20.35
2015-05-06,20.25
2015-05-07,20.15
2015-05-08,20.3
2015-05-11,21.13
2015-05-12,21.15
2015-05-13,20.7
2015-05-14,20.67
2015-05-15,20.4
2015-05-18,20.75
2015-05-19,20.52
2015-05-20,20.55
2015-05-21,20.5
2015-05-22,20.38
2015-05-26,20.52
2015-05-27,20.6
2015-05-28,20.79
2015-05-29,20.58
2015-06-01,20.55
2015-06-02,20.38
2015-06-03,20.35
2015-06-04,20.42
2015-06-05,20.35
2015-06-08,20.6
2015-06-09,20.6
2015-06-10,20.65
2015-06-11,20.25
2015-06-12,20.27
2015-06-15,20.35
2015-06-16,20.45
2015-06-17,20.3
2015-06-18,20.4
2015-06-19,20.63
2015-06-22,20.9
2015-06-23,20.9
2015-06-24,20.85
2015-06-25,20.7
2015-06-26,20.48
2015-06-29,20.35
2015-06-30,20.55
2015-07-01,20.8
2015-07-02,21.02
2015-07-03,20.95
2015-07-06,20.98
2015-07-07,20.85
2015-07-08,20.65
2015-07-09,21.05
2015-07-10,20.83
2015-07-13,21.05
2015-07-14,21.1
2015-07-15,21.17
2015-07-16,21.08
2015-07-17,21.05
2015-07-20,21.08
2015-07-21,21.08
2015-07-22,20.77
2015-07-23,20.55
2015-07-24,20.42
2015-07-27,20.48
2015-07-28,20.77
2015-07-29,20.73
2015-07-30,20.9
2015-07-31,20.48
2015-08-03,20.42
2015-08-04,19.95
2015-08-05,20.3
2015-08-06,20.35
2015-08-07,19.95
2015-08-10,20.02
2015-08-11,20.02
2015-08-12,19.55
2015-08-13,19.65
2015-08-14,19.52
2015-08-17,19.5
2015-08-18,19.6
2015-08-19,19.2
2015-08-20,19.08
2015-08-21,19.17
2015-08-24,18.67
2015-08-25,18.85
2015-08-26,18.9
2015-08-27,19.27
2015-08-28,19.6
2015-08-31,19.42
2015-09-01,19.758
2015-09-02,19.908
2015-09-03,20.1
2015-09-04,19.375
2015-09-07,19.37
2015-09-08,19.35
2015-09-09,19.418
2015-09-10,19.27
2015-09-11,19.33
2015-09-14,19.145
2015-09-15,19.15
2015-09-16,19.198
2015-09-17,19.088
2015-09-18,18.99
2015-09-21,19.0
2015-09-22,19.098
2015-09-23,19.2
2015-09-24,18.73
2015-09-25,18.95
2015-09-28,18.585
2015-09-29,18.6
2015-09-30,18.33
2015-10-01,17.98
2015-10-02,17.65
2015-10-05,17.65
2015-10-06,18.14
2015-10-07,18.42
2015-10-08,18.7
2015-10-09,18.538
2015-10-12,18.563
2015-10-13,18.38
2015-10-14,18.258
2015-10-15,18.42
2015-10-16,18.5
2015-10-19,18.775
2015-10-20,18.44
2015-10-21,18.3
2015-10-22,18.285
2015-10-23,18.23
2015-10-26,17.98
2015-10-27,18.02
2015-10-28,17.95
2015-10-29,18.23
2015-10-30,17.75
2015-11-02,17.7
2015-11-03,17.48
2015-11-04,17.4
2015-11-05,17.08
2015-11-06,16.765
2015-11-09,16.473
2015-11-10,16.6
2015-11-11,16.375
2015-11-12,16.2
2015-11-13,16.008
2015-11-16,16.638
2015-11-17,17.045
2015-11-18,17.185
2015-11-19,17.413
2015-11-20,17.13
2015-11-23,17.608
2015-11-24,17.65
2015-11-25,17.88
2015-11-26,17.675
2015-11-27,17.75
2015-11-30,18.075
2015-12-01,17.998
2015-12-02,17.69
2015-12-03,17.233
2015-12-04,17.25
2015-12-07,16.783
2015-12-08,16.788
2015-12-09,16.628
2015-12-10,16.545
2015-12-11,16.3
2015-12-14,16.048
2015-12-15,15.95
2015-12-16,15.238
2015-12-17,15.25
2015-12-18,14.858
2015-12-21,14.413
2015-12-22,13.995
2015-12-23,13.945
2015-12-24,14.15
2015-12-28,14.575
2015-12-29,15.333
2015-12-30,14.458
2015-12-31,14.4
2016-01-04,14.65
2016-01-05,14.7
2016-01-06,15.18
2016-01-07,15.425
2016-01-08,14.575
2016-01-11,14.48
2016-01-12,14.05
2016-01-13,14.25
2016-01-14,13.825
2016-01-15,13.4
2016-01-18,13.55
2016-01-19,13.65
2016-01-20,13.05
2016-01-21,12.975
2016-01-22,13.625
2016-01-25,12.75
2016-01-26,13.1
2016-01-27,13.55
2016-01-28,13.75
2016-01-29,13.0
2016-02-01,12.825
2016-02-02,13.05
2016-02-03,13.15
2016-02-04,12.45
2016-02-05,12.25
2016-02-08,12.25
2016-02-09,12.225
2016-02-10,12.175
2016-02-11,12.0
2016-02-12,12.1
2016-02-15,12.5
2016-02-16,12.58
2016-02-17,12.35
2016-02-18,12.25
2016-02-19,12.225
2016-02-22,12.65
2016-02-23,12.7
2016-02-24,12.5
2016-02-25,12.1
2016-02-26,12.25
2016-02-29,12.725
2016-03-01,12.5
2016-03-02,12.625
2016-03-03,12.5
2016-03-04,12.225
2016-03-07,12.475
2016-03-08,12.35
2016-03-09,12.3
2016-03-10,12.2
2016-03-11,12.4
2016-03-14,12.33
2016-03-15,12.25
2016-03-16,12.4
2016-03-17,12.45
2016-03-18,12.225
2016-03-21,12.0
2016-03-22,12.15
2016-03-23,12.05
2016-03-24,11.95
2016-03-25,11.95
2016-03-28,11.95
2016-03-29,11.95
2016-03-30,12.075
2016-03-31,12.4
2016-04-01,11.53
2016-04-04,11.225
2016-04-05,11.35
2016-04-06,11.325
2016-04-07,11.425
2016-04-08,11.2
2016-04-11,10.95
2016-04-12,11.5
2016-04-13,11.35
2016-04-14,11.28
2016-04-15,11.275
2016-04-18,11.75
2016-04-19,11.925
2016-04-20,11.95
2016-04-21,12.7
2016-04-22,13.2
2016-04-25,13.25
2016-04-26,14.4
2016-04-27,14.45
2016-04-28,13.08
2016-04-29,13.0
2016-05-02,12.65
2016-05-03,12.175
2016-05-04,12.35
2016-05-05,12.6
2016-05-06,12.7
2016-05-09,12.95
2016-05-10,12.9
2016-05-11,13.0
2016-05-12,12.73
2016-05-13,13.025
2016-05-16,13.1
2016-05-17,13.075
2016-05-18,13.15
2016-05-19,12.85
2016-05-20,12.85
2016-05-23,12.83
2016-05-24,13.025
2016-05-25,13.175
2016-05-26,13.6
2016-05-27,14.1
2016-05-30,14.1
2016-05-31,14.175
2016-06-01,14.35
2016-06-02,14.7
2016-06-03,14.3
2016-06-06,14.625
2016-06-07,14.925
2016-06-08,14.53
2016-06-09,14.25
2016-06-10,13.85
2016-06-13,13.78
2016-06-14,14.13
2016-06-15,14.1
2016-06-16,14.275
2016-06-17,14.35
2016-06-20,15.0
2016-06-21,14.8
2016-06-22,15.125
2016-06-23,15.1
2016-06-24,14.45
2016-06-27,14.3
2016-06-28,14.13
2016-06-29,14.35
2016-06-30,14.0
2016-07-01,14.35
2016-07-04,14.4
2016-07-05,14.15
2016-07-06,14.1
2016-07-07,14.3
2016-07-08,14.0
2016-07-11,13.88
2016-07-12,14.3
2016-07-13,14.2
2016-07-14,14.25
2016-07-15,14.2
2016-07-18,14.275
2016-07-19,14.25
2016-07-20,14.525
2016-07-21,14.8
2016-07-22,14.475
2016-07-25,14.625
2016-07-26,14.5
2016-07-27,14.25
2016-07-28,13.775
2016-07-29,13.55
2016-08-01,13.5
2016-08-02,13.5
2016-08-03,13.15
2016-08-04,13.275
2016-08-05,12.45
2016-08-08,12.525
2016-08-09,12.65
2016-08-10,12.4
2016-08-11,12.05
2016-08-12,11.7
2016-08-15,11.15
2016-08-16,11.5
2016-08-17,11.6
2016-08-18,11.425
2016-08-19,10.6
2016-08-22,11.2
2016-08-23,11.35
2016-08-24,11.05
2016-08-25,11.05
2016-08-26,11.5
2016-08-29,11.5
2016-08-30,11.8
2016-08-31,11.75
2016-09-01,12.0
2016-09-02,12.1
2016-09-05,11.9
2016-09-06,11.9
2016-09-07,11.15
2016-09-08,11.25
2016-09-09,11.15
2016-09-12,10.7
2016-09-13,11.05
2016-09-14,10.925
2016-09-15,11.65
2016-09-16,11.875
2016-09-19,13.4
2016-09-20,12.425
2016-09-21,13.075
2016-09-22,13.175
2016-09-23,13.5
2016-09-26,13.45
2016-09-27,12.85
2016-09-28,13.5
2016-09-29,13.575
2016-09-30,13.25
2016-10-03,12.5
2016-10-04,13.825
2016-10-05,14.95
2016-10-06,15.375
2016-10-07,15.45
2016-10-10,15.6
2016-10-11,15.55
2016-10-12,15.35
2016-10-13,15.65
2016-10-14,15.5
2016-10-17,16.025
2016-10-18,16.75
2016-10-19,16.95
2016-10-20,17.05
2016-10-21,17.0
2016-10-24,17.35
2016-10-25,17.7
2016-10-26,17.275
2016-10-27,17.35
2016-10-28,16.875
2016-10-31,17.8
2016-11-01,18.4
2016-11-02,19.15
2016-11-03,18.875
2016-11-04,18.25
2016-11-07,17.875
2016-11-08,17.85
2016-11-09,18.025
2016-11-10,18.1
2016-11-11,18.18
2016-11-14,17.575
2016-11-15,17.925
2016-11-16,17.45
2016-11-17,17.95
2016-11-18,18.0
2016-11-21,17.3
2016-11-22,17.65
2016-11-23,17.725
2016-11-24,17.88
2016-11-25,17.78
2016-11-28,18.4
2016-11-29,18.4
2016-11-30,18.2
2016-12-01,18.08
2016-12-02,17.6
2016-12-05,16.925
2016-12-06,16.425
2016-12-07,16.425
2016-12-08,16.6
2016-12-09,16.7
2016-12-12,17.2
2016-12-13,17.3
2016-12-14,17.0
2016-12-15,17.0
2016-12-16,17.8
2016-12-19,17.7
2016-12-20,17.73
2016-12-21,17.95
2016-12-22,17.95
2016-12-23,18.4
2016-12-26,18.4
2016-12-27,18.4
2016-12-28,18.9
2016-12-29,18.925
2016-12-30,19.75
2017-01-02,19.75
2017-01-03,18.45
2017-01-04,19.38
2017-01-05,18.775
2017-01-06,18.575
2017-01-09,19.2
2017-01-10,20.1
2017-01-11,20.8
2017-01-12,20.8
2017-01-13,20.175
2017-01-16,19.075
2017-01-17,20.05
2017-01-18,20.0
2017-01-19,20.675
2017-01-20,20.75
2017-01-23,22.2
2017-01-24,21.825
2017-01-25,20.65
2017-01-26,20.25
2017-01-27,19.7
2017-01-30,20.7
2017-01-31,21.2
2017-02-01,22.325
2017-02-02,22.0
2017-02-03,23.0
2017-02-06,23.0
2017-02-07,21.875
2017-02-08,20.55
2017-02-09,20.6
2017-02-10,20.1
2017-02-13,19.025
2017-02-14,18.6
2017-02-15,18.8
2017-02-16,18.9
2017-02-17,18.225
2017-02-20,18.15
2017-02-21,17.775
2017-02-22,17.8
2017-02-23,18.45
2017-02-24,17.55
2017-02-27,17.2
2017-02-28,17.1
2017-03-01,17.15
2017-03-02,17.025
2017-03-03,16.7
2017-03-06,16.775
2017-03-07,16.4
2017-03-08,16.45
2017-03-09,16.05
2017-03-10,16.0
2017-03-13,15.85
2017-03-14,15.95
2017-03-15,15.775
2017-03-16,15.73
2017-03-17,15.7
2017-03-20,15.4
2017-03-21,15.55
2017-03-22,15.45
2017-03-23,15.15
2017-03-24,14.9
2017-03-27,14.725
2017-03-28,14.6
2017-03-29,15.075
2017-03-30,15.68
2017-03-31,15.325
2017-04-03,16.1
2017-04-04,16.05
2017-04-05,16.3
2017-04-06,15.975
2017-04-07,15.6
2017-04-10,15.6
2017-04-11,15.65
2017-04-12,15.725
2017-04-13,15.7
2017-04-14,15.7
2017-04-17,15.7
2017-04-18,16.4
2017-04-19,16.2
2017-04-20,16.1
2017-04-21,16.58
2017-04-24,16.25
2017-04-25,16.08
2017-04-26,16.4
2017-04-27,16.15
2017-04-28,16.55
2017-05-01,16.55
2017-05-02,16.7
2017-05-03,16.6
2017-05-04,16.1
2017-05-05,16.0
2017-05-08,15.825
2017-05-09,15.85
2017-05-10,15.825
2017-05-11,15.3
2017-05-12,15.58
2017-05-15,15.475
2017-05-16,15.575
2017-05-17,15.5
2017-05-18,15.6
2017-05-19,15.3
2017-05-22,15.25
2017-05-23,15.55
2017-05-24,15.2
2017-05-25,15.0
2017-05-26,15.1
2017-05-29,15.1
2017-05-30,15.58
2017-05-31,15.3
2017-06-01,15.075
2017-06-02,14.65
2017-06-05,15.05
2017-06-06,14.85
2017-06-07,14.975
2017-06-08,15.08
2017-06-09,15.075
2017-06-12,15.13
2017-06-13,15.15
2017-06-14,15.1
2017-06-15,14.7
2017-06-16,15.2
2017-06-19,15.375
2017-06-20,15.38
2017-06-21,15.375
2017-06-22,15.23
2017-06-23,15.075
2017-06-26,15.4
2017-06-27,15.325
2017-06-28,15.425
2017-06-29,14.98
2017-06-30,15.375
2017-07-03,15.8
2017-07-04,15.35
2017-07-05,15.4
2017-07-06,15.125
2017-07-07,15.025
2017-07-10,15.03
2017-07-11,14.7
2017-07-12,14.75
2017-07-13,15.05
2017-07-14,15.0
2017-07-17,14.9
2017-07-18,14.975
2017-07-19,15.03
2017-07-20,15.225
2017-07-21,15.075
2017-07-24,14.95
2017-07-25,15.1
2017-07-26,15.4
2017-07-27,15.15
2017-07-28,14.975
2017-07-31,15.05
2017-08-01,14.75
2017-08-02,14.925
2017-08-03,15.13
2017-08-04,15.175
2017-08-07,15.55
2017-08-08,15.475
2017-08-09,15.9
2017-08-10,16.15
2017-08-11,16.2
2017-08-14,15.83
2017-08-15,15.8
2017-08-16,16.2
2017-08-17,16.1
2017-08-18,16.4
2017-08-21,16.3
2017-08-22,16.25
2017-08-23,16.7
2017-08-24,16.3
2017-08-25,16.6
2017-08-28,16.6
2017-08-29,16.45
2017-08-30,16.75
2017-08-31,16.325
2017-09-01,16.475
2017-09-04,16.525
2017-09-05,16.95
2017-09-06,17.0
2017-09-07,16.675
2017-09-08,17.05
2017-09-11,17.225
2017-09-12,17.2
2017-09-13,17.68
2017-09-14,17.98
2017-09-15,17.8
2017-09-18,18.0
2017-09-19,17.575
2017-09-20,17.5
2017-09-21,17.225
2017-09-22,17.225
2017-09-25,17.75
2017-09-26,17.7
2017-09-27,17.5
2017-09-28,17.675
2017-09-29,16.4
2017-10-02,16.53
2017-10-03,17.4
2017-10-04,17.475
2017-10-05,17.9
2017-10-06,17.725
2017-10-09,17.9
2017-10-10,17.63
2017-10-11,17.175
2017-10-12,16.975
2017-10-13,16.55
2017-10-16,16.15
2017-10-17,16.85
2017-10-18,16.825
2017-10-19,16.45
2017-10-20,16.35
2017-10-23,16.88
2017-10-24,16.5
2017-10-25,16.975
2017-10-26,17.05
2017-10-27,17.2
2017-10-30,17.875
2017-10-31,17.9
2017-11-01,18.375
2017-11-02,18.0
2017-11-03,18.3
2017-11-06,18.9
2017-11-07,19.25
2017-11-08,19.3
2017-11-09,19.325
2017-11-10,19.85
2017-11-13,19.95
2017-11-14,19.33
2017-11-15,19.3
2017-11-16,19.175
2017-11-17,19.0
2017-11-20,19.525
2017-11-21,19.65
2017-11-22,19.6
2017-11-23,20.25
2017-11-24,20.45
2017-11-27,20.9
2017-11-28,20.625
2017-11-29,20.9
2017-11-30,20.7
2017-12-01,20.875
2017-12-04,21.55
2017-12-05,21.5
2017-12-06,21.18
2017-12-07,21.4
2017-12-08,20.975
2017-12-11,21.775
2017-12-12,22.175
2017-12-13,21.5
2017-12-14,21.6
2017-12-15,21.53
2017-12-18,21.2
2017-12-19,20.175
2017-12-20,20.38
2017-12-21,20.1
2017-12-22,20.0
2017-12-25,20.0
2017-12-26,19.85
2017-12-27,19.95
2017-12-28,19.78
2017-12-29,19.35
2018-01-02,19.15
2018-01-03,19.05
2018-01-04,19.3
2018-01-05,18.8
2018-01-08,18.95
2018-01-09,19.5
2018-01-10,19.4
2018-01-11,19.275
2018-01-12,19.6
2018-01-15,19.0
2018-01-16,18.8
2018-01-17,18.425
2018-01-18,18.73
2018-01-19,18.3
2018-01-22,18.5
2018-01-23,18.0
2018-01-24,17.85
2018-01-25,17.875
2018-01-26,17.4
2018-01-29,17.45
2018-01-30,17.4
2018-01-31,17.85
2018-02-01,18.1
2018-02-02,18.125
2018-02-05,17.75
2018-02-06,17.975
2018-02-07,18.35
2018-02-08,17.98
2018-02-09,18.0
2018-02-12,18.05
2018-02-13,18.475
2018-02-14,18.225
2018-02-15,17.975
2018-02-16,18.23
2018-02-19,19.6
2018-02-20,21.125
2018-02-21,22.05
2018-02-22,22.0
2018-02-23,26.6
2018-02-26,25.4
2018-02-27,34.4
2018-02-28,45.1
2018-03-01,76.0
2018-03-02,27.5
2018-03-05,20.3
2018-03-06,19.6
2018-03-07,18.8
2018-03-08,19.4
2018-03-09,20.05
2018-03-12,26.35
2018-03-13,25.0
2018-03-14,22.65
2018-03-15,24.3
2018-03-16,20.2
2018-03-19,20.65
2018-03-20,21.425
2018-03-21,21.775
2018-03-22,20.5
2018-03-23,19.6
2018-03-26,18.425
2018-03-27,18.65
2018-03-28,18.45
2018-03-29,19.5
2018-03-30,19.5
2018-04-02,19.5
2018-04-03,18.65
2018-04-04,19.1
2018-04-05,19.075
2018-04-06,18.95
2018-04-09,19.0
2018-04-10,20.1
2018-04-11,19.53
2018-04-12,20.775
2018-04-13,19.975
2018-04-16,19.3
2018-04-17,19.0
2018-04-18,19.15
2018-04-19,19.925
2018-04-20,19.625
2018-04-23,19.775
2018-04-24,19.7
2018-04-25,19.875
2018-04-26,20.13
2018-04-27,20.15
2018-04-30,20.825
2018-05-01,20.15
2018-05-02,20.3
2018-05-03,19.975
2018-05-04,20.425
2018-05-07,20.425
2018-05-08,20.7
2018-05-09,20.6
2018-05-10,20.9
2018-05-11,21.25
2018-05-14,21.53
2018-05-15,21.4
2018-05-16,21.75
2018-05-17,22.275
2018-05-18,22.075
2018-05-21,22.2
2018-05-22,22.825
2018-05-23,22.8
2018-05-24,22.7
2018-05-25,21.8
2018-05-28,21.8
2018-05-29,22.6
2018-05-30,22.75
2018-05-31,22.45
2018-06-01,21.88
2018-06-04,22.15
2018-06-05,21.85
2018-06-06,21.6
2018-06-07,21.725
2018-06-08,21.7
2018-06-11,21.725
2018-06-12,21.95
2018-06-13,22.475
2018-06-14,22.7
2018-06-15,21.875
2018-06-18,22.55
2018-06-19,22.125
2018-06-20,22.0
2018-06-21,21.7
2018-06-22,21.95
2018-06-25,21.6
2018-06-26,21.7
2018-06-27,22.125
2018-06-28,21.9
2018-06-29,21.575
2018-07-02,22.15
2018-07-03,22.25
2018-07-04,22.35
2018-07-05,22.35
2018-07-06,22.23
2018-07-09,22.625
2018-07-10,22.78
2018-07-11,22.525
2018-07-12,22.1
2018-07-13,22.55
2018-07-16,22.05
2018-07-17,21.95
2018-07-18,22.2
2018-07-19,22.225
2018-07-20,21.95
2018-07-23,22.225
2018-07-24,22.15
2018-07-25,22.225
2018-07-26,22.275
2018-07-27,22.175
2018-07-30,22.3
2018-07-31,22.075
2018-08-01,22.125
2018-08-02,22.15
2018-08-03,22.275
2018-08-06,22.45
2018-08-07,22.73
2018-08-08,22.525
2018-08-09,22.675
2018-08-10,23.1
2018-08-13,23.6
2018-08-14,23.55
2018-08-15,23.4
2018-08-16,23.6
2018-08-17,24.1
2018-08-20,24.175
2018-08-21,24.2
2018-08-22,24.625
2018-08-23,24.85
2018-08-24,25.175
2018-08-27,25.175
2018-08-28,25.7
2018-08-29,26.3
2018-08-30,26.25
2018-08-31,25.9
2018-09-03,26.35
2018-09-04,26.95
2018-09-05,27.225
2018-09-06,27.45
2018-09-07,28.2
2018-09-10,29.25
2018-09-11,28.7
2018-09-12,27.6
2018-09-13,26.55
2018-09-14,27.25
2018-09-17,27.575
2018-09-18,27.4
2018-09-19,28.4
2018-09-20,28.225
2018-09-21,28.6
2018-09-24,29.475
2018-09-25,29.35
2018-09-26,28.05
2018-09-27,27.55
2018-09-28,27.15
2018-10-01,27.2
2018-10-02,27.125
2018-10-03,27.0
2018-10-04,27.0
2018-10-05,27.35
2018-10-08,26.95
2018-10-09,26.425
2018-10-10,25.625
2018-10-11,24.725
2018-10-12,25.45
2018-10-15,25.925
2018-10-16,25.725
2018-10-17,25.35
2018-10-18,25.2
2018-10-19,26.3
2018-10-22,24.95
2018-10-23,24.625
2018-10-24,25.05
2018-10-25,24.45
2018-10-26,23.88
2018-10-29,24.525
2018-10-30,23.725
2018-10-31,23.475
2018-11-01,23.08
2018-11-02,23.6
2018-11-05,23.225
2018-11-06,23.2
2018-11-07,24.3
2018-11-08,24.725
2018-11-09,23.83
2018-11-12,25.5
2018-11-13,26.4
2018-11-14,26.45
2018-11-15,26.5
2018-11-16,25.7
2018-11-19,24.3
2018-11-20,24.625
2018-11-21,24.725
2018-11-22,24.8
2018-11-23,24.85
2018-11-26,24.575
2018-11-27,25.1
2018-11-28,24.375
2018-11-29,24.55
2018-11-30,24.15
2018-12-03,24.6
2018-12-04,23.875
2018-12-05,23.3
2018-12-06,22.6
2018-12-07,22.6
2018-12-10,23.1
2018-12-11,23.45
2018-12-12,24.0
2018-12-13,24.125
2018-12-14,24.125
2018-12-17,24.125
2018-12-18,23.875
2018-12-19,24.25
2018-12-20,24.775
2018-12-21,24.475
2018-12-24,24.05
2018-12-25,24.05
2018-12-26,24.05
2018-12-27,23.325
2018-12-28,22.025
2018-12-31,21.3
2019-01-02,22.3
2019-01-03,21.85
2019-01-04,22.075
2019-01-07,20.65
2019-01-08,21.75
2019-01-09,21.125
2019-01-10,21.9
2019-01-11,21.375
2019-01-14,21.375
2019-01-15,21.2
2019-01-16,21.7
2019-01-17,22.68
2019-01-18,22.225
2019-01-21,21.8
2019-01-22,21.675
2019-01-23,21.95
2019-01-24,21.2
2019-01-25,20.8
2019-01-28,20.55
2019-01-29,20.8
2019-01-30,20.3
2019-01-31,19.95
2019-02-01,19.0
2019-02-04,19.35
2019-02-05,18.65
2019-02-06,19.0
2019-02-07,18.6
2019-02-08,18.275
2019-02-11,18.325
2019-02-12,17.45
2019-02-13,18.1
2019-02-14,17.75
2019-02-15,17.8
2019-02-18,17.35
2019-02-19,17.8
2019-02-20,18.1
2019-02-21,17.5
2019-02-22,17.0
2019-02-25,16.85
2019-02-26,17.325
2019-02-27,17.78
2019-02-28,17.75
2019-03-01,17.425
2019-03-04,17.6
2019-03-05,17.075
2019-03-06,16.925
2019-03-07,16.925
2019-03-08,16.8
2019-03-11,16.9
2019-03-12,16.5
2019-03-13,15.9
2019-03-14,15.525
2019-03-15,14.85
2019-03-18,15.4
2019-03-19,15.23
2019-03-20,15.125
2019-03-21,14.375
2019-03-22,14.2
2019-03-25,14.35
2019-03-26,14.65
2019-03-27,14.95
2019-03-28,14.1
2019-03-29,14.8
2019-04-01,14.125
2019-04-02,13.73
2019-04-03,14.5
2019-04-04,15.08
2019-04-05,16.4
2019-04-08,15.825
2019-04-09,16.85
2019-04-10,16.25
2019-04-11,16.525
2019-04-12,15.975
2019-04-15,15.0
2019-04-16,15.25
2019-04-17,15.05
2019-04-18,14.925
2019-04-19,14.925
2019-04-22,14.925
2019-04-23,14.45
2019-04-24,14.175
2019-04-25,14.7
2019-04-26,14.55
2019-04-29,14.525
2019-04-30,14.35
2019-05-01,14.375
2019-05-02,14.65
2019-05-03,14.75
2019-05-06,14.75
2019-05-07,14.475
2019-05-08,14.45
2019-05-09,14.55
2019-05-10,14.375
2019-05-13,13.875
2019-05-14,13.7
2019-05-15,14.0
2019-05-16,13.4
2019-05-17,13.075
2019-05-20,12.87
2019-05-21,12.7
2019-05-22,13.05
2019-05-23,12.45
2019-05-24,12.3
2019-05-27,12.3
2019-05-28,12.425
2019-05-29,11.75
2019-05-30,11.2
2019-05-31,10.3
2019-06-03,10.175
2019-06-04,11.2
2019-06-05,10.6
2019-06-06,10.425
2019-06-07,10.98
2019-06-10,11.575
2019-06-11,11.2
2019-06-12,11.225
2019-06-13,11.43
2019-06-14,11.18
2019-06-17,11.38
2019-06-18,11.225
2019-06-19,10.33
2019-06-20,10.225
2019-06-21,10.3
2019-06-24,9.8
2019-06-25,9.125
2019-06-26,9.5
2019-06-27,9.125
2019-06-28,9.5
2019-07-01,10.23
2019-07-02,10.3
2019-07-03,10.3
2019-07-04,10.2
2019-07-05,11.125
2019-07-08,11.95
2019-07-09,11.55
2019-07-10,12.35
2019-07-11,12.7
2019-07-12,12.9
2019-07-15,12.8
2019-07-16,11.25
2019-07-17,11.2
2019-07-18,10.75
2019-07-19,10.9
2019-07-22,10.2
2019-07-23,10.65
2019-07-24,10.325
2019-07-25,10.375
2019-07-26,10.05
2019-07-29,9.475
2019-07-30,9.725
2019-07-31,10.175
2019-08-01,11.325
2019-08-02,11.3
2019-08-05,10.075
2019-08-06,9.7
2019-08-07,9.75
2019-08-08,10.13
2019-08-09,10.35
2019-08-12,10.425
2019-08-13,10.95
2019-08-14,9.65
2019-08-15,9.5
2019-08-16,9.6
2019-08-19,9.375
2019-08-20,9.9
2019-08-21,9.95
2019-08-22,10.1
2019-08-23,9.65
2019-08-26,9.65
2019-08-27,10.35
2019-08-28,10.175
2019-08-29,9.9
2019-08-30,9.0
2019-09-02,7.85
2019-09-03,7.625
2019-09-04,7.5
2019-09-05,8.075
2019-09-06,9.6
2019-09-09,9.55
2019-09-10,10.9
2019-09-11,10.225
2019-09-12,10.85
2019-09-13,10.55
2019-09-16,11.2
2019-09-17,9.625
2019-09-18,9.55
2019-09-19,9.3
2019-09-20,9.9
2019-09-23,10.05
2019-09-24,11.15
2019-09-25,10.15
2019-09-26,10.175
2019-09-27,9.5
2019-09-30,8.05
2019-10-01,9.775
2019-10-02,10.175
2019-10-03,11.35
2019-10-04,11.5
2019-10-07,10.3
2019-10-08,9.45
2019-10-09,8.15
2019-10-10,8.9
2019-10-11,9.35
2019-10-14,11.1
2019-10-15,10.9
2019-10-16,10.65
2019-10-17,9.975
2019-10-18,10.6
2019-10-21,10.275
2019-10-22,10.25
2019-10-23,10.525
2019-10-24,10.025
2019-10-25,10.7
2019-10-28,11.3
2019-10-29,10.325
2019-10-30,9.775
2019-10-31,10.0
2019-11-01,11.45
2019-11-04,11.85
2019-11-05,13.275
2019-11-06,13.2
2019-11-07,13.65
2019-11-08,14.3
2019-11-11,14.5
2019-11-12,15.0
2019-11-13,14.725
2019-11-14,14.6
2019-11-15,15.2
2019-11-18,14.775
2019-11-19,15.2
2019-11-20,14.875
2019-11-21,15.725
2019-11-22,15.65
2019-11-25,16.475
2019-11-26,15.65
2019-11-27,15.925
2019-11-28,15.6
2019-11-29,15.65
2019-12-02,15.38
2019-12-03,15.025
2019-12-04,14.95
2019-12-05,14.1
2019-12-06,14.1
2019-12-09,13.55
2019-12-10,13.65
2019-12-11,13.175
2019-12-12,13.5
2019-12-13,13.0
2019-12-16,12.55
2019-12-17,13.05
2019-12-18,12.75
2019-12-19,13.18
2019-12-20,13.0
2019-12-23,11.38
2019-12-24,11.0
2019-12-25,11.0
2019-12-26,11.0
2019-12-27,12.65
2019-12-30,12.35
2019-12-31,11.6
2020-01-02,11.85
2020-01-03,12.725
2020-01-06,12.125
2020-01-07,11.75
2020-01-08,11.75
2020-01-09,11.83
2020-01-10,11.8
2020-01-13,12.0
2020-01-14,11.25
2020-01-15,11.18
2020-01-16,11.05
2020-01-17,10.85
2020-01-20,10.7
2020-01-21,10.95
2020-01-22,10.575
2020-01-23,10.425
2020-01-24,10.475
2020-01-27,10.5
2020-01-28,10.83
2020-01-29,10.125
2020-01-30,9.9
2020-01-31,9.8
2020-02-03,9.475
2020-02-04,9.75
2020-02-05,9.6
2020-02-06,9.275
2020-02-07,9.375
2020-02-10,8.88
2020-02-11,9.05
2020-02-12,9.3
2020-02-13,9.1
2020-02-14,9.15
2020-02-17,9.4
2020-02-18,9.68
2020-02-19,9.625
2020-02-20,9.78
2020-02-21,9.45
2020-02-24,9.3
2020-02-25,9.325
2020-02-26,9.5
2020-02-27,9.18
2020-02-28,9.225
2020-03-02,9.43
2020-03-03,9.525
2020-03-04,9.275
2020-03-05,9.45
2020-03-06,9.0
2020-03-09,8.825
2020-03-10,9.15
2020-03-11,9.15
2020-03-12,9.475
2020-03-13,9.35
2020-03-16,8.875
2020-03-17,8.5
2020-03-18,8.45
2020-03-19,8.63
2020-03-20,8.25
2020-03-23,8.175
2020-03-24,8.15
2020-03-25,8.05
2020-03-26,7.63
2020-03-27,7.45
2020-03-30,7.15
2020-03-31,7.125
2020-04-01,7.0
2020-04-02,7.05
2020-04-03,7.05
2020-04-06,7.075
2020-04-07,7.3
2020-04-08,7.05
2020-04-09,7.05
2020-04-10,7.05
2020-04-13,7.05
2020-04-14,7.075
2020-04-15,6.85
2020-04-16,6.825
2020-04-17,6.35
2020-04-20,6.18
2020-04-21,5.95
2020-04-22,6.15
2020-04-23,5.63
2020-04-24,5.55
2020-04-27,6.175
2020-04-28,6.05
2020-04-29,5.6
2020-04-30,5.575
2020-05-01,5.2
2020-05-04,5.525
2020-05-05,5.25
2020-05-06,5.53
2020-05-07,5.3
2020-05-08,5.3
2020-05-11,5.85
2020-05-12,5.025
2020-05-13,5.025
2020-05-14,5.05
2020-05-15,4.8
2020-05-18,4.5
2020-05-19,4.225
2020-05-20,3.95
2020-05-21,3.0
2020-05-22,3.75
2020-05-25,3.75
2020-05-26,4.03
2020-05-27,3.48
2020-05-28,3.2
2020-05-29,3.525
2020-06-01,3.6
2020-06-02,4.3
2020-06-03,4.625
2020-06-04,4.5
2020-06-05,4.88
2020-06-08,4.7
2020-06-09,4.65
2020-06-10,4.65
2020-06-11,4.7
2020-06-12,5.03
2020-06-15,5.35
2020-06-16,5.1
2020-06-17,5.2
2020-06-18,5.23
2020-06-19,5.4
2020-06-22,5.28
2020-06-23,5.73
2020-06-24,5.675
2020-06-25,5.03
2020-06-26,5.1
2020-06-29,5.63
2020-06-30,5.5
2020-07-01,5.55
2020-07-02,5.125
2020-07-03,4.85
2020-07-06,5.325
2020-07-07,5.475
2020-07-08,5.4
2020-07-09,4.85
2020-07-10,4.775
2020-07-13,4.325
2020-07-14,4.3
2020-07-15,4.8
2020-07-16,4.425
2020-07-17,4.9
2020-07-20,4.43
2020-07-21,4.63
2020-07-22,4.8
2020-07-23,4.85
2020-07-24,4.775
2020-07-27,4.35
2020-07-28,4.55
2020-07-29,4.925
2020-07-30,4.875
2020-07-31,5.2
2020-08-03,6.525
2020-08-04,6.35
2020-08-05,6.7
2020-08-06,7.1
2020-08-07,7.05
2020-08-10,6.9
2020-08-11,6.8
2020-08-12,6.425
2020-08-13,6.725
2020-08-14,7.15
2020-08-17,7.5
2020-08-18,8.25
2020-08-19,8.0
2020-08-20,7.25
2020-08-21,6.58
2020-08-24,7.575
2020-08-25,8.475
2020-08-26,8.8
2020-08-27,8.75
2020-08-28,9.65
2020-08-31,10.375
2020-09-01,10.775
2020-09-02,10.625
2020-09-03,11.15
2020-09-04,11.575
2020-09-07,11.175
2020-09-08,10.875
2020-09-09,10.65
2020-09-10,10.525
2020-09-11,10.425
2020-09-14,10.25
2020-09-15,10.7
2020-09-16,11.225
2020-09-17,11.0
2020-09-18,10.85
2020-09-21,11.425
2020-09-22,11.425
2020-09-23,11.6
2020-09-24,11.38
2020-09-25,11.5
2020-09-28,12.36
2020-09-29,12.1
2020-09-30,12.675
2020-10-01,12.1
2020-10-02,12.25
2020-10-05,13.025
2020-10-06,12.9
2020-10-07,13.53
2020-10-08,13.6
2020-10-09,13.9
2020-10-12,13.85
2020-10-13,13.25
2020-10-14,13.9
2020-10-15,14.225
2020-10-16,14.78
2020-10-19,14.95
2020-10-20,14.7
2020-10-21,14.93
2020-10-22,15.225
2020-10-23,15.33
2020-10-26,14.85
2020-10-27,14.85
2020-10-28,14.4
2020-10-29,13.9
2020-10-30,13.45
2020-11-02,13.175
2020-11-03,13.7
2020-11-04,13.775
2020-11-05,14.275
2020-11-06,13.4
2020-11-09,14.05
2020-11-10,14.1
2020-11-11,14.1
2020-11-12,13.85
2020-11-13,13.875
2020-11-16,14.075
2020-11-17,13.45
2020-11-18,13.0
2020-11-19,13.0
2020-11-20,12.65
2020-11-23,13.625
2020-11-24,13.9
2020-11-25,14.0
2020-11-26,14.125
2020-11-27,14.6
2020-11-30,15.2
2020-12-01,15.0
2020-12-02,14.875
2020-12-03,13.9
2020-12-04,14.625
2020-12-07,14.15
2020-12-08,14.425
2020-12-09,14.75
2020-12-10,15.58
2020-12-11,15.95
2020-12-14,16.68
2020-12-15,17.28
2020-12-16,16.15
2020-12-17,15.825
2020-12-18,15.675
2020-12-21,16.9
2020-12-22,17.425
2020-12-23,17.1
2020-12-24,17.63
2020-12-25,17.63
2020-12-28,17.63
2020-12-29,19.05
2020-12-30,19.0
2020-12-31,18.8
2021-01-04,19.9
2021-01-05,18.05
2021-01-06,17.65
2021-01-07,19.5
2021-01-08,20.4
2021-01-11,22.25
2021-01-12,26.2
2021-01-13,23.13
2021-01-14,21.25
2021-01-15,20.375
2021-01-18,19.05
2021-01-19,20.25
2021-01-20,19.83
2021-01-21,19.75
2021-01-22,21.55
2021-01-25,20.15
2021-01-26,19.95
2021-01-27,19.78
2021-01-28,20.85
2021-01-29,19.9
2021-02-01,17.775
2021-02-02,17.975
2021-02-03,17.85
2021-02-04,18.0
2021-02-05,18.45
2021-02-08,20.65
2021-02-09,19.9
2021-02-10,19.05
2021-02-11,18.1
2021-02-12,17.875
2021-02-15,16.35
2021-02-16,16.6
2021-02-17,16.55
2021-02-18,17.05
2021-02-19,16.5
2021-02-22,15.8
2021-02-23,15.95
2021-02-24,16.25
2021-02-25,15.93
2021-02-26,15.95
2021-03-01,16.3
2021-03-02,16.25
2021-03-03,16.05
2021-03-04,16.45
2021-03-05,16.55
2021-03-08,16.88
2021-03-09,17.25
2021-03-10,17.85
2021-03-11,18.05
2021-03-12,18.65
2021-03-15,18.3
2021-03-16,17.93
2021-03-17,18.7
2021-03-18,17.65
2021-03-19,17.75
2021-03-22,18.55
2021-03-23,18.5
2021-03-24,18.65
2021-03-25,18.15
2021-03-26,18.5
2021-03-29,18.35
2021-03-30,18.725
2021-03-31,18.93
2021-04-01,19.2
2021-04-02,19.2
2021-04-05,19.2
2021-04-06,20.4
2021-04-07,20.05
2021-04-08,19.5
2021-04-09,19.475
2021-04-12,20.85
2021-04-13,20.3
2021-04-14,20.425
2021-04-15,20.825
2021-04-16,21.2
2021-04-19,21.475
2021-04-20,21.525
2021-04-21,21.35
2021-04-22,21.65
2021-04-23,20.175
2021-04-26,20.125
2021-04-27,21.75
2021-04-28,21.9
2021-04-29,22.675
2021-04-30,23.6
2021-05-03,23.55
2021-05-04,23.775
2021-05-05,24.68
2021-05-06,24.98
2021-05-07,24.125
2021-05-10,25.275
2021-05-11,26.15
2021-05-12,26.1
2021-05-13,26.4
2021-05-14,27.2
2021-05-17,26.6
2021-05-18,25.575
2021-05-19,23.0
2021-05-20,24.75
2021-05-21,24.8
2021-05-24,24.8
2021-05-25,25.725
2021-05-26,26.25
2021-05-27,25.425
2021-05-28,25.45
2021-05-31,25.35
2021-06-01,25.8
2021-06-02,25.4
2021-06-03,25.825
2021-06-04,25.85
2021-06-07,26.675
2021-06-08,28.13
2021-06-09,27.9
2021-06-10,28.1
2021-06-11,28.0
2021-06-14,28.925
2021-06-15,27.95
2021-06-16,28.15
2021-06-17,28.6
2021-06-18,29.575
2021-06-21,29.9
2021-06-22,31.4
2021-06-23,31.15
2021-06-24,31.95
2021-06-25,32.45
2021-06-28,32.225
2021-06-29,33.65
2021-06-30,35.5
2021-07-01,36.4
2021-07-02,36.3
2021-07-05,37.85
2021-07-06,33.6
2021-07-07,32.65
2021-07-08,34.0
2021-07-09,36.825
2021-07-12,34.65
2021-07-13,35.45
2021-07-14,33.9
2021-07-15,34.0
2021-07-16,35.28
2021-07-19,36.2
2021-07-20,35.3
2021-07-21,35.95
2021-07-22,35.8
2021-07-23,35.65
2021-07-26,36.975
2021-07-27,37.98
2021-07-28,39.725
2021-07-29,41.375
2021-07-30,40.575
2021-08-02,42.025
2021-08-03,41.15
2021-08-04,41.8
2021-08-05,42.575
2021-08-06,43.425
2021-08-09,42.7
2021-08-10,44.445
2021-08-11,46.2
2021-08-12,45.6
2021-08-13,44.3
2021-08-16,47.675
2021-08-17,46.25
2021-08-18,45.0
2021-08-19,40.38
2021-08-20,41.55
2021-08-23,42.4
2021-08-24,45.2
2021-08-25,44.7
2021-08-26,45.325
2021-08-27,47.7
2021-08-30,46.9
2021-08-31,50.175
2021-09-01,49.5
2021-09-02,51.0
2021-09-03,51.2
2021-09-06,52.125
2021-09-07,53.6
2021-09-08,54.75
2021-09-09,56.4
2021-09-10,56.85
2021-09-13,61.65
2021-09-14,66.05
2021-09-15,65.5
2021-09-16,60.85
2021-09-17,63.85
2021-09-20,73.45
2021-09-21,72.0
2021-09-22,68.605
2021-09-23,67.025
2021-09-24,67.95
2021-09-27,75.98
2021-09-28,76.975
2021-09-29,83.75
2021-09-30,93.0
2021-10-01,89.5
2021-10-04,90.059
2021-10-05,112.93
2021-10-06,107.5
2021-10-07,95.7
2021-10-08,85.5
2021-10-11,86.1
2021-10-12,84.7
2021-10-13,90.3
2021-10-14,100.6
2021-10-15,95.15
2021-10-18,92.125
2021-10-19,84.498
2021-10-20,90.642
2021-10-21,89.425
2021-10-22,87.35
2021-10-25,87.5
2021-10-26,87.4
2021-10-27,85.5
2021-10-28,75.3
2021-10-29,63.179
2021-11-01,64.5
2021-11-02,66.838
2021-11-03,76.0
2021-11-04,72.7
2021-11-05,73.0
2021-11-08,78.7
2021-11-09,73.725
2021-11-10,69.0
2021-11-11,74.15
2021-11-12,74.3
2021-11-15,78.5
2021-11-16,92.0
2021-11-17,94.0
2021-11-18,93.78
2021-11-19,86.075
2021-11-22,84.31
2021-11-23,91.6
2021-11-24,93.9
2021-11-25,93.63
2021-11-26,88.3
2021-11-29,94.6
2021-11-30,94.359
2021-12-01,94.9
2021-12-02,94.788
2021-12-03,91.4
2021-12-06,90.05
2021-12-07,95.875
2021-12-08,101.2
2021-12-09,100.851
2021-12-10,106.4
2021-12-13,115.0
2021-12-14,123.15
2021-12-15,127.975
2021-12-16,139.5
2021-12-17,135.9
2021-12-20,149.35
2021-12-21,182.031
2021-12-22,174.2
2021-12-23,139.3
2021-12-24,102.0
2021-12-27,105.0
2021-12-28,97.8
2021-12-29,102.975
2021-12-30,83.4
2021-12-31,66.5
2022-01-03,72.0
2022-01-04,91.8
2022-01-05,89.725
2022-01-06,95.7
2022-01-07,89.0
2022-01-10,84.975
2022-01-11,79.7
2022-01-12,74.5
2022-01-13,79.95
2022-01-14,88.0
2022-01-17,75.35
2022-01-18,78.65
2022-01-19,76.6
2022-01-20,74.18
2022-01-21,79.875
2022-01-24,93.4
2022-01-25,93.5
2022-01-26,90.7
2022-01-27,91.7
2022-01-28,91.8
2022-01-31,84.8
2022-02-01,75.9
2022-02-02,77.8
2022-02-03,78.5
2022-02-04,82.0
2022-02-07,79.2
2022-02-08,78.5
2022-02-09,74.8
2022-02-10,73.65
2022-02-11,77.25
2022-02-14,80.625
2022-02-15,70.98
2022-02-16,69.55
2022-02-17,73.1
2022-02-18,71.3
2022-02-21,74.175
2022-02-22,79.5
2022-02-23,87.6
2022-02-24,131.0
2022-02-25,95.85
2022-02-28,107.5
2022-03-01,121.5
2022-03-02,164.5
2022-03-03,166.25
2022-03-04,191.775
2022-03-07,227.0
2022-03-08,215.0
2022-03-09,163.0
2022-03-10,134.03
2022-03-11,129.0
2022-03-14,114.4
2022-03-15,115.0
2022-03-16,101.0
2022-03-17,101.75
2022-03-18,104.975
2022-03-21,95.65
2022-03-22,98.85
2022-03-23,113.55
2022-03-24,111.5
2022-03-25,101.18
2022-03-28,98.8
2022-03-29,111.23
2022-03-30,119.15
2022-03-31,122.2
2022-04-01,114.5
2022-04-04,109.975
2022-04-05,108.5
2022-04-06,107.9
2022-04-07,103.73
2022-04-08,105.3
2022-04-11,100.75
2022-04-12,102.275
2022-04-13,104.85
2022-04-14,97.0
2022-04-15,93.515
2022-04-18,100.5
2022-04-19,92.888
2022-04-20,96.5
2022-04-21,97.75
2022-04-22,96.9
2022-04-25,96.65
2022-04-26,93.25
2022-04-27,108.4
2022-04-28,101.7
2022-04-29,103.85
2022-05-02,96.05
2022-05-03,102.5
2022-05-04,104.0
2022-05-05,100.75
2022-05-06,93.0
2022-05-09,89.55
2022-05-10,85.8
2022-05-11,83.05
2022-05-12,94.5
2022-05-13,90.1
2022-05-16,92.75
2022-05-17,92.9
2022-05-18,94.0
2022-05-19,89.7
2022-05-20,87.25
2022-05-23,80.025
2022-05-24,78.575
2022-05-25,82.0
2022-05-26,82.5
2022-05-27,85.0
2022-05-30,87.0
2022-05-31,88.35
2022-06-01,80.2
2022-06-02,82.975
2022-06-03,77.7
2022-06-06,79.25
2022-06-07,78.625
2022-06-08,77.0
2022-06-09,83.3
2022-06-10,79.5
2022-06-13,82.5
2022-06-14,97.0
2022-06-15,120.0
2022-06-16,124.0
2022-06-17,112.5
2022-06-20,117.25
2022-06-21,122.675
2022-06-22,128.7
2022-06-23,132.2
2022-06-24,127.15
2022-06-27,129.5
2022-06-28,130.275
2022-06-29,139.1
2022-06-30,145.075
2022-07-01,146.3
2022-07-04,162.0
2022-07-05,166.975
2022-07-06,168.0
2022-07-07,188.0
2022-07-08,178.25
2022-07-11,168.5
2022-07-12,171.5
2022-07-13,179.7
2022-07-14,173.675
2022-07-15,158.0
2022-07-18,155.0
2022-07-19,153.0
2022-07-20,150.4
2022-07-21,152.5
2022-07-22,159.7
2022-07-25,175.5
2022-07-26,200.8
2022-07-27,215.1
2022-07-28,198.97
2022-07-29,191.15
2022-08-01,199.0
2022-08-02,203.0
2022-08-03,199.25
2022-08-04,202.2
2022-08-05,193.75
2022-08-08,192.015
2022-08-09,190.0
2022-08-10,206.202
2022-08-11,211.0
2022-08-12,205.0
2022-08-15,213.45
2022-08-16,226.45
2022-08-17,226.7
2022-08-18,241.738
2022-08-19,240.25
2022-08-22,272.0
2022-08-23,269.0
2022-08-24,289.85
2022-08-25,308.7
2022-08-26,338.0
2022-08-29,272.975
2022-08-30,255.0
2022-08-31,238.925
2022-09-01,228.0
2022-09-02,196.0
2022-09-05,227.35
2022-09-06,220.0
2022-09-07,201.0
2022-09-08,204.355
2022-09-09,185.0
2022-09-12,188.0
2022-09-13,194.5
2022-09-14,213.75
2022-09-15,202.8
2022-09-16,150.0
2022-09-19,165.1
2022-09-20,172.6
2022-09-21,176.0
2022-09-22,171.5
2022-09-23,173.0
2022-09-26,171.5
2022-09-27,182.9
2022-09-28,200.85
2022-09-29,180.0
2022-09-30,165.0
2022-10-03,132.42
2022-10-04,90.0
2022-10-05,97.0
2022-10-06,126.0
2022-10-07,105.0
2022-10-10,93.0
2022-10-11,101.0
2022-10-12,105.0
2022-10-13,97.0
2022-10-14,63.0
2022-10-17,56.2
2022-10-18,56.1
2022-10-19,67.5
2022-10-20,62.4
2022-10-21,40.0
2022-10-24,27.4
2022-10-25,38.4
2022-10-26,46.75
2022-10-27,30.82
2022-10-28,33.0
2022-10-31,36.0
2022-11-01,20.25
2022-11-02,45.0
2022-11-03,72.0
2022-11-04,58.5
2022-11-07,60.5
2022-11-08,99.0
2022-11-09,88.3
2022-11-10,84.05
2022-11-11,66.0
2022-11-14,109.5
2022-11-15,115.45
2022-11-16,102.5
2022-11-17,105.0
2022-11-18,110.5
2022-11-21,113.005
2022-11-22,114.66
2022-11-23,125.0
2022-11-24,121.96
2022-11-25,124.3
2022-11-28,124.4
2022-11-29,130.75
2022-11-30,144.9
2022-12-01,139.0
2022-12-02,132.4
2022-12-05,133.0
2022-12-06,140.0
2022-12-07,148.0
2022-12-08,140.2
2022-12-09,141.5
2022-12-12,137.68
2022-12-13,138.8
2022-12-14,134.0
2022-12-15,134.4
2022-12-16,115.6
2022-12-19,111.0
2022-12-20,105.8
2022-12-21,95.6
2022-12-22,89.5
2022-12-23,83.0
2022-12-26,79.299
2022-12-27,83.205
2022-12-28,77.3
2022-12-29,80.35
2022-12-30,74.0
2023-01-02,71.5
2023-01-03,71.375
2023-01-04,62.4
2023-01-05,67.0
2023-01-06,67.755
2023-01-09,70.83
2023-01-10,67.0
2023-01-11,62.5
2023-01-12,64.95
2023-01-13,64.0
2023-01-16,55.5
2023-01-17,59.0
2023-01-18,62.0
2023-01-19,59.7
2023-01-20,66.3
2023-01-23,69.0
2023-01-24,60.5
2023-01-25,56.85
2023-01-26,56.5
2023-01-27,54.1
2023-01-30,55.5
2023-01-31,57.59
2023-02-01,60.6
2023-02-02,57.425
2023-02-03,59.0
2023-02-06,59.0
2023-02-07,57.25
2023-02-08,53.85
2023-02-09,53.7
2023-02-10,53.905
2023-02-13,53.0
2023-02-14,53.44
2023-02-15,54.8
2023-02-16,52.4
2023-02-17,49.15
2023-02-20,50.01
2023-02-21,48.9
2023-02-22,51.1
2023-02-23,51.5
2023-02-24,53.4
2023-02-27,49.25
2023-02-28,48.0
2023-03-01,48.5
2023-03-02,48.25
2023-03-03,46.5
2023-03-06,43.45
2023-03-07,44.8
2023-03-08,44.45
2023-03-09,42.6
2023-03-10,50.5
2023-03-13,52.5
2023-03-14,44.5
2023-03-15,43.45
2023-03-16,44.3
2023-03-17,42.75
2023-03-20,39.78
2023-03-21,40.65
2023-03-22,39.525
2023-03-23,43.375
2023-03-24,42.4
2023-03-27,43.201
2023-03-28,43.65
2023-03-29,42.9
2023-03-30,43.5
2023-03-31,48.375
2023-04-03,51.6
2023-04-04,48.325
2023-04-05,46.2
2023-04-06,43.35
2023-04-07,42.612
2023-04-10,42.81
2023-04-11,44.4
2023-04-12,45.2
2023-04-13,43.45
2023-04-14,41.65
2023-04-17,41.7
2023-04-18,42.825
2023-04-19,41.2
2023-04-20,41.0
2023-04-21,40.3
2023-04-24,40.0
2023-04-25,39.75
2023-04-26,39.0
2023-04-27,39.05
2023-04-28,39.2
2023-05-01,35.094
2023-05-02,37.88
2023-05-03,36.5
2023-05-04,35.45
2023-05-05,36.5
2023-05-08,37.084
2023-05-09,36.5
2023-05-10,35.35
2023-05-11,34.65
2023-05-12,32.675
2023-05-15,32.0
2023-05-16,32.1
2023-05-17,31.77
2023-05-18,29.5
2023-05-19,29.55
2023-05-22,29.0
2023-05-23,28.8
2023-05-24,27.65
2023-05-25,26.28
2023-05-26,23.38
2023-05-29,24.684
2023-05-30,24.375
2023-05-31,27.0
2023-06-01,23.125
2023-06-02,23.65
2023-06-05,27.175
2023-06-06,25.65
2023-06-07,26.175
2023-06-08,27.25
2023-06-09,31.75
2023-06-12,30.7
2023-06-13,34.7
2023-06-14,38.0
2023-06-15,40.6
2023-06-16,36.0
2023-06-19,35.285
2023-06-20,39.8
2023-06-21,37.7
2023-06-22,34.4
2023-06-23,32.375
2023-06-26,32.925
2023-06-27,35.05
2023-06-28,34.8
2023-06-29,35.0
2023-06-30,37.1
2023-07-03,34.68
2023-07-04,34.7
2023-07-05,34.6
2023-07-06,31.85
2023-07-07,32.4
2023-07-10,30.2
2023-07-11,28.775
2023-07-12,26.575
2023-07-13,26.15
2023-07-14,25.7
2023-07-17,24.95
2023-07-18,26.75
2023-07-19,27.1
2023-07-20,27.075
2023-07-21,28.5
2023-07-24,30.1
2023-07-25,32.65
2023-07-26,29.0
2023-07-27,28.15
2023-07-28,25.825
2023-07-31,26.175
2023-08-01,26.15
2023-08-02,27.025
2023-08-03,29.4
2023-08-04,27.805
2023-08-07,29.16
2023-08-08,29.45
2023-08-09,37.8
2023-08-10,36.795
2023-08-11,32.5
2023-08-14,31.15
2023-08-15,35.6
2023-08-16,35.2
2023-08-17,34.1
2023-08-18,33.45
2023-08-21,40.35
2023-08-22,42.45
2023-08-23,37.5
2023-08-24,32.2
2023-08-25,35.65
2023-08-28,35.25
2023-08-29,35.65
2023-08-30,35.75
2023-08-31,32.65
2023-09-01,31.63
2023-09-04,31.1
2023-09-05,32.375
2023-09-06,29.5
2023-09-07,31.825
2023-09-08,33.9
2023-09-11,36.35
2023-09-12,35.475
2023-09-13,36.075
2023-09-14,35.0
2023-09-15,36.3
2023-09-18,34.25
2023-09-19,36.0
2023-09-20,37.2
2023-09-21,39.55
2023-09-22,40.25
2023-09-25,44.95
2023-09-26,40.4
2023-09-27,39.275
2023-09-28,40.175
2023-09-29,37.75
2023-10-02,33.5
2023-10-03,29.25
2023-10-04,33.6
2023-10-05,28.5
2023-10-06,32.25
2023-10-09,41.0
2023-10-10,45.55
2023-10-11,44.4
2023-10-12,48.5
2023-10-13,52.75
2023-10-16,47.5
2023-10-17,46.5
2023-10-18,46.525
2023-10-19,45.8
2023-10-20,47.1
2023-10-23,48.15
2023-10-24,48.4
2023-10-25,48.825
2023-10-26,48.25
2023-10-27,47.25
2023-10-30,48.9
2023-10-31,40.65
2023-11-01,34.7
2023-11-02,39.15
2023-11-03,40.9
2023-11-06,40.95
2023-11-07,42.655
2023-11-08,43.625
2023-11-09,44.0
2023-11-10,41.9
2023-11-13,41.8
2023-11-14,43.725
2023-11-15,46.2
2023-11-16,45.8
2023-11-17,44.525
2023-11-20,45.5
2023-11-21,44.4
2023-11-22,44.375
2023-11-23,46.5
2023-11-24,46.9
2023-11-27,44.5
2023-11-28,43.395
2023-11-29,41.578
2023-11-30,42.3
2023-12-01,42.7
2023-12-04,41.43
2023-12-05,38.2
2023-12-06,39.04
2023-12-07,39.4
2023-12-08,38.0
2023-12-11,35.1
2023-12-12,34.4
2023-12-13,35.7
2023-12-14,34.4
2023-12-15,31.5
2023-12-18,34.4
2023-12-19,31.875
2023-12-20,32.4
2023-12-21,33.0
2023-12-22,33.8
2023-12-25,32.935
2023-12-26,32.935
2023-12-27,34.7
2023-12-28,32.1
2023-12-29,30.5
2024-01-01,32.696
2024-01-02,30.503
2024-01-03,33.36
2024-01-04,34.552
2024-01-05,34.5
2024-01-08,31.908
2024-01-09,31.4
2024-01-10,30.946
2024-01-11,31.106
2024-01-12,32.25
2024-01-15,30.267
2024-01-16,29.811
2024-01-17,29.132
2024-01-18,28.386
2024-01-19,27.85
2024-01-22,27.494
2024-01-23,26.75
2024-01-24,28.0
2024-01-25,27.3
2024-01-26,27.65
2024-01-29,32.696
2024-01-30,32.696
2024-01-31,30.197
2024-02-01,29.202
2024-02-02,28.7
2024-02-05,28.168
2024-02-06,28.86
2024-02-07,28.488
2024-02-08,28.019
2024-02-09,26.875
2024-02-12,25.901
2024-02-13,25.4
2024-02-14,24.65
2024-02-15,24.919
2024-02-16,24.55
2024-02-19,23.629
2024-02-20,23.9
2024-02-21,23.9
2024-02-22,22.85
2024-02-23,23.05
2024-02-26,23.9
2024-02-27,30.195
2024-02-28,30.195
2024-02-29,25.713
2024-03-01,25.8
2024-03-04,28.906
2024-03-05,27.96
2024-03-06,26.897
2024-03-07,26.643
2024-03-08,26.5
2024-03-11,25.221
2024-03-12,25.544
2024-03-13,25.02
2024-03-14,28.6
2024-03-15,27.0
2024-03-18,29.398
2024-03-19,28.55
2024-03-20,28.768
2024-03-21,27.088
2024-03-22,27.325
2024-03-25,29.278
2024-03-26,25.748
2024-03-27,25.748
2024-03-28,24.249
2024-03-29,24.249
2024-04-01,27.928
2024-04-02,26.383
2024-04-03,25.521
2024-04-04,26.075
2024-04-05,26.2
2024-04-08,27.973
2024-04-09,26.834
2024-04-10,28.224
2024-04-11,29.338
2024-04-12,30.07
2024-04-15,31.069
2024-04-16,33.799
2024-04-17,31.724
2024-04-18,32.795
2024-04-19,31.2
2024-04-22,29.603
2024-04-23,29.108
2024-04-24,29.3
2024-04-25,30.025
2024-04-26,28.73
2024-04-29,27.928
2024-04-30,26.911
2024-05-01,30.333
2024-05-02,31.554
2024-05-03,30.0
2024-05-06,32.713
2024-05-07,31.55
2024-05-08,30.7
2024-05-09,31.088
2024-05-10,29.65
2024-05-13,28.7
2024-05-14,29.1
2024-05-15,29.4
2024-05-16,29.85
2024-05-17,30.25
2024-05-20,32.175
2024-05-21,32.775
2024-05-22,34.15
2024-05-23,35.25
2024-05-24,34.075
2024-05-27,34.75
2024-05-28,33.93
2024-05-29,33.88
2024-05-30,34.8
2024-05-31,34.4
2024-06-03,36.5
2024-06-04,34.2
2024-06-05,33.4
2024-06-06,33.65
2024-06-07,32.925
2024-06-10,33.65
2024-06-11,34.8
2024-06-12,35.425
2024-06-13,36.05
2024-06-14,35.4
2024-06-17,34.53
2024-06-18,34.575
2024-06-19,35.175
2024-06-20,34.425
2024-06-21,33.625
2024-06-24,33.85
2024-06-25,34.5
2024-06-26,33.95
2024-06-27,33.95
2024-06-28,33.925
2024-07-01,33.45
2024-07-02,33.3
2024-07-03,32.25
2024-07-04,32.95
2024-07-05,32.725
2024-07-08,31.85
2024-07-09,30.73
2024-07-10,30.675
2024-07-11,30.6
2024-07-12,31.33
2024-07-15,30.875
2024-07-16,32.3
2024-07-17,31.905
2024-07-18,32.17
2024-07-19,32.05
2024-07-22,31.49
2024-07-23,31.3
2024-07-24,32.525
2024-07-25,31.88
2024-07-26,32.6
2024-07-29,33.65
2024-07-30,34.199
2024-07-31,35.045
2024-08-01,36.201
2024-08-02,36.025
2024-08-05,34.9
2024-08-06,35.8
2024-08-07,37.7
2024-08-08,39.15
2024-08-09,39.4
2024-08-12,39.075
2024-08-13,38.5
2024-08-14,37.98
2024-08-15,38.57
2024-08-16,38.71
2024-08-19,38.95
2024-08-20,37.96
2024-08-21,36.625
2024-08-22,36.1
2024-08-23,36.55
2024-08-26,37.998
2024-08-27,38.525
2024-08-28,39.125
2024-08-29,38.0
2024-08-30,39.35
2024-09-02,38.65
2024-09-03,37.4
2024-09-04,35.95
2024-09-05,35.95
2024-09-06,36.25
2024-09-09,36.9
2024-09-10,35.07
2024-09-11,35.925
2024-09-12,35.15
2024-09-13,35.8
2024-09-16,34.225
2024-09-17,35.13
2024-09-18,34.85
2024-09-19,33.25
2024-09-20,34.525
2024-09-23,35.45
2024-09-24,35.755
2024-09-25,37.4
2024-09-26,37.45
2024-09-27,38.15
2024-09-30,39.0
2024-10-01,38.7
2024-10-02,38.725
2024-10-03,39.775
2024-10-04,40.75
2024-10-07,39.325
2024-10-08,38.55
2024-10-09,37.6
2024-10-10,39.6
2024-10-11,39.85
2024-10-14,40.45
2024-10-15,39.3
2024-10-16,38.6
2024-10-17,39.1
2024-10-18,38.725
2024-10-21,39.4
2024-10-22,40.79
2024-10-23,41.625
2024-10-24,42.1
2024-10-25,43.0
2024-10-28,42.3
2024-10-29,42.6
2024-10-30,40.55
2024-10-31,39.63
2024-11-01,38.7
2024-11-04,40.05
2024-11-05,40.6
2024-11-06,40.15
2024-11-07,41.15
2024-11-08,42.2
2024-11-11,43.75
2024-11-12,44.3
2024-11-13,43.51
2024-11-14,46.125
2024-11-15,46.15
2024-11-18,46.775
2024-11-19,45.575
2024-11-20,46.75
2024-11-21,48.25
2024-11-22,46.9
2024-11-25,47.4
2024-11-26,46.475
2024-11-27,46.45
2024-11-28,46.3
2024-11-29,47.05
2024-12-02,48.45
2024-12-03,48.55
2024-12-04,46.7
2024-12-05,46.275
2024-12-06,46.05
2024-12-09,44.9
2024-12-10,45.65
2024-12-11,44.722
2024-12-12,42.75
2024-12-13,40.883
2024-12-16,40.132
2024-12-17,41.6
2024-12-18,40.9
2024-12-19,43.0
2024-12-20,43.4
2024-12-23,45.3
2024-12-24,45.9
2024-12-25,43.27
2024-12-26,43.27
2024-12-27,47.6
2024-12-30,47.575
2024-12-31,48.55
2025-01-01,47.769
2025-01-02,50.35
2025-01-03,49.35
2025-01-06,47.53
2025-01-07,47.2
2025-01-08,45.65
2025-01-09,45.225
2025-01-10,45.65
2025-01-13,48.9
2025-01-14,47.48
2025-01-15,47.1
2025-01-16,46.51
2025-01-17,47.34
2025-01-20,48.75
2025-01-21,50.645
2025-01-22,48.95
2025-01-23,48.75
2025-01-24,48.95
2025-01-27,47.75
2025-01-28,48.2
2025-01-29,51.19
2025-01-30,51.85
2025-01-31,53.7
2025-02-03,53.95
2025-02-04,52.85
2025-02-05,53.66
2025-02-06,54.275
2025-02-07,55.55
2025-02-10,57.875
2025-02-11,58.42
2025-02-12,55.9
2025-02-13,51.7
2025-02-14,51.3
2025-02-17,48.8
2025-02-18,49.0
2025-02-19,48.175
2025-02-20,47.2
2025-02-21,46.025
2025-02-24,46.2
2025-02-25,44.2
2025-02-26,42.75
2025-02-27,45.01
2025-02-28,44.714
2025-03-03,45.5
2025-03-04,43.9
2025-03-05,41.21
2025-03-06,38.05
2025-03-07,40.55
2025-03-10,41.0
2025-03-11,42.925
2025-03-12,42.625
2025-03-13,42.416
2025-03-14,42.2
2025-03-17,41.4
2025-03-18,40.5
2025-03-19,42.775
2025-03-20,42.125
2025-03-21,42.275
2025-03-24,42.275
2025-03-25,41.475
2025-03-26,40.75
2025-03-27,40.675
2025-03-28,40.2
2025-03-31,40.58
2025-04-01,42.356
2025-04-02,41.3
2025-04-03,39.3
2025-04-04,36.95
2025-04-07,37.4
2025-04-08,36.35
2025-04-09,33.55
2025-04-10,33.2
2025-04-11,33.425
2025-04-14,34.15
2025-04-15,34.5
2025-04-16,35.367
2025-04-17,35.77
2025-04-18,35.7
2025-04-21,35.7
2025-04-22,34.45
2025-04-23,34.2
2025-04-24,33.8
2025-04-25,32.55
2025-04-28,32.35
2025-04-29,32.05
2025-04-30,32.15
2025-05-01,32.084
2025-05-02,33.332
2025-05-05,32.8
2025-05-06,34.95
2025-05-07,34.65
2025-05-08,35.075
2025-05-09,34.448
2025-05-12,35.625
2025-05-13,35.675
2025-05-14,34.85
2025-05-15,35.125
2025-05-16,35.3
2025-05-19,35.1
2025-05-20,36.6
2025-05-21,37.45
2025-05-22,36.31
2025-05-23,36.3
2025-05-26,36.5
2025-05-27,37.1
2025-05-28,36.65
2025-05-29,35.125
2025-05-30,34.35
2025-06-02,34.6
2025-06-03,35.775
2025-06-04,35.7
2025-06-05,36.2
2025-06-06,36.0
2025-06-09,35.175
2025-06-10,34.5
2025-06-11,35.55
2025-06-12,36.0
2025-06-13,37.95
2025-06-16,37.65
2025-06-17,39.225
2025-06-18,38.275
2025-06-19,41.2
2025-06-20,40.7
2025-06-23,40.25
2025-06-24,35.35
2025-06-25,35.175
2025-06-26,33.7
2025-06-27,32.975
2025-06-30,32.25
2025-07-01,33.15
2025-07-02,32.85
2025-07-03,32.925
2025-07-04,32.95
2025-07-07,32.85
2025-07-08,33.625
2025-07-09,33.975
2025-07-10,34.6
2025-07-11,35.05
2025-07-14,35.0
2025-07-15,33.75
2025-07-16,34.475
2025-07-17,34.075
2025-07-18,33.2
2025-07-21,32.6
2025-07-22,32.5
2025-07-23,32.53
2025-07-24,32.05
2025-07-25,32.2
2025-07-28,32.325
2025-07-29,33.3
2025-07-30,34.1
2025-07-31,34.6
2025-08-01,33.07
2025-08-04,33.2
2025-08-05,33.575
2025-08-06,32.75
2025-08-07,32.2
2025-08-08,31.948
2025-08-11,32.2
2025-08-12,31.9
2025-08-13,32.0
2025-08-14,31.8
2025-08-15,30.8
2025-08-18,30.871
2025-08-19,30.775
2025-08-20,31.5
2025-08-21,33.0
2025-08-22,33.575
2025-08-25,33.625
2025-08-26,33.8
2025-08-27,32.7
2025-08-28,31.6
2025-08-29,31.6
2025-09-01,31.525
2025-09-02,31.4
2025-09-03,31.275
2025-09-04,31.6
2025-09-05,31.4
2025-09-08,32.7
2025-09-09,32.75
2025-09-10,32.825
2025-09-11,31.95
2025-09-12,31.83
2025-09-15,32.2
2025-09-16,31.7
2025-09-17,31.95
2025-09-18,32.4
2025-09-19,32.025
2025-09-22,31.825
2025-09-23,32.5
2025-09-24,31.9
2025-09-25,32.5
2025-09-26,32.6
2025-09-29,32.08
2025-09-30,31.45
2025-10-01,31.6
2025-10-02,31.368
2025-10-03,31.15
2025-10-06,33.3
2025-10-07,33.75
2025-10-08,32.975
2025-10-09,31.95
2025-10-10,32.45
2025-10-13,32.03
2025-10-14,32.33
2025-10-15,32.2
2025-10-16,32.64
2025-10-17,31.9
2025-10-20,31.62
2025-10-21,32.3
2025-10-22,31.78
2025-10-23,32.5
2025-10-24,32.55
2025-10-27,31.575
2025-10-28,31.6
2025-10-29,32.0
2025-10-30,31.0
2025-10-31,30.425
2025-11-03,31.125
2025-11-04,31.8
2025-11-05,31.65
2025-11-06,31.4
2025-11-07,31.23
2025-11-10,30.55
2025-11-11,30.225
2025-11-12,30.35
2025-11-13,30.125
2025-11-14,30.99
2025-11-17,31.425
2025-11-18,31.75
2025-11-19,31.0
2025-11-20,32.1
2025-11-21,30.35
2025-11-24,29.85
2025-11-25,29.8
2025-11-26,29.55
2025-11-27,29.045
2025-11-28,28.825
2025-12-01,28.25
2025-12-02,28.35
2025-12-03,28.278
2025-12-04,27.35
2025-12-05,26.6
2025-12-08,26.025
2025-12-09,27.32
2025-12-10,26.6
2025-12-11,27.005
2025-12-12,27.6
2025-12-15,27.625
2025-12-16,26.825
2025-12-17,27.15
2025-12-18,26.975
2025-12-19,28.1
2025-12-22,27.6
2025-12-23,27.5
2025-12-24,28.355
2025-12-25,26.292
2025-12-26,26.292
2025-12-29,28.75
2025-12-30,27.975
2025-12-31,27.9
2026-01-02,29.55
2026-01-05,28.1
2026-01-06,28.75
2026-01-07,29.515
2026-01-08,28.0
2026-01-09,28.75
2026-01-12,30.35
2026-01-13,31.8
2026-01-14,32.0
2026-01-15,33.125
2026-01-16,38.1
2026-01-19,36.2
2026-01-20,37.15
2026-01-21,39.685
2026-01-22,39.05
2026-01-23,40.71
2026-01-26,40.125
2026-01-27,39.9
2026-01-28,39.5
2026-01-29,40.725
2026-01-30,40.55
2026-02-02,35.0
2026-02-03,33.45
2026-02-04,34.6
2026-02-05,34.35
2026-02-06,36.6
2026-02-09,34.1
2026-02-10,32.3
2026-02-11,32.15
2026-02-12,33.25
2026-02-13,32.6
2026-02-16,30.9
2026-02-17,29.85
2026-02-18,31.05
2026-02-19,33.35
2026-02-20,31.35
2026-02-23,31.05
2026-02-24,30.6
2026-02-25,30.4
2026-02-26,31.825
2026-02-27,31.5
2026-03-02,44.922
2026-03-03,54.225
2026-03-04,47.95
2026-03-05,49.45
2026-03-06,52.6
2026-03-09,56.3
2026-03-10,47.1
2026-03-11,49.05
2026-03-12,49.9
2026-03-13,50.3
2026-03-16,51.05
2026-03-17,51.5
2026-03-18,54.4
2026-03-19,60.825
2026-03-20,60.0
2026-03-23,55.7
2026-03-24,53.6
2026-03-25,52.12
2026-03-26,55.6
2026-03-27,54.35
2026-03-30,55.15
2026-03-31,51.7
2026-04-01,48.1
2026-04-02,50.1
2026-04-03,47.147
2026-04-06,47.147
2026-04-07,53.4
2026-04-08,45.95
2026-04-09,47.0
2026-04-10,44.45
2026-04-13,47.4
2026-04-14,43.95
2026-04-15,41.85
2026-04-16,42.7
2026-04-17,39.0
2026-04-20,41.2
2026-04-21,42.45
2026-04-22,43.675
2026-04-23,44.725
2026-04-24,44.9
2026-04-27,44.65
2026-04-28,43.7
2026-04-29,46.475
2026-04-30,45.85
2026-05-01,42.687
2026-05-04,47.45
2026-05-05,47.4
2026-05-06,44.55
2026-05-07,43.95
2026-05-08,44.2
2026-05-11,46.05
2026-05-12,47.1
2026-05-13,47.35
2026-05-14,47.95
2026-05-15,50.675
2026-05-18,50.48
2026-05-19,52.25
2026-05-20,49.6
2026-05-21,49.35
2026-05-22,48.55
2026-05-25,48.2
2026-05-26,47.25
2026-05-27,46.15
2026-05-28,46.8
2026-05-29,46.175
2026-06-01,49.1
2026-06-02,47.4
2026-06-03,48.5
2026-06-04,48.35
2026-06-05,48.15
2026-06-08,49.555
2026-06-09,48.6
2026-06-10,50.2
2026-06-11,49.4
2026-06-12,47.7
2026-06-15,42.55
2026-06-16,41.9
2026-06-17,41.95
2026-06-18,40.4
2026-06-19,41.85
2026-06-22,42.0
2026-06-23,41.875
2026-06-24,40.8
2026-06-25,40.1
2026-06-26,40.55
2026-06-29,42.465
2026-06-30,43.475
