date,oi_ccy,oi_usd
2026-03-30,31054.37900000008,2098543137.0556056
2026-03-31,30187.740400000086,2013009093.0932057
2026-04-01,31111.24350000016,2143188231.103661
2026-04-02,30833.753400000176,2060231234.4291718
2026-04-03,30588.8132000002,2044810161.4375732
2026-04-04,30715.10770000017,2068539643.1642115
2026-04-05,30070.192200000194,2023155608.427433
2026-04-06,31333.960100000168,2189513729.7196817
2026-04-07,30877.93010000024,2104198161.2155864
2026-04-08,33653.74030000022,2398613128.524006
2026-04-09,34076.87680000024,2455920510.9760175
2026-04-10,33417.53520000017,2418938310.712572
2026-04-11,33848.20200000023,2465032543.6722164
2026-04-12,33030.79500000027,2340426707.440519
2026-04-13,33182.3662000003,2383393135.2840414
2026-04-14,35912.58210000035,2705413321.113956
2026-04-15,34954.39780000027,2578400667.39768
2026-04-16,34177.09390000029,2553028914.330022
2026-04-17,36961.81220000034,2872317210.7869067
2026-04-18,34912.69680000025,2657809343.102659
2026-04-19,34852.06950000032,2641919305.9641237
2026-04-20,34179.21130000035,2585534289.684346
2026-04-21,35241.879600000284,2669790879.3535414
2026-04-22,37577.142600000334,2977939700.7646465
2026-04-23,36395.671500000346,2851648176.397977
2026-04-24,34683.86650000026,2705563563.7456203
2026-04-25,33125.03450000022,2560237229.0084667
2026-04-26,33090.204000000194,2580910169.2248154
2026-04-27,33350.12160000022,2560132089.6604967
2026-04-28,32640.775200000204,2480702179.2775354
2026-04-29,30802.563300000154,2337129089.1058617
2026-04-30,31170.610700000172,2382856037.3279333
2026-05-01,32963.07240000019,2584990508.0659347
2026-05-02,32456.581100000178,2545965625.962434
2026-05-03,32539.73080000019,2558673874.184855
2026-05-04,31887.83350000016,2550876807.182563
2026-05-05,36113.798200000136,2942660618.730611
2026-05-06,34248.16360000011,2796646817.697889
2026-05-07,33551.96830000013,2678081202.5408807
2026-05-08,33683.75600000021,2697664650.528017
2026-05-09,34050.341100000216,2740531488.3311877
2026-05-10,33996.7006000002,2766974463.4837165
2026-05-11,33672.1410000002,2740875238.044916
2026-05-12,33919.14160000022,2724154803.149138
2026-05-13,34411.865400000155,2712615084.5646725
2026-05-14,33611.959800000084,2731408689.2274065
2026-05-15,33294.20110000018,2635216040.5443544
2026-05-16,34279.74200000023,2680675824.400018
2026-05-17,34245.660900000206,2671801944.058846
2026-05-18,35285.10280000026,2694081111.9650598
2026-05-19,33990.32170000013,2599851726.18961
2026-05-20,33025.89430000013,2556564201.0678797
2026-05-21,33218.22320000022,2565230781.107537
2026-05-22,33697.340100000234,2586779682.510528
2026-05-23,34929.16860000024,2636547954.683238
2026-05-24,32280.01060000018,2464265693.207194
2026-05-25,32216.75170000019,2499749311.2057347
2026-05-26,32040.33040000016,2451424903.1022525
2026-05-27,35071.731000000225,2640901344.300017
2026-05-28,37035.456800000225,2699592220.611296
2026-05-29,35044.5489000002,2585176796.6198845
2026-05-30,34332.60090000021,2536667650.7566056
2026-05-31,34502.59100000023,2540167005.897517
2026-06-01,36687.222500000185,2606935331.2940135
2026-06-02,39954.02950000019,2688626507.1435127
2026-06-03,38061.54790000015,2514730275.9077997
2026-06-04,35275.790800000155,2255146030.0532103
2026-06-05,31269.615600000103,1890589101.8300464
2026-06-06,30574.81780000011,1857912435.9165866
2026-06-07,30232.818700000113,1876399892.615507
2026-06-08,28923.44280000012,1842518753.7212477
2026-06-09,30380.33820000008,1857077161.3543248
2026-06-10,30372.421300000107,1901261940.2637966
2026-06-11,31419.76690000016,1969887421.6090298
2026-06-12,30165.485500000083,1916926107.0685053
2026-06-13,31029.7935000001,1994595126.1800065
2026-06-14,31740.207800000124,2031055897.1220078
2026-06-15,32112.0257000001,2159299310.537397
2026-06-16,30744.906900000115,2024155510.0659976
2026-06-17,30180.126600000054,1983440938.1646636
2026-06-18,29680.60120000013,1850282742.687768
2026-06-19,30606.13880000014,1933723394.9089289
2026-06-20,30059.878500000155,1926474487.3201602
2026-06-21,30407.499000000138,1952353003.0437088
2026-06-22,29706.913500000108,1924633687.689907
2026-06-23,31799.12000000014,1984812032.8640087
2026-06-24,33200.09890000016,1999734917.0239294
2026-06-25,33476.5942000001,1994558916.0519462
2026-06-26,31588.941200000078,1904778406.5246847
2026-06-27,31610.015000000083,1922394672.240005
2026-06-28,31884.052900000075,1908518826.8934944
2026-06-29,32334.427900000104,1933091137.9019763
2026-06-30,35895.997200000056,2093992996.6620033
2026-07-01,32761.81360000007,1969977680.3120844
2026-07-02,31693.75390000008,1952335240.2400048
2026-07-03,32265.96760000011,1997447310.4553268
2026-07-04,30546.86930000008,1921563032.064225
2026-07-05,30747.489000000118,1928175035.1900074
2026-07-06,30589.485700000107,1943148135.9153867
2026-07-07,30704.47600000012,1961647562.6880076
