DTC Row Id,Outbound Ticket Id,Status,Customer Name,Invoice Id,Invoice Issue Date,Invoice Status,Commodity Name,Material Name,Yard Net Weight,Yard Value,Consumer Net Weight,Consumer Value,Amount (Invoice Currency),Cost Of Goods Sold (Yard Currency),Cost Of Goods Sold (Invoice Currency),Margin,Commodity Type,Sales Order #,Carrier Name,Ship To Name,Ship To Address,Ship To City,Ship To State,Ship To Zip
1,1452,INVOICED,Padnos,1507,"03-05-26, 12:51:36",OPEN,STEEL,STEEL TURNING,"11,960","$1,575.09","11,960","$1,575.09","$1,575.09",$531.43,$531.43,"$1,043.66",FERROUS,395,BMR Transport - 1,Dowagiac,30750 Edwards St,Dowagiac,MI,49047
2,1451,INVOICED,Omni Source,1506,"03-05-26, 12:50:50",OPEN,STEEL,STEEL WIRE,"25,600","$2,582.86","25,600","$2,582.86","$2,582.86","$1,485.71","$1,485.71","$1,097.15",FERROUS,398,BMR Transport - 3,Omni - South Bend,1305 Prairie Ave,South Bend,IN,46680
3,1449,INVOICED,Omni Source,1501,"03-04-26, 14:45:29",OPEN,STEEL,BUSHELING,"34,120","$5,453.11","34,120","$5,453.11","$5,453.11","$4,480.24","$4,480.24",$972.87,FERROUS,399,BMR Transport - 3,Omni - South Bend,1305 Prairie Ave,South Bend,IN,46680
4,1450,INVOICED,Omni Source,1502,"03-04-26, 06:54:28",OPEN,STEEL,BUSHELING,"24,820","$3,966.77","24,820","$3,966.77","$3,966.77","$3,215.35","$3,215.35",$751.42,FERROUS,399,BMR Transport - 3,Omni - South Bend,1305 Prairie Ave,South Bend,IN,46680
5,1443,INVOICED,Padnos,1494,"03-02-26, 14:42:49",OPEN,STEEL,STEEL TURNING,"14,240","$1,875.36","14,240","$1,875.36","$1,875.36",$587.43,$587.43,"$1,287.93",FERROUS,379,BMR Transport - 1,Dowagiac,30750 Edwards St,Dowagiac,MI,49047
6,1442,INVOICED,Omni Source,1493,"03-02-26, 14:42:12",OPEN,STEEL,STEEL WIRE,"20,060","$2,023.91","20,060","$2,023.91","$2,023.91","$1,164.20","$1,164.20",$859.71,FERROUS,178,BMR Transport - 3,Omni - South Bend,1305 Prairie Ave,South Bend,IN,46680
7,1440,INVOICED,Padnos,1487,"02-27-26, 12:50:35",OPEN,STEEL,STEEL BANDING (fe),"38,700","$5,010.27","38,700","$5,010.27","$5,010.27","$1,468.53","$1,468.53","$3,541.74",FERROUS,383,BMR Transport - 2,Holland Location,140 West 7th Street,Holland,MI,49423
8,1438,INVOICED,Padnos,1492,"02-27-26, 11:53:07",OPEN,STEEL,STEEL TURNING,"47,660","$5,957.50","47,660","$5,957.50","$5,957.50","$1,649.04","$1,649.04","$4,308.46",FERROUS,384,Padnos Trucking,Holland Location,140 West 7th Street,Holland,MI,49423
9,1434,INVOICED,Padnos,1485,"02-27-26, 11:51:28",OPEN,STEEL,STEEL TURNING,"44,420","$5,552.50","44,420","$5,552.50","$5,552.50","$1,538.01","$1,538.01","$4,014.49",FERROUS,384,Padnos Trucking,Holland Location,140 West 7th Street,Holland,MI,49423
10,1444,INVOICED,Omni Source,1498,"02-27-26, 07:15:40",OPEN,STEEL,CLEAN SHEET,"18,080","$2,542.50","18,080","$2,542.50","$2,542.50","$1,252.94","$1,252.94","$1,289.56",FERROUS,403,Stone Transport,Omni - South Bend,1305 Prairie Ave,South Bend,IN,46680
11,1432,PAID,Omni Source,1484,"02-26-26, 13:41:08",PAID,STEEL,BUSHELING,"29,080","$4,647.61","29,080","$4,530.75","$4,530.75",$0.00,$0.00,"$4,530.75",FERROUS,334,BMR Transport - 3,Omni - New Carlisle,54450 Smilax Road,New Carlisle,IN,46552
12,1431,PAID,Omni Source,1483,"02-26-26, 13:39:15",PAID,STAINLESS STEEL TIER 1,17-4 STAINLESS STEEL TURNINGS,"8,620","$1,034.40","8,620","$1,034.40","$1,034.40",$0.00,$0.00,"$1,034.40",NON_FERROUS,386,BMR Transport - 3,Omni - South Bend,1305 Prairie Ave,South Bend,IN,46680
13,1427,PAID,Omni Source,1479,"02-25-26, 09:25:50",PAID,STEEL,STEEL WIRE,"46,900","$4,731.88","46,900","$5,346.60","$5,346.60",$0.00,$0.00,"$5,346.60",FERROUS,178,BMR Transport - 3,Omni - South Bend,1305 Prairie Ave,South Bend,IN,46680
14,1426,INVOICED,Padnos,1477,"02-25-26, 07:04:51",OPEN,STEEL,STEEL TURNING,"46,900","$6,176.56","46,900","$6,176.56","$6,176.56",$0.00,$0.00,"$6,176.56",FERROUS,379,BMR Transport - 1,Dowagiac,30750 Edwards St,Dowagiac,MI,49047
15,1421,INVOICED,Padnos,1471,"02-24-26, 14:46:12",OPEN,STEEL,STEEL TURNING,"28,440","$3,745.45","28,440","$3,745.45","$3,745.45",$958.92,$958.92,"$2,786.53",FERROUS,379,DTC BMR Transport,Dowagiac,30750 Edwards St,Dowagiac,MI,49047
16,1419,INVOICED,Padnos,1470,"02-24-26, 11:36:24",OPEN,STEEL,STEEL TURNING,"15,180","$1,999.15","15,180","$1,999.16","$1,999.16",$0.00,$0.00,"$1,999.16",FERROUS,379,BMR Transport - 1,Dowagiac,30750 Edwards St,Dowagiac,MI,49047
17,1418,INVOICED,Padnos,1457,"02-23-26, 07:10:06",OPEN,STEEL,STEEL TURNING,"19,820","$2,610.22","19,820","$2,610.22","$2,610.22",$0.00,$0.00,"$2,610.22",FERROUS,379,BMR Transport - 1,Dowagiac,30750 Edwards St,Dowagiac,MI,49047
18,1410,PAID,Omni Source,1451,"02-20-26, 13:40:16",PAID,STEEL,SHEET IRON,"32,820","$3,721.55","32,860","$4,438.28","$4,438.28","$2,479.87","$2,479.87","$1,958.41",FERROUS,196,OmniSource Trucking,Omni - New Carlisle,54450 Smilax Road,New Carlisle,IN,46552
19,1413,PAID,Omni Source,1449,"02-20-26, 13:10:13",PAID,STEEL,BUSHELING,"27,180","$4,343.95","27,180","$4,234.73","$4,234.73",$0.00,$0.00,"$4,234.73",FERROUS,334,BMR Transport - 3,Omni - New Carlisle,54450 Smilax Road,New Carlisle,IN,46552
20,1412,PAID,Omni Source,1448,"02-20-26, 13:09:31",PAID,STEEL,STEEL WIRE,"44,380","$4,477.63","44,380","$5,059.32","$5,059.32",$0.00,$0.00,"$5,059.32",FERROUS,178,BMR Transport - 3,Omni - South Bend,1305 Prairie Ave,South Bend,IN,46680
21,1411,PAID,Omni Source,1447,"02-20-26, 13:08:07",PAID,STEEL,BUSHELING,"27,840","$4,449.43","27,840","$4,337.58","$4,337.58",$0.00,$0.00,"$4,337.58",FERROUS,334,BMR Transport - 3,Omni - New Carlisle,54450 Smilax Road,New Carlisle,IN,46552
22,1408,PAID,Padnos,1445,"02-19-26, 14:22:43",PAID,STEEL,STEEL TURNING,"12,280","$1,617.23","11,517","$1,516.74","$1,516.74",$0.00,$0.00,"$1,516.74",FERROUS,379,BMR Transport - 1,Dowagiac,30750 Edwards St,Dowagiac,MI,49047
23,1407,PAID,Padnos,1444,"02-19-26, 14:22:08",PAID,STEEL,STEEL TURNING,"56,480","$7,438.21","56,480","$7,438.22","$7,438.22",$0.00,$0.00,"$7,438.22",FERROUS,379,BMR Transport - 1,Dowagiac,30750 Edwards St,Dowagiac,MI,49047
24,1406,PAID,Padnos,1442,"02-19-26, 11:51:25",PAID,STEEL,STEEL TURNING,"15,220","$2,004.42","15,220","$2,004.41","$2,004.41",$0.00,$0.00,"$2,004.41",FERROUS,379,BMR Transport - 1,Dowagiac,30750 Edwards St,Dowagiac,MI,49047
25,1388,PAID,Omni Source,1432,"02-16-26, 07:53:30",PAID,STEEL,STEEL WIRE,"40,340","$4,070.02","40,340","$4,598.76","$4,598.76",$0.00,$0.00,"$4,598.76",FERROUS,178,BMR Transport - 3,Omni - South Bend,1305 Prairie Ave,South Bend,IN,46680
26,1382,PAID,Padnos,1426,"02-12-26, 14:00:13",PAID,STEEL,STEEL BANDING (fe),"29,040","$3,759.64","29,040","$3,305.90","$3,305.90",$0.00,$0.00,"$3,305.90",FERROUS,342,BMR Transport - 2,Holland Location,140 West 7th Street,Holland,MI,49423
27,1379,PAID,Omni Source,1424,"02-11-26, 07:37:13",PAID,STEEL,BUSHELING,"40,300","$6,440.80","40,200","$6,263.29","$6,263.29",$0.00,$0.00,"$6,263.29",FERROUS,334,BMR Transport - 3,Omni - New Carlisle,54450 Smilax Road,New Carlisle,IN,46552
28,1378,PAID,Omni Source,1423,"02-11-26, 07:36:41",PAID,STEEL,BUSHELING,"39,540","$6,319.34","39,540","$6,160.48","$6,160.48",$0.00,$0.00,"$6,160.48",FERROUS,334,BMR Transport - 3,Omni - New Carlisle,54450 Smilax Road,New Carlisle,IN,46552
29,1372,PAID,Omni Source,1417,"02-10-26, 13:52:41",PAID,STEEL,STEEL WIRE,"34,200","$3,450.54","34,200","$3,898.80","$3,898.80",$0.00,$0.00,"$3,898.80",FERROUS,178,BMR Transport - 3,Omni - South Bend,1305 Prairie Ave,South Bend,IN,46680
30,1371,PAID,Omni Source,1416,"02-10-26, 13:52:04",PAID,STEEL,BUSHELING,"38,860","$6,210.66","38,860","$6,054.52","$6,054.52",$0.00,$0.00,"$6,054.52",FERROUS,334,BMR Transport - 3,Omni - New Carlisle,54450 Smilax Road,New Carlisle,IN,46552
31,1370,PAID,Padnos,1415,"02-10-26, 13:51:31",PAID,STEEL,ZZ DO NOT USE STEEL TURNINGS,"20,980","$2,482.01","20,980","$2,763.00","$2,763.00",$0.00,$0.00,"$2,763.00",FERROUS,366,BMR Transport - 1,Dowagiac,30750 Edwards St,Dowagiac,MI,49047
32,1368,PAID,Padnos,1413,"02-09-26, 08:30:32",PAID,STEEL,ZZ DO NOT USE STEEL TURNINGS,"14,140","$1,672.81","14,140","$1,862.19","$1,862.19",$0.00,$0.00,"$1,862.19",FERROUS,366,BMR Transport - 1,Dowagiac,30750 Edwards St,Dowagiac,MI,49047
33,1367,PAID,Padnos,1412,"02-09-26, 07:35:45",PAID,STEEL,ZZ DO NOT USE STEEL TURNINGS,"22,600","$2,673.66","22,600","$2,976.34","$2,976.34",$0.00,$0.00,"$2,976.34",FERROUS,366,BMR Transport - 1,Dowagiac,30750 Edwards St,Dowagiac,MI,49047
34,1365,PAID,Padnos,1410,"02-06-26, 14:10:39",PAID,STEEL,ZZ DO NOT USE STEEL TURNINGS,"25,760","$3,047.50","25,760","$3,392.50","$3,392.50",$0.00,$0.00,"$3,392.50",FERROUS,366,BMR Transport - 1,Dowagiac,30750 Edwards St,Dowagiac,MI,49047
35,1386,PAID,Padnos,1429,"02-06-26, 09:02:54",PAID,BRASS TIER 1,EDM WIRE ,"1,182","$3,770.58","1,182","$3,770.58","$3,770.58","$2,254.58","$2,254.58","$1,516.00",NON_FERROUS,373,,Elkhart,923 Edwardsburg Ave,Elkhart,IN,46514
36,1386,PAID,Padnos,1429,"02-06-26, 09:02:54",PAID,STAINLESS STEEL TIER 2,TUNGSTEN MOLY TA INSERTS,263,"$8,068.84",263,"$8,068.84","$8,068.84","$5,649.24","$5,649.24","$2,419.60",NON_FERROUS,373,,Elkhart,923 Edwardsburg Ave,Elkhart,IN,46514
37,1386,PAID,Padnos,1429,"02-06-26, 09:02:54",PAID,ALUMINUM,ALUMINUM MLC,366,$387.96,366,$387.96,$387.96,$267.63,$267.63,$120.33,NON_FERROUS,373,,Elkhart,923 Edwardsburg Ave,Elkhart,IN,46514
38,1386,PAID,Padnos,1429,"02-06-26, 09:02:54",PAID,STAINLESS STEEL TIER 1,17-4 SOLIDS,"2,706",$514.14,"2,706",$514.14,$514.14,$312.67,$312.67,$201.47,NON_FERROUS,373,,Elkhart,923 Edwardsburg Ave,Elkhart,IN,46514
39,1386,PAID,Padnos,1429,"02-06-26, 09:02:54",PAID,ALUMINUM,ZZ DO NOT USE - ALUMINUM TURNINGS,638,$357.28,638,$357.28,$357.28,$150.09,$150.09,$207.19,NON_FERROUS,373,,Elkhart,923 Edwardsburg Ave,Elkhart,IN,46514
40,1359,PAID,Omni Source,1401,"02-04-26, 13:40:32",PAID,STEEL,BUSHELING,"36,900","$5,897.41","36,900","$5,749.15","$5,749.15",$0.00,$0.00,"$5,749.15",FERROUS,334,BMR Transport - 3,Omni - New Carlisle,54450 Smilax Road,New Carlisle,IN,46552
41,1361,PAID,Padnos,1405,"02-04-26, 07:41:05",PAID,STEEL,ZZ DO NOT USE STEEL TURNINGS,"17,400","$2,058.48","17,400","$2,291.53","$2,291.53",$0.00,$0.00,"$2,291.53",FERROUS,366,BMR Transport - 1,Dowagiac,30750 Edwards St,Dowagiac,MI,49047
42,1360,PAID,Padnos,1404,"02-04-26, 07:39:35",PAID,STEEL,ZZ DO NOT USE STEEL TURNINGS,"21,020","$2,486.74","21,020","$2,768.25","$2,768.25",$706.83,$706.83,"$2,061.42",FERROUS,366,DTC BMR Transport,Dowagiac,30750 Edwards St,Dowagiac,MI,49047
43,1355,PAID,Omni Source,1395,"02-03-26, 07:48:42",PAID,STEEL,BUSHELING,"49,780","$7,955.91","49,780","$7,755.90","$7,755.90",$0.00,$0.00,"$7,755.90",FERROUS,334,BMR Transport - 3,Omni - New Carlisle,54450 Smilax Road,New Carlisle,IN,46552
44,1354,PAID,Omni Source,1394,"02-03-26, 07:48:00",PAID,STEEL,STEEL WIRE,"30,460","$3,073.20","30,460","$3,472.44","$3,472.44",$0.00,$0.00,"$3,472.44",FERROUS,178,BMR Transport - 3,Omni - South Bend,1305 Prairie Ave,South Bend,IN,46680
45,1344,PAID,Padnos,1383,"01-30-26, 14:21:53",PAID,STEEL,ZZ DO NOT USE STEEL TURNINGS,"47,060","$5,567.37","47,060","$5,567.36","$5,567.36",$0.00,$0.00,"$5,567.36",FERROUS,343,BMR Transport - 2,Holland Location,140 West 7th Street,Holland,MI,49423
46,1342,PAID,Padnos,1382,"01-30-26, 10:43:17",PAID,STEEL,ZZ DO NOT USE STEEL TURNINGS,"56,280","$6,658.13","56,400","$6,294.65","$6,294.65","$1,587.34","$1,587.34","$4,707.31",FERROUS,343,Padnos Trucking,Holland Location,140 West 7th Street,Holland,MI,49423
47,1345,PAID,Padnos,1387,"01-30-26, 07:47:51",PAID,STEEL,ZZ DO NOT USE STEEL TURNINGS,"18,960","$2,243.04","18,960","$2,243.04","$2,243.04",$0.00,$0.00,"$2,243.04",FERROUS,366,BMR Transport - 1,Dowagiac,30750 Edwards St,Dowagiac,MI,49047
48,1348,PAID,Padnos,1386,"01-30-26, 07:47:05",PAID,STEEL,ZZ DO NOT USE STEEL TURNINGS,"11,020","$1,303.71","11,020","$1,303.69","$1,303.69",$0.00,$0.00,"$1,303.69",FERROUS,366,BMR Transport - 1,Dowagiac,30750 Edwards St,Dowagiac,MI,49047
49,1341,PAID,Omni Source,1380,"01-29-26, 08:15:13",PAID,STEEL,BUSHELING,"17,760","$2,838.43","17,760","$3,076.30","$3,076.30",$0.00,$0.00,"$3,076.30",FERROUS,334,BMR Transport - 3,Omni - New Carlisle,54450 Smilax Road,New Carlisle,IN,46552
50,1340,PAID,Omni Source,1379,"01-29-26, 08:14:29",PAID,STEEL,STEEL WIRE,"35,920","$3,624.07","35,920","$3,789.56","$3,789.56",$0.00,$0.00,"$3,789.56",FERROUS,178,BMR Transport - 3,Omni - South Bend,1305 Prairie Ave,South Bend,IN,46680
51,1338,PAID,Padnos,1378,"01-29-26, 07:46:25",PAID,STEEL,ZZ DO NOT USE STEEL TURNINGS,"50,820","$6,012.19","50,700","$5,658.48","$5,658.48","$1,460.73","$1,460.73","$4,197.75",FERROUS,343,Padnos Trucking,Holland Location,140 West 7th Street,Holland,MI,49423
52,1337,PAID,Padnos,1375,"01-28-26, 14:08:48",PAID,STEEL,STEEL BANDING (fe),"23,980","$3,104.55","23,630","$2,226.29","$2,226.29",$0.00,$0.00,"$2,226.29",FERROUS,342,BMR Transport - 2,Holland Location,140 West 7th Street,Holland,MI,49423
53,1336,PAID,Padnos,1377,"01-28-26, 11:45:28",PAID,STEEL,SHEET IRON,"38,140","$4,937.77","39,350","$4,894.43","$4,894.43","$2,628.50","$2,628.50","$2,265.93",FERROUS,342,Padnos Trucking,Holland Location,140 West 7th Street,Holland,MI,49423
54,1333,PAID,Omni Source,1372,"01-26-26, 14:20:11",PAID,STEEL,BUSHELING,"47,620","$7,610.70","47,420","$8,213.80","$8,213.80",$0.00,$0.00,"$8,213.80",FERROUS,334,BMR Transport - 3,Omni - New Carlisle,54450 Smilax Road,New Carlisle,IN,46552
55,1330,PAID,Omni Source,1369,"01-22-26, 15:06:02",PAID,STEEL,STEEL WIRE,"27,380","$2,762.45","27,380","$2,888.59","$2,888.59",$0.00,$0.00,"$2,888.59",FERROUS,178,BMR Transport - 3,Omni - South Bend,1305 Prairie Ave,South Bend,IN,46680
56,1329,PAID,Omni Source,1368,"01-22-26, 15:05:29",PAID,STEEL,STEEL WIRE,"23,680","$2,389.14","23,280","$2,456.04","$2,456.04",$0.00,$0.00,"$2,456.04",FERROUS,178,BMR Transport - 3,Omni - South Bend,1305 Prairie Ave,South Bend,IN,46680
57,1322,PAID,Omni Source,1360,"01-20-26, 14:09:15",PAID,STEEL,BUSHELING,"42,600","$6,808.39","41,900","$7,257.70","$7,257.70",$0.00,$0.00,"$7,257.70",FERROUS,334,BMR Transport - 3,Omni - New Carlisle,54450 Smilax Road,New Carlisle,IN,46552
58,1323,SHIPPED,Padnos,1361,"01-20-26, 06:55:12",PAID,STEEL,SHEET IRON,"39,200","$5,075.00","39,960","$4,973.39","$4,973.39","$2,528.29","$2,528.29","$2,445.10",FERROUS,342,Padnos Trucking,Holland Location,140 West 7th Street,Holland,MI,49423
59,1315,SHIPPED,Padnos,1353,"01-16-26, 12:04:33",PAID,STEEL,ZZ DO NOT USE STEEL TURNINGS,"54,200","$6,412.05","54,160","$5,923.76","$5,923.76","$1,680.95","$1,680.95","$4,242.81",FERROUS,343,,Holland Location,140 West 7th Street,Holland,MI,49423
60,1314,SHIPPED,Padnos,1352,"01-16-26, 12:01:36",PAID,STEEL,ZZ DO NOT USE STEEL TURNINGS,"41,080","$4,859.91","41,200","$4,874.12","$4,874.12","$1,274.05","$1,274.05","$3,600.07",FERROUS,343,,Holland Location,140 West 7th Street,Holland,MI,49423
61,1318,PAID,Padnos,1356,"01-16-26, 08:04:31",PAID,STEEL,STEEL BANDING (fe),"20,040","$2,594.46","20,040","$1,557.67","$1,557.67",$0.00,$0.00,"$1,557.67",FERROUS,342,BMR Transport - 2,Holland Location,140 West 7th Street,Holland,MI,49423
62,1303,SHIPPED,Padnos,1339,"01-15-26, 09:17:43",PAID,STEEL,ZZ DO NOT USE STEEL TURNINGS,"50,860","$6,016.92","51,060","$6,040.57","$6,040.57","$1,530.49","$1,530.49","$4,510.08",FERROUS,343,Rison Transportation,Holland Location,140 West 7th Street,Holland,MI,49423
63,1312,PAID,Omni Source,1350,"01-15-26, 08:06:09",PAID,STEEL,STEEL WIRE,"25,760","$2,599.00","25,760","$2,717.68","$2,717.68",$0.00,$0.00,"$2,717.68",FERROUS,178,BMR Transport - 3,Omni - South Bend,1305 Prairie Ave,South Bend,IN,46680
64,1305,SHIPPED,Omni Source,1344,"01-15-26, 07:14:29",PAID,ALUMINUM,ZZ DO NOT USE ALUMINUM BREAKAGE,"10,500","$3,360.00","10,500","$3,570.00","$3,570.00","$1,129.76","$1,129.76","$2,440.24",NON_FERROUS,351,BMR Transport,Omni - New Carlisle,54450 Smilax Road,New Carlisle,IN,46552
65,1301,SHIPPED,Padnos,1338,"01-14-26, 10:56:23",PAID,STEEL,ZZ DO NOT USE STEEL TURNINGS,"56,280","$6,658.13","56,300","$6,157.80","$6,157.80","$1,725.34","$1,725.34","$4,432.46",FERROUS,343,,Holland Location,140 West 7th Street,Holland,MI,49423
66,1298,PAID,Padnos,1335,"01-13-26, 14:06:47",PAID,STEEL,ZZ DO NOT USE STEEL TURNINGS,"43,100","$5,098.88","43,100","$5,098.89","$5,098.89",$0.00,$0.00,"$5,098.89",FERROUS,343,BMR Transport - 1,Holland Location,140 West 7th Street,Holland,MI,49423
67,1297,SHIPPED,Padnos,1334,"01-13-26, 12:06:29",PAID,STEEL,ZZ DO NOT USE STEEL TURNINGS,"46,520","$5,503.48","46,400","$5,075.00","$5,075.00","$1,355.29","$1,355.29","$3,719.71",FERROUS,343,,Holland Location,140 West 7th Street,Holland,MI,49423
68,1295,PAID,Omni Source,1332,"01-12-26, 09:16:20",PAID,STEEL,BUSHELING,"34,460","$5,507.45","34,460","$5,968.95","$5,968.95",$0.00,$0.00,"$5,968.95",FERROUS,334,BMR Transport - 3,Omni - New Carlisle,54450 Smilax Road,New Carlisle,IN,46552
69,1291,PAID,Omni Source,1329,"01-09-26, 14:41:14",PAID,STEEL,STEEL WIRE,"38,520","$3,886.39","38,520","$4,063.86","$4,063.86",$0.00,$0.00,"$4,063.86",FERROUS,178,BMR Transport - 3,Omni - South Bend,1305 Prairie Ave,South Bend,IN,46680
70,1290,PAID,Omni Source,1328,"01-09-26, 14:40:44",PAID,STEEL,STEEL WIRE,"39,680","$4,003.43","39,680","$4,186.24","$4,186.24",$0.00,$0.00,"$4,186.24",FERROUS,178,BMR Transport - 3,Omni - South Bend,1305 Prairie Ave,South Bend,IN,46680
71,1328,SHIPPED,Padnos,1367,"01-08-26, 14:31:50",PAID,BRASS TIER 1,EDM WIRE ,"2,030","$6,374.20","2,030","$6,374.20","$6,374.20","$4,445.70","$4,445.70","$1,928.50",NON_FERROUS,363,,Benton Harbor,1410 Paw Paw Ave,Benton Harbor,MI,49022
72,1328,SHIPPED,Padnos,1367,"01-08-26, 14:31:50",PAID,STAINLESS STEEL TIER 2,CARBIDE,255,"$5,737.50",255,"$5,737.50","$5,737.50","$3,545.79","$3,545.79","$2,191.71",NON_FERROUS,363,,Benton Harbor,1410 Paw Paw Ave,Benton Harbor,MI,49022
73,1328,SHIPPED,Padnos,1367,"01-08-26, 14:31:50",PAID,STAINLESS STEEL TIER 1,17-4 SOLIDS,"2,940",$558.60,"2,940",$558.60,$558.60,$353.84,$353.84,$204.76,NON_FERROUS,363,,Benton Harbor,1410 Paw Paw Ave,Benton Harbor,MI,49022
74,1328,SHIPPED,Padnos,1367,"01-08-26, 14:31:50",PAID,ALUMINUM,6063 BARE ALUMINUM EXTRUSION,"3,758","$6,238.28","3,758","$6,238.28","$6,238.28","$2,850.11","$2,850.11","$3,388.17",NON_FERROUS,363,,Benton Harbor,1410 Paw Paw Ave,Benton Harbor,MI,49022
75,1328,SHIPPED,Padnos,1367,"01-08-26, 14:31:50",PAID,ALUMINUM,5052 ALUMINUM,974,"$1,860.34",974,"$1,860.34","$1,860.34","$1,246.96","$1,246.96",$613.38,NON_FERROUS,363,,Benton Harbor,1410 Paw Paw Ave,Benton Harbor,MI,49022
76,1328,SHIPPED,Padnos,1367,"01-08-26, 14:31:50",PAID,ALUMINUM,ZZ DO NOT USE - ALUMINUM TURNINGS,774,$417.65,774,$417.65,$417.65,$182.17,$182.17,$235.48,NON_FERROUS,363,,Benton Harbor,1410 Paw Paw Ave,Benton Harbor,MI,49022
77,1328,SHIPPED,Padnos,1367,"01-08-26, 14:31:50",PAID,STAINLESS STEEL TIER 1,17-4 STAINLESS STEEL TURNINGS,230,$25.30,230,$25.30,$25.30,$1.62,$1.62,$23.68,NON_FERROUS,363,,Benton Harbor,1410 Paw Paw Ave,Benton Harbor,MI,49022
78,1286,SHIPPED,Omni Source,1323,"01-08-26, 13:19:11",PAID,STEEL,BUSHELING,"41,480","$6,629.39","15,620","$1,691.51","$1,691.51","$4,935.61","$4,935.61","($3,244.10)",FERROUS,334,Bettchers Transportation,Omni - New Carlisle,54450 Smilax Road,New Carlisle,IN,46552
79,1283,SHIPPED,Padnos,1363,"01-08-26, 10:04:02",PAID,ALUMINUM,5052 ALUMINUM,"11,610","$13,351.50","11,610","$11,847.60","$11,847.60","$14,863.69","$14,863.69","($3,016.09)",NON_FERROUS,353,BMR Transport,Dowagiac,30750 Edwards St,Dowagiac,MI,49047
80,1283,SHIPPED,Padnos,1363,"01-08-26, 10:04:02",PAID,ALUMINUM,6061 ALUMINUM - SPC,"1,290","$1,483.50","1,290","$1,393.20","$1,393.20",$883.21,$883.21,$509.99,NON_FERROUS,353,BMR Transport,Dowagiac,30750 Edwards St,Dowagiac,MI,49047
81,1282,SHIPPED,Padnos,1320,"01-07-26, 13:12:40",PAID,STEEL,ZZ DO NOT USE STEEL TURNINGS,"61,060","$7,223.62","61,120","$6,685.00","$6,685.00","$1,823.60","$1,823.60","$4,861.40",FERROUS,343,Padnos Trucking,Holland Location,140 West 7th Street,Holland,MI,49423
82,1278,SHIPPED,Padnos,1318,"01-06-26, 14:42:41",PAID,STEEL,ZZ DO NOT USE STEEL TURNINGS,"50,700","$5,997.99","50,600","$5,534.37","$5,534.37","$1,528.79","$1,528.79","$4,005.58",FERROUS,343,Padnos Trucking,Holland Location,140 West 7th Street,Holland,MI,49423
83,1279,PAID,Padnos,1317,"01-06-26, 13:56:18",PAID,STEEL,STEEL BANDING (fe),"26,800","$3,469.64","26,800","$2,251.79","$2,251.79",$0.00,$0.00,"$2,251.79",FERROUS,342,BMR Transport - 2,Holland Location,140 West 7th Street,Holland,MI,49423
84,1276,PAID,Omni Source,1314,"01-05-26, 08:33:43",PAID,STEEL,BUSHELING,"28,880","$4,615.64","28,680","$4,967.80","$4,967.80",$0.00,$0.00,"$4,967.80",FERROUS,334,BMR Transport - 3,Omni - New Carlisle,54450 Smilax Road,New Carlisle,IN,46552
85,1271,PAID,Omni Source,1311,"01-02-26, 14:17:51",PAID,STEEL,STEEL WIRE,"37,940","$3,827.88","37,940","$4,002.67","$4,002.67",$0.00,$0.00,"$4,002.67",FERROUS,178,BMR Transport - 3,Omni - South Bend,1305 Prairie Ave,South Bend,IN,46680
